ISO-10303-21;
HEADER;
FILE_NAME('Open CASCADE Shape Model','2025-06-26T17:13:03',('Author'),(
    'Open CASCADE'),'Open CASCADE STEP processor 7.6','Open CASCADE 7.6'
  ,'Unknown');
FILE_DESCRIPTION(('Open CASCADE Model'),'2;1');
FILE_SCHEMA(('AUTOMOTIVE_DESIGN { 1 0 10303 214 1 1 1 1 }'));
ENDSEC;
DATA;
#1 = APPLICATION_PROTOCOL_DEFINITION('international standard',
  'automotive_design',2000,#2);
#2 = APPLICATION_CONTEXT(
  'core data for automotive mechanical design processes');
#3 = SHAPE_DEFINITION_REPRESENTATION(#4,#10);
#4 = PRODUCT_DEFINITION_SHAPE('','',#5);
#5 = PRODUCT_DEFINITION('design','',#6,#9);
#6 = PRODUCT_DEFINITION_FORMATION('','',#7);
#7 = PRODUCT('Open CASCADE STEP translator 7.6 1',
  'Open CASCADE STEP translator 7.6 1','',(#8));
#8 = PRODUCT_CONTEXT('',#2,'mechanical');
#9 = PRODUCT_DEFINITION_CONTEXT('part definition',#2,'design');
#10 = SHAPE_REPRESENTATION('',(#11,#15,#19,#23,#27,#31),#35);
#11 = AXIS2_PLACEMENT_3D('',#12,#13,#14);
#12 = CARTESIAN_POINT('',(0.,0.,0.));
#13 = DIRECTION('',(0.,0.,1.));
#14 = DIRECTION('',(1.,0.,-0.));
#15 = AXIS2_PLACEMENT_3D('',#16,#17,#18);
#16 = CARTESIAN_POINT('',(0.,0.,-1.96E-02));
#17 = DIRECTION('',(0.,0.,1.));
#18 = DIRECTION('',(1.,0.,-0.));
#19 = AXIS2_PLACEMENT_3D('',#20,#21,#22);
#20 = CARTESIAN_POINT('',(0.,0.,0.));
#21 = DIRECTION('',(0.,0.,1.));
#22 = DIRECTION('',(1.,0.,-0.));
#23 = AXIS2_PLACEMENT_3D('',#24,#25,#26);
#24 = CARTESIAN_POINT('',(0.,0.,0.));
#25 = DIRECTION('',(0.,0.,1.));
#26 = DIRECTION('',(1.,0.,-0.));
#27 = AXIS2_PLACEMENT_3D('',#28,#29,#30);
#28 = CARTESIAN_POINT('',(0.,0.,0.));
#29 = DIRECTION('',(0.,0.,1.));
#30 = DIRECTION('',(1.,0.,-0.));
#31 = AXIS2_PLACEMENT_3D('',#32,#33,#34);
#32 = CARTESIAN_POINT('',(0.,0.,0.));
#33 = DIRECTION('',(0.,0.,1.));
#34 = DIRECTION('',(1.,0.,-0.));
#35 = ( GEOMETRIC_REPRESENTATION_CONTEXT(3) 
GLOBAL_UNCERTAINTY_ASSIGNED_CONTEXT((#39)) GLOBAL_UNIT_ASSIGNED_CONTEXT(
(#36,#37,#38)) REPRESENTATION_CONTEXT('Context #1',
  '3D Context with UNIT and UNCERTAINTY') );
#36 = ( LENGTH_UNIT() NAMED_UNIT(*) SI_UNIT(.MILLI.,.METRE.) );
#37 = ( NAMED_UNIT(*) PLANE_ANGLE_UNIT() SI_UNIT($,.RADIAN.) );
#38 = ( NAMED_UNIT(*) SI_UNIT($,.STERADIAN.) SOLID_ANGLE_UNIT() );
#39 = UNCERTAINTY_MEASURE_WITH_UNIT(LENGTH_MEASURE(1.E-06),#36,
  'distance_accuracy_value','confusion accuracy');
#40 = PRODUCT_RELATED_PRODUCT_CATEGORY('part',$,(#7));
#41 = SHAPE_DEFINITION_REPRESENTATION(#42,#48);
#42 = PRODUCT_DEFINITION_SHAPE('','',#43);
#43 = PRODUCT_DEFINITION('design','',#44,#47);
#44 = PRODUCT_DEFINITION_FORMATION('','',#45);
#45 = PRODUCT('Open CASCADE STEP translator 7.6 1.1',
  'Open CASCADE STEP translator 7.6 1.1','',(#46));
#46 = PRODUCT_CONTEXT('',#2,'mechanical');
#47 = PRODUCT_DEFINITION_CONTEXT('part definition',#2,'design');
#48 = ADVANCED_BREP_SHAPE_REPRESENTATION('',(#11,#49),#2081);
#49 = MANIFOLD_SOLID_BREP('',#50);
#50 = CLOSED_SHELL('',(#51,#1778,#2077));
#51 = ADVANCED_FACE('',(#52),#68,.T.);
#52 = FACE_BOUND('',#53,.T.);
#53 = EDGE_LOOP('',(#54));
#54 = ORIENTED_EDGE('',*,*,#55,.T.);
#55 = EDGE_CURVE('',#56,#56,#58,.T.);
#56 = VERTEX_POINT('',#57);
#57 = CARTESIAN_POINT('',(1.836E-02,-4.432E-02,3.469446951954E-18));
#58 = SURFACE_CURVE('',#59,(#67,#83),.PCURVE_S1.);
#59 = ( BOUNDED_CURVE() B_SPLINE_CURVE(6,(#60,#61,#62,#63,#64,#65,#66),
.UNSPECIFIED.,.T.,.F.) B_SPLINE_CURVE_WITH_KNOTS((1,6,6,1),(
    -6.28318530718,0.,6.28318530718,12.566370614359),.UNSPECIFIED.) 
CURVE() GEOMETRIC_REPRESENTATION_ITEM() RATIONAL_B_SPLINE_CURVE((
    1.669078461068,1.03672962321,1.038346699848,0.853534330196,
1.038346699848,1.03672962321,1.669078461068)) REPRESENTATION_ITEM('') );
#60 = CARTESIAN_POINT('',(1.836E-02,-4.432E-02,3.469446951954E-18));
#61 = CARTESIAN_POINT('',(1.836E-02,-4.432E-02,2.990777536028E-03));
#62 = CARTESIAN_POINT('',(1.466181325701E-02,-4.432E-02,
    3.420202289842E-03));
#63 = CARTESIAN_POINT('',(1.161158954218E-02,-4.432E-02,
    6.938893903907E-18));
#64 = CARTESIAN_POINT('',(1.466181325701E-02,-4.432E-02,
    -3.420202289842E-03));
#65 = CARTESIAN_POINT('',(1.836E-02,-4.432E-02,-2.990777536028E-03));
#66 = CARTESIAN_POINT('',(1.836E-02,-4.432E-02,3.469446951954E-18));
#67 = PCURVE('',#68,#73);
#68 = PLANE('',#69);
#69 = AXIS2_PLACEMENT_3D('',#70,#71,#72);
#70 = CARTESIAN_POINT('',(1.656E-02,-4.432E-02,0.));
#71 = DIRECTION('',(0.,-1.,1.110223024625E-16));
#72 = DIRECTION('',(1.,0.,0.));
#73 = DEFINITIONAL_REPRESENTATION('',(#74),#82);
#74 = ( BOUNDED_CURVE() B_SPLINE_CURVE(6,(#75,#76,#77,#78,#79,#80,#81),
.UNSPECIFIED.,.T.,.F.) B_SPLINE_CURVE_WITH_KNOTS((1,6,6,1),(
    -6.28318530718,0.,6.28318530718,12.566370614359),.UNSPECIFIED.) 
CURVE() GEOMETRIC_REPRESENTATION_ITEM() RATIONAL_B_SPLINE_CURVE((
    1.669078461068,1.03672962321,1.038346699848,0.853534330196,
1.038346699848,1.03672962321,1.669078461068)) REPRESENTATION_ITEM('') );
#75 = CARTESIAN_POINT('',(1.8E-03,3.469446951954E-18));
#76 = CARTESIAN_POINT('',(1.8E-03,2.990777536028E-03));
#77 = CARTESIAN_POINT('',(-1.898186742987E-03,3.420202289842E-03));
#78 = CARTESIAN_POINT('',(-4.948410457815E-03,6.938893903907E-18));
#79 = CARTESIAN_POINT('',(-1.898186742987E-03,-3.420202289842E-03));
#80 = CARTESIAN_POINT('',(1.8E-03,-2.990777536028E-03));
#81 = CARTESIAN_POINT('',(1.8E-03,3.469446951954E-18));
#82 = ( GEOMETRIC_REPRESENTATION_CONTEXT(2) 
PARAMETRIC_REPRESENTATION_CONTEXT() REPRESENTATION_CONTEXT('2D SPACE',''
  ) );
#83 = PCURVE('',#84,#1772);
#84 = ( BOUNDED_SURFACE() B_SPLINE_SURFACE(6,10,(
    (#85,#86,#87,#88,#89,#90,#91,#92,#93,#94,#95,#96,#97,#98,#99,#100
      ,#101,#102,#103,#104,#105,#106,#107,#108,#109,#110,#111,#112,#113
      ,#114,#115,#116,#117,#118,#119,#120,#121,#122,#123,#124,#125,#126
      ,#127,#128,#129,#130,#131,#132,#133,#134,#135,#136,#137,#138,#139
      ,#140,#141,#142,#143,#144,#145,#146,#147,#148,#149,#150,#151,#152
      ,#153,#154,#155,#156,#157,#158,#159,#160,#161,#162,#163,#164,#165
      ,#166,#167,#168,#169,#170,#171,#172,#173,#174,#175,#176,#177,#178
      ,#179,#180,#181,#182,#183,#184,#185,#186,#187,#188,#189,#190,#191
      ,#192,#193,#194,#195,#196,#197,#198,#199,#200,#201,#202,#203,#204
      ,#205,#206,#207,#208,#209,#210,#211,#212,#213,#214,#215,#216,#217
      ,#218,#219,#220,#221,#222,#223,#224,#225,#226,#227,#228,#229,#230
      ,#231,#232,#233,#234,#235,#236,#237,#238,#239,#240,#241,#242,#243
      ,#244,#245,#246,#247,#248,#249,#250,#251,#252,#253,#254,#255,#256
      ,#257,#258,#259,#260,#261,#262,#263,#264,#265,#266,#267,#268,#269
      ,#270,#271,#272,#273,#274,#275,#276,#277,#278,#279,#280,#281,#282
      ,#283,#284,#285,#286,#287,#288,#289,#290,#291,#292,#293,#294,#295
      ,#296,#297,#298,#299,#300,#301,#302,#303,#304,#305,#306,#307,#308
      ,#309,#310,#311,#312,#313,#314,#315,#316,#317,#318,#319,#320,#321
      ,#322,#323,#324,#325)
    ,(#326,#327,#328,#329,#330,#331,#332,#333,#334,#335,#336,#337,#338
      ,#339,#340,#341,#342,#343,#344,#345,#346,#347,#348,#349,#350,#351
      ,#352,#353,#354,#355,#356,#357,#358,#359,#360,#361,#362,#363,#364
      ,#365,#366,#367,#368,#369,#370,#371,#372,#373,#374,#375,#376,#377
      ,#378,#379,#380,#381,#382,#383,#384,#385,#386,#387,#388,#389,#390
      ,#391,#392,#393,#394,#395,#396,#397,#398,#399,#400,#401,#402,#403
      ,#404,#405,#406,#407,#408,#409,#410,#411,#412,#413,#414,#415,#416
      ,#417,#418,#419,#420,#421,#422,#423,#424,#425,#426,#427,#428,#429
      ,#430,#431,#432,#433,#434,#435,#436,#437,#438,#439,#440,#441,#442
      ,#443,#444,#445,#446,#447,#448,#449,#450,#451,#452,#453,#454,#455
      ,#456,#457,#458,#459,#460,#461,#462,#463,#464,#465,#466,#467,#468
      ,#469,#470,#471,#472,#473,#474,#475,#476,#477,#478,#479,#480,#481
      ,#482,#483,#484,#485,#486,#487,#488,#489,#490,#491,#492,#493,#494
      ,#495,#496,#497,#498,#499,#500,#501,#502,#503,#504,#505,#506,#507
      ,#508,#509,#510,#511,#512,#513,#514,#515,#516,#517,#518,#519,#520
      ,#521,#522,#523,#524,#525,#526,#527,#528,#529,#530,#531,#532,#533
      ,#534,#535,#536,#537,#538,#539,#540,#541,#542,#543,#544,#545,#546
      ,#547,#548,#549,#550,#551,#552,#553,#554,#555,#556,#557,#558,#559
      ,#560,#561,#562,#563,#564,#565,#566)
    ,(#567,#568,#569,#570,#571,#572,#573,#574,#575,#576,#577,#578,#579
      ,#580,#581,#582,#583,#584,#585,#586,#587,#588,#589,#590,#591,#592
      ,#593,#594,#595,#596,#597,#598,#599,#600,#601,#602,#603,#604,#605
      ,#606,#607,#608,#609,#610,#611,#612,#613,#614,#615,#616,#617,#618
      ,#619,#620,#621,#622,#623,#624,#625,#626,#627,#628,#629,#630,#631
      ,#632,#633,#634,#635,#636,#637,#638,#639,#640,#641,#642,#643,#644
      ,#645,#646,#647,#648,#649,#650,#651,#652,#653,#654,#655,#656,#657
      ,#658,#659,#660,#661,#662,#663,#664,#665,#666,#667,#668,#669,#670
      ,#671,#672,#673,#674,#675,#676,#677,#678,#679,#680,#681,#682,#683
      ,#684,#685,#686,#687,#688,#689,#690,#691,#692,#693,#694,#695,#696
      ,#697,#698,#699,#700,#701,#702,#703,#704,#705,#706,#707,#708,#709
      ,#710,#711,#712,#713,#714,#715,#716,#717,#718,#719,#720,#721,#722
      ,#723,#724,#725,#726,#727,#728,#729,#730,#731,#732,#733,#734,#735
      ,#736,#737,#738,#739,#740,#741,#742,#743,#744,#745,#746,#747,#748
      ,#749,#750,#751,#752,#753,#754,#755,#756,#757,#758,#759,#760,#761
      ,#762,#763,#764,#765,#766,#767,#768,#769,#770,#771,#772,#773,#774
      ,#775,#776,#777,#778,#779,#780,#781,#782,#783,#784,#785,#786,#787
      ,#788,#789,#790,#791,#792,#793,#794,#795,#796,#797,#798,#799,#800
      ,#801,#802,#803,#804,#805,#806,#807)
    ,(#808,#809,#810,#811,#812,#813,#814,#815,#816,#817,#818,#819,#820
      ,#821,#822,#823,#824,#825,#826,#827,#828,#829,#830,#831,#832,#833
      ,#834,#835,#836,#837,#838,#839,#840,#841,#842,#843,#844,#845,#846
      ,#847,#848,#849,#850,#851,#852,#853,#854,#855,#856,#857,#858,#859
      ,#860,#861,#862,#863,#864,#865,#866,#867,#868,#869,#870,#871,#872
      ,#873,#874,#875,#876,#877,#878,#879,#880,#881,#882,#883,#884,#885
      ,#886,#887,#888,#889,#890,#891,#892,#893,#894,#895,#896,#897,#898
      ,#899,#900,#901,#902,#903,#904,#905,#906,#907,#908,#909,#910,#911
      ,#912,#913,#914,#915,#916,#917,#918,#919,#920,#921,#922,#923,#924
      ,#925,#926,#927,#928,#929,#930,#931,#932,#933,#934,#935,#936,#937
      ,#938,#939,#940,#941,#942,#943,#944,#945,#946,#947,#948,#949,#950
      ,#951,#952,#953,#954,#955,#956,#957,#958,#959,#960,#961,#962,#963
      ,#964,#965,#966,#967,#968,#969,#970,#971,#972,#973,#974,#975,#976
      ,#977,#978,#979,#980,#981,#982,#983,#984,#985,#986,#987,#988,#989
      ,#990,#991,#992,#993,#994,#995,#996,#997,#998,#999,#1000,#1001
      ,#1002,#1003,#1004,#1005,#1006,#1007,#1008,#1009,#1010,#1011,#1012
      ,#1013,#1014,#1015,#1016,#1017,#1018,#1019,#1020,#1021,#1022,#1023
      ,#1024,#1025,#1026,#1027,#1028,#1029,#1030,#1031,#1032,#1033,#1034
      ,#1035,#1036,#1037,#1038,#1039,#1040,#1041,#1042,#1043,#1044,#1045
      ,#1046,#1047,#1048)
    ,(#1049,#1050,#1051,#1052,#1053,#1054,#1055,#1056,#1057,#1058,#1059
      ,#1060,#1061,#1062,#1063,#1064,#1065,#1066,#1067,#1068,#1069,#1070
      ,#1071,#1072,#1073,#1074,#1075,#1076,#1077,#1078,#1079,#1080,#1081
      ,#1082,#1083,#1084,#1085,#1086,#1087,#1088,#1089,#1090,#1091,#1092
      ,#1093,#1094,#1095,#1096,#1097,#1098,#1099,#1100,#1101,#1102,#1103
      ,#1104,#1105,#1106,#1107,#1108,#1109,#1110,#1111,#1112,#1113,#1114
      ,#1115,#1116,#1117,#1118,#1119,#1120,#1121,#1122,#1123,#1124,#1125
      ,#1126,#1127,#1128,#1129,#1130,#1131,#1132,#1133,#1134,#1135,#1136
      ,#1137,#1138,#1139,#1140,#1141,#1142,#1143,#1144,#1145,#1146,#1147
      ,#1148,#1149,#1150,#1151,#1152,#1153,#1154,#1155,#1156,#1157,#1158
      ,#1159,#1160,#1161,#1162,#1163,#1164,#1165,#1166,#1167,#1168,#1169
      ,#1170,#1171,#1172,#1173,#1174,#1175,#1176,#1177,#1178,#1179,#1180
      ,#1181,#1182,#1183,#1184,#1185,#1186,#1187,#1188,#1189,#1190,#1191
      ,#1192,#1193,#1194,#1195,#1196,#1197,#1198,#1199,#1200,#1201,#1202
      ,#1203,#1204,#1205,#1206,#1207,#1208,#1209,#1210,#1211,#1212,#1213
      ,#1214,#1215,#1216,#1217,#1218,#1219,#1220,#1221,#1222,#1223,#1224
      ,#1225,#1226,#1227,#1228,#1229,#1230,#1231,#1232,#1233,#1234,#1235
      ,#1236,#1237,#1238,#1239,#1240,#1241,#1242,#1243,#1244,#1245,#1246
      ,#1247,#1248,#1249,#1250,#1251,#1252,#1253,#1254,#1255,#1256,#1257
      ,#1258,#1259,#1260,#1261,#1262,#1263,#1264,#1265,#1266,#1267,#1268
      ,#1269,#1270,#1271,#1272,#1273,#1274,#1275,#1276,#1277,#1278,#1279
      ,#1280,#1281,#1282,#1283,#1284,#1285,#1286,#1287,#1288,#1289)
    ,(#1290,#1291,#1292,#1293,#1294,#1295,#1296,#1297,#1298,#1299,#1300
      ,#1301,#1302,#1303,#1304,#1305,#1306,#1307,#1308,#1309,#1310,#1311
      ,#1312,#1313,#1314,#1315,#1316,#1317,#1318,#1319,#1320,#1321,#1322
      ,#1323,#1324,#1325,#1326,#1327,#1328,#1329,#1330,#1331,#1332,#1333
      ,#1334,#1335,#1336,#1337,#1338,#1339,#1340,#1341,#1342,#1343,#1344
      ,#1345,#1346,#1347,#1348,#1349,#1350,#1351,#1352,#1353,#1354,#1355
      ,#1356,#1357,#1358,#1359,#1360,#1361,#1362,#1363,#1364,#1365,#1366
      ,#1367,#1368,#1369,#1370,#1371,#1372,#1373,#1374,#1375,#1376,#1377
      ,#1378,#1379,#1380,#1381,#1382,#1383,#1384,#1385,#1386,#1387,#1388
      ,#1389,#1390,#1391,#1392,#1393,#1394,#1395,#1396,#1397,#1398,#1399
      ,#1400,#1401,#1402,#1403,#1404,#1405,#1406,#1407,#1408,#1409,#1410
      ,#1411,#1412,#1413,#1414,#1415,#1416,#1417,#1418,#1419,#1420,#1421
      ,#1422,#1423,#1424,#1425,#1426,#1427,#1428,#1429,#1430,#1431,#1432
      ,#1433,#1434,#1435,#1436,#1437,#1438,#1439,#1440,#1441,#1442,#1443
      ,#1444,#1445,#1446,#1447,#1448,#1449,#1450,#1451,#1452,#1453,#1454
      ,#1455,#1456,#1457,#1458,#1459,#1460,#1461,#1462,#1463,#1464,#1465
      ,#1466,#1467,#1468,#1469,#1470,#1471,#1472,#1473,#1474,#1475,#1476
      ,#1477,#1478,#1479,#1480,#1481,#1482,#1483,#1484,#1485,#1486,#1487
      ,#1488,#1489,#1490,#1491,#1492,#1493,#1494,#1495,#1496,#1497,#1498
      ,#1499,#1500,#1501,#1502,#1503,#1504,#1505,#1506,#1507,#1508,#1509
      ,#1510,#1511,#1512,#1513,#1514,#1515,#1516,#1517,#1518,#1519,#1520
      ,#1521,#1522,#1523,#1524,#1525,#1526,#1527,#1528,#1529,#1530)
    ,(#1531,#1532,#1533,#1534,#1535,#1536,#1537,#1538,#1539,#1540,#1541
      ,#1542,#1543,#1544,#1545,#1546,#1547,#1548,#1549,#1550,#1551,#1552
      ,#1553,#1554,#1555,#1556,#1557,#1558,#1559,#1560,#1561,#1562,#1563
      ,#1564,#1565,#1566,#1567,#1568,#1569,#1570,#1571,#1572,#1573,#1574
      ,#1575,#1576,#1577,#1578,#1579,#1580,#1581,#1582,#1583,#1584,#1585
      ,#1586,#1587,#1588,#1589,#1590,#1591,#1592,#1593,#1594,#1595,#1596
      ,#1597,#1598,#1599,#1600,#1601,#1602,#1603,#1604,#1605,#1606,#1607
      ,#1608,#1609,#1610,#1611,#1612,#1613,#1614,#1615,#1616,#1617,#1618
      ,#1619,#1620,#1621,#1622,#1623,#1624,#1625,#1626,#1627,#1628,#1629
      ,#1630,#1631,#1632,#1633,#1634,#1635,#1636,#1637,#1638,#1639,#1640
      ,#1641,#1642,#1643,#1644,#1645,#1646,#1647,#1648,#1649,#1650,#1651
      ,#1652,#1653,#1654,#1655,#1656,#1657,#1658,#1659,#1660,#1661,#1662
      ,#1663,#1664,#1665,#1666,#1667,#1668,#1669,#1670,#1671,#1672,#1673
      ,#1674,#1675,#1676,#1677,#1678,#1679,#1680,#1681,#1682,#1683,#1684
      ,#1685,#1686,#1687,#1688,#1689,#1690,#1691,#1692,#1693,#1694,#1695
      ,#1696,#1697,#1698,#1699,#1700,#1701,#1702,#1703,#1704,#1705,#1706
      ,#1707,#1708,#1709,#1710,#1711,#1712,#1713,#1714,#1715,#1716,#1717
      ,#1718,#1719,#1720,#1721,#1722,#1723,#1724,#1725,#1726,#1727,#1728
      ,#1729,#1730,#1731,#1732,#1733,#1734,#1735,#1736,#1737,#1738,#1739
      ,#1740,#1741,#1742,#1743,#1744,#1745,#1746,#1747,#1748,#1749,#1750
      ,#1751,#1752,#1753,#1754,#1755,#1756,#1757,#1758,#1759,#1760,#1761
      ,#1762,#1763,#1764,#1765,#1766,#1767,#1768,#1769,#1770,#1771
)),.UNSPECIFIED.,.T.,.F.,.F.) B_SPLINE_SURFACE_WITH_KNOTS((1,6,6,1),(11,
    10,10,10,10,10,10,10,10,10,10,10,10,10,10,10,10,10,10,10,10,10,10,10
    ,11),(-6.28318530718,0.,6.28318530718,12.566370614359),(0.,3.,6.,13.
    ,27.,40.,54.,67.,81.,94.,101.,104.,108.,111.,114.,121.,135.,148.,
    162.,175.,189.,203.,210.,213.,217.),.UNSPECIFIED.) 
GEOMETRIC_REPRESENTATION_ITEM() RATIONAL_B_SPLINE_SURFACE((
    (1.669078461068,1.669078461068,1.669078461068,1.669078461068
      ,1.669078461069,1.669078461068,1.669078461069,1.669078461068
      ,1.669078461068,1.669078461068,1.669078461068,1.669078461068
      ,1.669078461069,1.669078461067,1.669078461069,1.669078461067
      ,1.669078461069,1.669078461068,1.669078461068,1.669078461068
      ,1.669078461068,1.669078461068,1.669078461069,1.669078461068
      ,1.669078461069,1.669078461067,1.669078461069,1.669078461068
      ,1.669078461068,1.669078461068,1.669078461068,1.669078461068
      ,1.669078461069,1.669078461068,1.669078461069,1.669078461067
      ,1.669078461069,1.669078461068,1.669078461068,1.669078461068
      ,1.669078461068,1.669078461068,1.669078461068,1.669078461068
      ,1.669078461068,1.669078461068,1.669078461068,1.669078461068
      ,1.669078461068,1.669078461068,1.669078461068,1.669078461068
      ,1.669078461068,1.669078461068,1.669078461069,1.669078461068
      ,1.669078461069,1.669078461068,1.669078461068,1.669078461068
      ,1.669078461068,1.669078461068,1.669078461068,1.669078461068
      ,1.669078461068,1.669078461068,1.669078461068,1.669078461068
      ,1.669078461068,1.669078461068,1.669078461068,1.669078461068
      ,1.669078461068,1.669078461069,1.669078461067,1.66907846107
      ,1.669078461067,1.669078461069,1.669078461068,1.669078461068
      ,1.669078461068,1.669078461068,1.669078461068,1.669078461069
      ,1.669078461068,1.669078461069,1.669078461068,1.669078461069
      ,1.669078461068,1.669078461068,1.669078461068,1.669078461068
      ,1.669078461069,1.669078461067,1.66907846107,1.669078461067
      ,1.669078461069,1.669078461068,1.669078461068,1.669078461068
      ,1.669078461068,1.669078461068,1.669078461069,1.669078461067
      ,1.66907846107,1.669078461067,1.669078461069,1.669078461068
      ,1.669078461068,1.669078461068,1.669078461068,1.669078461068
      ,1.669078461068,1.669078461068,1.669078461069,1.669078461068
      ,1.669078461068,1.669078461068,1.669078461068,1.669078461068
      ,1.669078461068,1.669078461068,1.669078461069,1.669078461067
      ,1.66907846107,1.669078461067,1.669078461069,1.669078461068
      ,1.669078461068,1.669078461068,1.669078461068,1.669078461068
      ,1.669078461069,1.669078461067,1.66907846107,1.669078461067
      ,1.669078461069,1.669078461068,1.669078461068,1.669078461068
      ,1.669078461068,1.669078461068,1.669078461069,1.669078461067
      ,1.66907846107,1.669078461067,1.669078461069,1.669078461068
      ,1.669078461068,1.669078461068,1.669078461068,1.669078461068
      ,1.669078461068,1.669078461069,1.669078461067,1.66907846107
      ,1.669078461067,1.669078461069,1.669078461068,1.669078461068
      ,1.669078461068,1.669078461068,1.669078461068,1.669078461069
      ,1.669078461067,1.669078461069,1.669078461067,1.669078461069
      ,1.669078461068,1.669078461068,1.669078461068,1.669078461068
      ,1.669078461069,1.669078461067,1.66907846107,1.669078461067
      ,1.669078461069,1.669078461068,1.669078461068,1.669078461068
      ,1.669078461068,1.669078461068,1.669078461068,1.669078461069
      ,1.669078461067,1.66907846107,1.669078461067,1.669078461069
      ,1.669078461068,1.669078461068,1.669078461068,1.669078461068
      ,1.669078461069,1.669078461067,1.66907846107,1.669078461067
      ,1.669078461069,1.669078461068,1.669078461068,1.669078461068
      ,1.669078461068,1.669078461068,1.669078461069,1.669078461067
      ,1.66907846107,1.669078461067,1.669078461069,1.669078461068
      ,1.669078461068,1.669078461068,1.669078461068,1.669078461068
      ,1.669078461068,1.669078461068,1.669078461069,1.669078461068
      ,1.669078461069,1.669078461068,1.669078461068,1.669078461068
      ,1.669078461068,1.669078461068,1.669078461068,1.669078461068
      ,1.669078461069,1.669078461068,1.669078461068,1.669078461068
      ,1.669078461068,1.669078461068,1.669078461068,1.669078461068
      ,1.669078461068,1.669078461068,1.669078461068,1.669078461068
      ,1.669078461068,1.669078461068,1.669078461068,1.669078461068
      ,1.669078461068)
    ,(1.03672962321,1.03672962321,1.03672962321,1.036729623209
      ,1.03672962321,1.036729623209,1.03672962321,1.036729623209
      ,1.03672962321,1.03672962321,1.03672962321,1.03672962321
      ,1.03672962321,1.036729623209,1.03672962321,1.036729623209
      ,1.03672962321,1.036729623209,1.03672962321,1.03672962321
      ,1.03672962321,1.03672962321,1.03672962321,1.036729623209
      ,1.03672962321,1.036729623209,1.03672962321,1.036729623209
      ,1.03672962321,1.03672962321,1.03672962321,1.03672962321
      ,1.03672962321,1.036729623209,1.03672962321,1.036729623209
      ,1.03672962321,1.036729623209,1.03672962321,1.03672962321
      ,1.03672962321,1.03672962321,1.03672962321,1.036729623209
      ,1.03672962321,1.036729623209,1.03672962321,1.036729623209
      ,1.03672962321,1.03672962321,1.03672962321,1.03672962321
      ,1.03672962321,1.036729623209,1.03672962321,1.036729623209
      ,1.03672962321,1.036729623209,1.03672962321,1.03672962321
      ,1.03672962321,1.03672962321,1.03672962321,1.03672962321
      ,1.036729623209,1.03672962321,1.036729623209,1.03672962321
      ,1.03672962321,1.03672962321,1.03672962321,1.03672962321
      ,1.036729623209,1.03672962321,1.036729623209,1.036729623211
      ,1.036729623209,1.03672962321,1.036729623209,1.03672962321
      ,1.03672962321,1.03672962321,1.03672962321,1.03672962321
      ,1.036729623209,1.03672962321,1.03672962321,1.03672962321
      ,1.03672962321,1.03672962321,1.03672962321,1.03672962321
      ,1.03672962321,1.036729623209,1.03672962321,1.036729623209
      ,1.03672962321,1.036729623209,1.03672962321,1.03672962321
      ,1.03672962321,1.03672962321,1.03672962321,1.036729623209
      ,1.03672962321,1.036729623209,1.03672962321,1.036729623209
      ,1.03672962321,1.03672962321,1.03672962321,1.03672962321
      ,1.03672962321,1.03672962321,1.03672962321,1.036729623209
      ,1.03672962321,1.03672962321,1.03672962321,1.03672962321
      ,1.03672962321,1.03672962321,1.03672962321,1.036729623209
      ,1.03672962321,1.036729623209,1.03672962321,1.036729623209
      ,1.03672962321,1.03672962321,1.03672962321,1.03672962321
      ,1.03672962321,1.036729623209,1.03672962321,1.036729623209
      ,1.03672962321,1.036729623209,1.03672962321,1.03672962321
      ,1.03672962321,1.03672962321,1.03672962321,1.036729623209
      ,1.03672962321,1.036729623209,1.03672962321,1.036729623209
      ,1.03672962321,1.03672962321,1.03672962321,1.03672962321
      ,1.036729623209,1.03672962321,1.036729623209,1.03672962321
      ,1.036729623209,1.03672962321,1.036729623209,1.03672962321
      ,1.03672962321,1.03672962321,1.036729623209,1.03672962321
      ,1.036729623209,1.03672962321,1.036729623209,1.03672962321
      ,1.036729623209,1.03672962321,1.03672962321,1.03672962321
      ,1.03672962321,1.036729623209,1.03672962321,1.036729623209
      ,1.03672962321,1.036729623209,1.03672962321,1.03672962321
      ,1.03672962321,1.03672962321,1.036729623209,1.03672962321
      ,1.036729623209,1.03672962321,1.036729623209,1.03672962321
      ,1.036729623209,1.03672962321,1.03672962321,1.03672962321
      ,1.03672962321,1.036729623209,1.03672962321,1.036729623209
      ,1.03672962321,1.036729623209,1.03672962321,1.03672962321
      ,1.03672962321,1.03672962321,1.03672962321,1.036729623209
      ,1.03672962321,1.036729623209,1.03672962321,1.036729623209
      ,1.03672962321,1.03672962321,1.03672962321,1.03672962321
      ,1.03672962321,1.036729623209,1.03672962321,1.036729623209
      ,1.03672962321,1.036729623209,1.03672962321,1.03672962321
      ,1.03672962321,1.03672962321,1.03672962321,1.036729623209
      ,1.03672962321,1.036729623209,1.03672962321,1.036729623209
      ,1.03672962321,1.03672962321,1.03672962321,1.03672962321
      ,1.03672962321,1.03672962321,1.03672962321,1.03672962321
      ,1.03672962321,1.03672962321,1.03672962321,1.03672962321
      ,1.03672962321)
    ,(1.038346699848,1.038346699847,1.038346699848,1.038346699847
      ,1.038346699848,1.038346699847,1.038346699848,1.038346699847
      ,1.038346699848,1.038346699847,1.038346699848,1.038346699847
      ,1.038346699848,1.038346699847,1.038346699848,1.038346699847
      ,1.038346699848,1.038346699847,1.038346699848,1.038346699847
      ,1.038346699848,1.038346699847,1.038346699848,1.038346699847
      ,1.038346699848,1.038346699847,1.038346699848,1.038346699847
      ,1.038346699848,1.038346699847,1.038346699848,1.038346699847
      ,1.038346699848,1.038346699847,1.038346699848,1.038346699847
      ,1.038346699848,1.038346699847,1.038346699848,1.038346699847
      ,1.038346699848,1.038346699847,1.038346699848,1.038346699847
      ,1.038346699848,1.038346699847,1.038346699848,1.038346699847
      ,1.038346699848,1.038346699848,1.038346699848,1.038346699847
      ,1.038346699848,1.038346699847,1.038346699848,1.038346699847
      ,1.038346699848,1.038346699847,1.038346699848,1.038346699848
      ,1.038346699848,1.038346699848,1.038346699847,1.038346699848
      ,1.038346699847,1.038346699848,1.038346699847,1.038346699848
      ,1.038346699847,1.038346699848,1.038346699848,1.038346699848
      ,1.038346699847,1.038346699848,1.038346699846,1.038346699849
      ,1.038346699847,1.038346699848,1.038346699847,1.038346699848
      ,1.038346699848,1.038346699848,1.038346699847,1.038346699848
      ,1.038346699847,1.038346699848,1.038346699847,1.038346699848
      ,1.038346699847,1.038346699848,1.038346699848,1.038346699847
      ,1.038346699848,1.038346699847,1.038346699848,1.038346699847
      ,1.038346699848,1.038346699847,1.038346699848,1.038346699847
      ,1.038346699848,1.038346699847,1.038346699848,1.038346699847
      ,1.038346699848,1.038346699847,1.038346699848,1.038346699847
      ,1.038346699848,1.038346699847,1.038346699848,1.038346699847
      ,1.038346699848,1.038346699847,1.038346699848,1.038346699848
      ,1.038346699847,1.038346699848,1.038346699847,1.038346699848
      ,1.038346699848,1.038346699847,1.038346699848,1.038346699847
      ,1.038346699848,1.038346699847,1.038346699848,1.038346699847
      ,1.038346699848,1.038346699847,1.038346699848,1.038346699847
      ,1.038346699848,1.038346699847,1.038346699848,1.038346699847
      ,1.038346699848,1.038346699847,1.038346699848,1.038346699847
      ,1.038346699848,1.038346699847,1.038346699848,1.038346699847
      ,1.038346699848,1.038346699847,1.038346699848,1.038346699847
      ,1.038346699848,1.038346699847,1.038346699848,1.038346699848
      ,1.038346699847,1.038346699848,1.038346699847,1.038346699848
      ,1.038346699847,1.038346699848,1.038346699847,1.038346699848
      ,1.038346699848,1.038346699848,1.038346699847,1.038346699848
      ,1.038346699846,1.038346699849,1.038346699847,1.038346699848
      ,1.038346699847,1.038346699848,1.038346699848,1.038346699847
      ,1.038346699848,1.038346699847,1.038346699848,1.038346699847
      ,1.038346699848,1.038346699847,1.038346699848,1.038346699847
      ,1.038346699848,1.038346699848,1.038346699847,1.038346699848
      ,1.038346699846,1.038346699849,1.038346699847,1.038346699848
      ,1.038346699847,1.038346699848,1.038346699848,1.038346699847
      ,1.038346699848,1.038346699847,1.038346699848,1.038346699847
      ,1.038346699848,1.038346699847,1.038346699848,1.038346699847
      ,1.038346699848,1.038346699847,1.038346699848,1.038346699847
      ,1.038346699848,1.038346699847,1.038346699848,1.038346699847
      ,1.038346699848,1.038346699847,1.038346699848,1.038346699847
      ,1.038346699848,1.038346699847,1.038346699848,1.038346699847
      ,1.038346699848,1.038346699847,1.038346699848,1.038346699847
      ,1.038346699848,1.038346699847,1.038346699848,1.038346699847
      ,1.038346699848,1.038346699847,1.038346699848,1.038346699847
      ,1.038346699848,1.038346699847,1.038346699848,1.038346699848
      ,1.038346699848,1.038346699848,1.038346699847,1.038346699848
      ,1.038346699847,1.038346699848,1.038346699847,1.038346699848
      ,1.038346699848)
    ,(0.853534330196,0.853534330196,0.853534330196,0.853534330196
      ,0.853534330196,0.853534330196,0.853534330196,0.853534330196
      ,0.853534330196,0.853534330196,0.853534330196,0.853534330196
      ,0.853534330196,0.853534330196,0.853534330197,0.853534330195
      ,0.853534330197,0.853534330196,0.853534330196,0.853534330196
      ,0.853534330196,0.853534330196,0.853534330196,0.853534330196
      ,0.853534330197,0.853534330196,0.853534330196,0.853534330196
      ,0.853534330196,0.853534330196,0.853534330196,0.853534330196
      ,0.853534330196,0.853534330196,0.853534330197,0.853534330196
      ,0.853534330196,0.853534330196,0.853534330196,0.853534330196
      ,0.853534330196,0.853534330196,0.853534330196,0.853534330196
      ,0.853534330196,0.853534330196,0.853534330196,0.853534330196
      ,0.853534330196,0.853534330196,0.853534330196,0.853534330196
      ,0.853534330196,0.853534330196,0.853534330196,0.853534330196
      ,0.853534330196,0.853534330196,0.853534330196,0.853534330196
      ,0.853534330196,0.853534330196,0.853534330196,0.853534330196
      ,0.853534330196,0.853534330196,0.853534330196,0.853534330196
      ,0.853534330196,0.853534330196,0.853534330196,0.853534330196
      ,0.853534330196,0.853534330197,0.853534330195,0.853534330197
      ,0.853534330196,0.853534330196,0.853534330196,0.853534330196
      ,0.853534330196,0.853534330196,0.853534330196,0.853534330196
      ,0.853534330196,0.853534330196,0.853534330196,0.853534330196
      ,0.853534330196,0.853534330196,0.853534330196,0.853534330196
      ,0.853534330196,0.853534330196,0.853534330197,0.853534330196
      ,0.853534330197,0.853534330196,0.853534330196,0.853534330196
      ,0.853534330196,0.853534330196,0.853534330196,0.853534330196
      ,0.853534330197,0.853534330196,0.853534330196,0.853534330196
      ,0.853534330196,0.853534330196,0.853534330196,0.853534330196
      ,0.853534330196,0.853534330196,0.853534330196,0.853534330196
      ,0.853534330196,0.853534330196,0.853534330196,0.853534330196
      ,0.853534330196,0.853534330196,0.853534330196,0.853534330196
      ,0.853534330197,0.853534330196,0.853534330196,0.853534330196
      ,0.853534330196,0.853534330196,0.853534330196,0.853534330196
      ,0.853534330196,0.853534330196,0.853534330197,0.853534330196
      ,0.853534330196,0.853534330196,0.853534330196,0.853534330196
      ,0.853534330196,0.853534330196,0.853534330196,0.853534330196
      ,0.853534330197,0.853534330196,0.853534330197,0.853534330196
      ,0.853534330196,0.853534330196,0.853534330196,0.853534330196
      ,0.853534330196,0.853534330197,0.853534330196,0.853534330197
      ,0.853534330196,0.853534330196,0.853534330196,0.853534330196
      ,0.853534330196,0.853534330196,0.853534330196,0.853534330197
      ,0.853534330195,0.853534330197,0.853534330196,0.853534330197
      ,0.853534330196,0.853534330196,0.853534330196,0.853534330196
      ,0.853534330196,0.853534330196,0.853534330197,0.853534330196
      ,0.853534330197,0.853534330196,0.853534330196,0.853534330196
      ,0.853534330196,0.853534330196,0.853534330196,0.853534330197
      ,0.853534330195,0.853534330197,0.853534330196,0.853534330197
      ,0.853534330196,0.853534330196,0.853534330196,0.853534330196
      ,0.853534330196,0.853534330196,0.853534330197,0.853534330196
      ,0.853534330197,0.853534330196,0.853534330196,0.853534330196
      ,0.853534330196,0.853534330196,0.853534330196,0.853534330196
      ,0.853534330197,0.853534330196,0.853534330197,0.853534330196
      ,0.853534330196,0.853534330196,0.853534330196,0.853534330196
      ,0.853534330196,0.853534330196,0.853534330196,0.853534330196
      ,0.853534330196,0.853534330196,0.853534330196,0.853534330196
      ,0.853534330196,0.853534330196,0.853534330196,0.853534330196
      ,0.853534330196,0.853534330196,0.853534330196,0.853534330196
      ,0.853534330196,0.853534330196,0.853534330196,0.853534330196
      ,0.853534330196,0.853534330196,0.853534330196,0.853534330196
      ,0.853534330196,0.853534330196,0.853534330196,0.853534330196
      ,0.853534330196)
    ,(1.038346699848,1.038346699847,1.038346699848,1.038346699847
      ,1.038346699848,1.038346699847,1.038346699848,1.038346699847
      ,1.038346699848,1.038346699847,1.038346699848,1.038346699847
      ,1.038346699848,1.038346699847,1.038346699848,1.038346699847
      ,1.038346699848,1.038346699847,1.038346699848,1.038346699847
      ,1.038346699848,1.038346699847,1.038346699848,1.038346699847
      ,1.038346699848,1.038346699847,1.038346699848,1.038346699847
      ,1.038346699848,1.038346699847,1.038346699848,1.038346699847
      ,1.038346699848,1.038346699847,1.038346699848,1.038346699847
      ,1.038346699848,1.038346699847,1.038346699848,1.038346699847
      ,1.038346699848,1.038346699847,1.038346699848,1.038346699847
      ,1.038346699848,1.038346699847,1.038346699848,1.038346699847
      ,1.038346699848,1.038346699848,1.038346699848,1.038346699847
      ,1.038346699848,1.038346699847,1.038346699848,1.038346699847
      ,1.038346699848,1.038346699847,1.038346699848,1.038346699847
      ,1.038346699848,1.038346699848,1.038346699847,1.038346699848
      ,1.038346699847,1.038346699848,1.038346699847,1.038346699848
      ,1.038346699847,1.038346699848,1.038346699848,1.038346699848
      ,1.038346699847,1.038346699848,1.038346699847,1.038346699848
      ,1.038346699847,1.038346699848,1.038346699847,1.038346699848
      ,1.038346699848,1.038346699848,1.038346699847,1.038346699848
      ,1.038346699847,1.038346699848,1.038346699847,1.038346699848
      ,1.038346699847,1.038346699848,1.038346699848,1.038346699847
      ,1.038346699848,1.038346699847,1.038346699848,1.038346699847
      ,1.038346699848,1.038346699847,1.038346699848,1.038346699847
      ,1.038346699848,1.038346699847,1.038346699848,1.038346699847
      ,1.038346699848,1.038346699847,1.038346699848,1.038346699847
      ,1.038346699848,1.038346699847,1.038346699848,1.038346699847
      ,1.038346699848,1.038346699847,1.038346699848,1.038346699847
      ,1.038346699848,1.038346699848,1.038346699847,1.038346699848
      ,1.038346699848,1.038346699847,1.038346699848,1.038346699847
      ,1.038346699848,1.038346699847,1.038346699848,1.038346699847
      ,1.038346699848,1.038346699847,1.038346699848,1.038346699847
      ,1.038346699848,1.038346699847,1.038346699848,1.038346699847
      ,1.038346699848,1.038346699847,1.038346699848,1.038346699847
      ,1.038346699848,1.038346699847,1.038346699848,1.038346699847
      ,1.038346699848,1.038346699847,1.038346699848,1.038346699847
      ,1.038346699848,1.038346699847,1.038346699848,1.038346699848
      ,1.038346699847,1.038346699848,1.038346699847,1.038346699848
      ,1.038346699847,1.038346699848,1.038346699847,1.038346699848
      ,1.038346699848,1.038346699848,1.038346699847,1.038346699848
      ,1.038346699847,1.038346699849,1.038346699847,1.038346699848
      ,1.038346699847,1.038346699848,1.038346699848,1.038346699847
      ,1.038346699848,1.038346699847,1.038346699848,1.038346699847
      ,1.038346699848,1.038346699847,1.038346699848,1.038346699847
      ,1.038346699848,1.038346699848,1.038346699847,1.038346699848
      ,1.038346699847,1.038346699849,1.038346699847,1.038346699848
      ,1.038346699847,1.038346699848,1.038346699848,1.038346699847
      ,1.038346699848,1.038346699847,1.038346699848,1.038346699847
      ,1.038346699848,1.038346699847,1.038346699848,1.038346699847
      ,1.038346699848,1.038346699847,1.038346699848,1.038346699847
      ,1.038346699848,1.038346699847,1.038346699848,1.038346699847
      ,1.038346699848,1.038346699847,1.038346699848,1.038346699847
      ,1.038346699848,1.038346699847,1.038346699848,1.038346699847
      ,1.038346699848,1.038346699847,1.038346699848,1.038346699847
      ,1.038346699848,1.038346699847,1.038346699848,1.038346699847
      ,1.038346699848,1.038346699847,1.038346699848,1.038346699847
      ,1.038346699848,1.038346699847,1.038346699848,1.038346699847
      ,1.038346699848,1.038346699847,1.038346699848,1.038346699847
      ,1.038346699848,1.038346699847,1.038346699848,1.038346699847
      ,1.038346699848)
    ,(1.03672962321,1.03672962321,1.03672962321,1.036729623209
      ,1.03672962321,1.036729623209,1.03672962321,1.036729623209
      ,1.03672962321,1.03672962321,1.03672962321,1.03672962321
      ,1.03672962321,1.036729623209,1.03672962321,1.036729623209
      ,1.03672962321,1.036729623209,1.03672962321,1.03672962321
      ,1.03672962321,1.03672962321,1.03672962321,1.036729623209
      ,1.03672962321,1.036729623209,1.03672962321,1.036729623209
      ,1.03672962321,1.03672962321,1.03672962321,1.03672962321
      ,1.03672962321,1.036729623209,1.03672962321,1.036729623209
      ,1.03672962321,1.036729623209,1.03672962321,1.03672962321
      ,1.03672962321,1.03672962321,1.03672962321,1.036729623209
      ,1.03672962321,1.036729623209,1.03672962321,1.03672962321
      ,1.03672962321,1.03672962321,1.03672962321,1.03672962321
      ,1.03672962321,1.036729623209,1.03672962321,1.036729623209
      ,1.03672962321,1.036729623209,1.03672962321,1.03672962321
      ,1.03672962321,1.03672962321,1.03672962321,1.03672962321
      ,1.03672962321,1.03672962321,1.03672962321,1.03672962321
      ,1.03672962321,1.03672962321,1.03672962321,1.03672962321
      ,1.036729623209,1.03672962321,1.036729623209,1.036729623211
      ,1.036729623209,1.03672962321,1.036729623209,1.03672962321
      ,1.03672962321,1.03672962321,1.036729623209,1.03672962321
      ,1.036729623209,1.03672962321,1.036729623209,1.03672962321
      ,1.03672962321,1.03672962321,1.03672962321,1.03672962321
      ,1.03672962321,1.036729623209,1.03672962321,1.036729623209
      ,1.03672962321,1.036729623209,1.03672962321,1.03672962321
      ,1.03672962321,1.03672962321,1.03672962321,1.036729623209
      ,1.03672962321,1.036729623209,1.03672962321,1.036729623209
      ,1.03672962321,1.03672962321,1.03672962321,1.03672962321
      ,1.03672962321,1.03672962321,1.03672962321,1.03672962321
      ,1.03672962321,1.03672962321,1.03672962321,1.03672962321
      ,1.03672962321,1.03672962321,1.03672962321,1.036729623209
      ,1.03672962321,1.036729623209,1.03672962321,1.036729623209
      ,1.03672962321,1.03672962321,1.03672962321,1.03672962321
      ,1.03672962321,1.036729623209,1.03672962321,1.036729623209
      ,1.03672962321,1.036729623209,1.03672962321,1.03672962321
      ,1.03672962321,1.03672962321,1.03672962321,1.036729623209
      ,1.03672962321,1.036729623209,1.03672962321,1.036729623209
      ,1.03672962321,1.03672962321,1.03672962321,1.03672962321
      ,1.036729623209,1.03672962321,1.036729623209,1.03672962321
      ,1.036729623209,1.03672962321,1.036729623209,1.03672962321
      ,1.03672962321,1.03672962321,1.036729623209,1.03672962321
      ,1.036729623209,1.036729623211,1.036729623209,1.03672962321
      ,1.036729623209,1.03672962321,1.03672962321,1.03672962321
      ,1.03672962321,1.036729623209,1.03672962321,1.036729623209
      ,1.03672962321,1.036729623209,1.03672962321,1.03672962321
      ,1.03672962321,1.03672962321,1.036729623209,1.03672962321
      ,1.036729623209,1.03672962321,1.036729623209,1.03672962321
      ,1.036729623209,1.03672962321,1.03672962321,1.03672962321
      ,1.03672962321,1.036729623209,1.03672962321,1.036729623209
      ,1.03672962321,1.036729623209,1.03672962321,1.03672962321
      ,1.03672962321,1.03672962321,1.03672962321,1.036729623209
      ,1.03672962321,1.036729623209,1.03672962321,1.036729623209
      ,1.03672962321,1.03672962321,1.03672962321,1.03672962321
      ,1.03672962321,1.036729623209,1.03672962321,1.036729623209
      ,1.03672962321,1.036729623209,1.03672962321,1.03672962321
      ,1.03672962321,1.03672962321,1.03672962321,1.036729623209
      ,1.03672962321,1.03672962321,1.03672962321,1.03672962321
      ,1.03672962321,1.03672962321,1.03672962321,1.03672962321
      ,1.03672962321,1.03672962321,1.03672962321,1.03672962321
      ,1.03672962321,1.03672962321,1.03672962321,1.03672962321
      ,1.03672962321)
    ,(1.669078461068,1.669078461068,1.669078461068,1.669078461068
      ,1.669078461069,1.669078461068,1.669078461069,1.669078461068
      ,1.669078461068,1.669078461068,1.669078461068,1.669078461068
      ,1.669078461069,1.669078461067,1.669078461069,1.669078461067
      ,1.669078461069,1.669078461068,1.669078461068,1.669078461068
      ,1.669078461068,1.669078461068,1.669078461069,1.669078461068
      ,1.669078461069,1.669078461067,1.669078461069,1.669078461068
      ,1.669078461068,1.669078461068,1.669078461068,1.669078461068
      ,1.669078461069,1.669078461068,1.669078461069,1.669078461067
      ,1.669078461069,1.669078461068,1.669078461068,1.669078461068
      ,1.669078461068,1.669078461068,1.669078461068,1.669078461068
      ,1.669078461068,1.669078461068,1.669078461068,1.669078461068
      ,1.669078461068,1.669078461068,1.669078461068,1.669078461068
      ,1.669078461068,1.669078461068,1.669078461069,1.669078461068
      ,1.669078461069,1.669078461068,1.669078461068,1.669078461068
      ,1.669078461068,1.669078461068,1.669078461068,1.669078461068
      ,1.669078461068,1.669078461068,1.669078461068,1.669078461068
      ,1.669078461068,1.669078461068,1.669078461068,1.669078461068
      ,1.669078461068,1.669078461069,1.669078461067,1.66907846107
      ,1.669078461067,1.669078461069,1.669078461068,1.669078461068
      ,1.669078461068,1.669078461068,1.669078461068,1.669078461069
      ,1.669078461068,1.669078461069,1.669078461068,1.669078461069
      ,1.669078461068,1.669078461068,1.669078461068,1.669078461068
      ,1.669078461069,1.669078461067,1.66907846107,1.669078461067
      ,1.669078461069,1.669078461068,1.669078461068,1.669078461068
      ,1.669078461068,1.669078461068,1.669078461069,1.669078461067
      ,1.66907846107,1.669078461067,1.669078461069,1.669078461068
      ,1.669078461068,1.669078461068,1.669078461068,1.669078461068
      ,1.669078461068,1.669078461068,1.669078461069,1.669078461068
      ,1.669078461068,1.669078461068,1.669078461068,1.669078461068
      ,1.669078461068,1.669078461068,1.669078461069,1.669078461067
      ,1.66907846107,1.669078461067,1.669078461069,1.669078461068
      ,1.669078461068,1.669078461068,1.669078461068,1.669078461068
      ,1.669078461069,1.669078461067,1.66907846107,1.669078461067
      ,1.669078461069,1.669078461068,1.669078461068,1.669078461068
      ,1.669078461068,1.669078461068,1.669078461069,1.669078461067
      ,1.66907846107,1.669078461067,1.669078461069,1.669078461068
      ,1.669078461068,1.669078461068,1.669078461068,1.669078461068
      ,1.669078461068,1.669078461069,1.669078461067,1.66907846107
      ,1.669078461067,1.669078461069,1.669078461068,1.669078461068
      ,1.669078461068,1.669078461068,1.669078461068,1.669078461069
      ,1.669078461067,1.669078461069,1.669078461067,1.669078461069
      ,1.669078461068,1.669078461068,1.669078461068,1.669078461068
      ,1.669078461069,1.669078461067,1.66907846107,1.669078461067
      ,1.669078461069,1.669078461068,1.669078461068,1.669078461068
      ,1.669078461068,1.669078461068,1.669078461068,1.669078461069
      ,1.669078461067,1.66907846107,1.669078461067,1.669078461069
      ,1.669078461068,1.669078461068,1.669078461068,1.669078461068
      ,1.669078461069,1.669078461067,1.66907846107,1.669078461067
      ,1.669078461069,1.669078461068,1.669078461068,1.669078461068
      ,1.669078461068,1.669078461068,1.669078461069,1.669078461067
      ,1.66907846107,1.669078461067,1.669078461069,1.669078461068
      ,1.669078461068,1.669078461068,1.669078461068,1.669078461068
      ,1.669078461068,1.669078461068,1.669078461069,1.669078461068
      ,1.669078461069,1.669078461068,1.669078461068,1.669078461068
      ,1.669078461068,1.669078461068,1.669078461068,1.669078461068
      ,1.669078461069,1.669078461068,1.669078461068,1.669078461068
      ,1.669078461068,1.669078461068,1.669078461068,1.669078461068
      ,1.669078461068,1.669078461068,1.669078461068,1.669078461068
      ,1.669078461068,1.669078461068,1.669078461068,1.669078461068
,1.669078461068))) REPRESENTATION_ITEM('') SURFACE() );
#85 = CARTESIAN_POINT('',(1.836E-02,-4.432E-02,3.469446951954E-18));
#86 = CARTESIAN_POINT('',(1.835810139144E-02,-3.640884032777E-02,
    2.598321976119E-07));
#87 = CARTESIAN_POINT('',(1.837083449834E-02,-3.070734835401E-02,
    -1.482744557073E-06));
#88 = CARTESIAN_POINT('',(1.833487845131E-02,-2.812291674384E-02,
    3.437984704941E-06));
#89 = CARTESIAN_POINT('',(1.83801449599E-02,-2.482202026989E-02,
    -2.756918567885E-06));
#90 = CARTESIAN_POINT('',(1.838238285167E-02,-2.195998030159E-02,
    -3.063183033187E-06));
#91 = CARTESIAN_POINT('',(1.83102373172E-02,-2.011737077866E-02,
    6.810222749856E-06));
#92 = CARTESIAN_POINT('',(1.834012316903E-02,-1.645205445178E-02,
    2.72022404748E-06));
#93 = CARTESIAN_POINT('',(1.849109865426E-02,-9.731179202316E-03,
    -1.794137669796E-05));
#94 = CARTESIAN_POINT('',(1.831075359504E-02,-5.562805282056E-03,
    6.739568055244E-06));
#95 = CARTESIAN_POINT('',(1.792195286291E-02,-1.302175343443E-03,
    5.994850780339E-05));
#96 = CARTESIAN_POINT('',(1.750525468356E-02,2.818990273204E-03,
    1.148618219382E-04));
#97 = CARTESIAN_POINT('',(1.688268069494E-02,6.17164277692E-03,
    2.033042454209E-04));
#98 = CARTESIAN_POINT('',(1.580875266429E-02,8.857316777544E-03,
    3.366844368768E-04));
#99 = CARTESIAN_POINT('',(1.418944356598E-02,1.130275456424E-02,
    4.689591942619E-04));
#100 = CARTESIAN_POINT('',(1.205858675618E-02,1.360874490211E-02,
    5.809109846416E-04));
#101 = CARTESIAN_POINT('',(9.527270908662E-03,1.554036642794E-02,
    6.879517330369E-04));
#102 = CARTESIAN_POINT('',(6.727814154565E-03,1.683324810985E-02,
    8.095040563169E-04));
#103 = CARTESIAN_POINT('',(3.773910868546E-03,1.749045923483E-02,
    9.38011128123E-04));
#104 = CARTESIAN_POINT('',(7.585445439974E-04,1.774464138925E-02,
    1.045626360825E-03));
#105 = CARTESIAN_POINT('',(-2.188739800005E-03,1.735999489632E-02,
    1.166634090475E-03));
#106 = CARTESIAN_POINT('',(-9.041309411553E-03,1.644073910047E-02,
    1.44184352884E-03));
#107 = CARTESIAN_POINT('',(-1.556810288641E-02,1.269024592251E-02,
    1.716979218973E-03));
#108 = CARTESIAN_POINT('',(-2.01733246105E-02,5.867738597502E-03,
    1.992080998727E-03));
#109 = CARTESIAN_POINT('',(-2.146078948776E-02,-2.719968242343E-03,
    2.267154447717E-03));
#110 = CARTESIAN_POINT('',(-1.882843945099E-02,-1.112730253393E-02,
    2.542183795423E-03));
#111 = CARTESIAN_POINT('',(-1.272757235156E-02,-1.747929632394E-02,
    2.817143757051E-03));
#112 = CARTESIAN_POINT('',(-4.586783228041E-03,-2.048147488388E-02,
    3.092010296963E-03));
#113 = CARTESIAN_POINT('',(3.599382046221E-03,-1.973027339919E-02,
    3.366770319916E-03));
#114 = CARTESIAN_POINT('',(1.001706073674E-02,-1.582398123303E-02,
    3.641430289856E-03));
#115 = CARTESIAN_POINT('',(1.411499484246E-02,-1.027421376413E-02,
    3.916023776493E-03));
#116 = CARTESIAN_POINT('',(2.234082390535E-02,9.076623847309E-04,
    4.465198342347E-03));
#117 = CARTESIAN_POINT('',(1.98646246651E-02,1.927151395525E-02,
    5.013834321412E-03));
#118 = CARTESIAN_POINT('',(3.796670919955E-03,3.455980552829E-02,
    5.562282216377E-03));
#119 = CARTESIAN_POINT('',(-3.278546710962E-02,3.160322955723E-02,
    6.109537077483E-03));
#120 = CARTESIAN_POINT('',(-4.588360858673E-02,-8.832769382476E-03,
    6.656744422949E-03));
#121 = CARTESIAN_POINT('',(-1.861837831524E-02,-4.136525328702E-02,
    7.203229504829E-03));
#122 = CARTESIAN_POINT('',(1.614491311075E-02,-3.046774217461E-02,
    7.748312450466E-03));
#123 = CARTESIAN_POINT('',(2.533861339825E-02,-1.054481157415E-02,
    8.293139183593E-03));
#124 = CARTESIAN_POINT('',(2.089989139128E-02,7.268297482693E-03,
    8.83672923434E-03));
#125 = CARTESIAN_POINT('',(9.274704326392E-03,1.454690661015E-02,
    9.379416587057E-03));
#126 = CARTESIAN_POINT('',(-1.662578902338E-03,2.138807851736E-02,
    9.883352501401E-03));
#127 = CARTESIAN_POINT('',(-1.669180339671E-02,1.906182137777E-02,
    1.038630044284E-02));
#128 = CARTESIAN_POINT('',(-3.311757481771E-02,4.499586975774E-03,
    1.088850677398E-02));
#129 = CARTESIAN_POINT('',(-2.819194422923E-02,-2.407963671309E-02,
    1.138966777622E-02));
#130 = CARTESIAN_POINT('',(-1.161593172311E-03,-3.971824597658E-02,
    1.188973978775E-02));
#131 = CARTESIAN_POINT('',(2.656560216305E-02,-2.559038344642E-02,
    1.238879645999E-02));
#132 = CARTESIAN_POINT('',(3.296065153044E-02,2.478870114E-03,
    1.288678338224E-02));
#133 = CARTESIAN_POINT('',(1.763469107705E-02,1.766012180334E-02,
    1.338355336972E-02));
#134 = CARTESIAN_POINT('',(3.024389976073E-03,2.088879341561E-02,
    1.387909875596E-02));
#135 = CARTESIAN_POINT('',(-8.106979202207E-03,1.485546774041E-02,
    1.437343007553E-02));
#136 = CARTESIAN_POINT('',(-1.993755837995E-02,8.439371968968E-03,
    1.490579454815E-02));
#137 = CARTESIAN_POINT('',(-2.532109253033E-02,-8.658092907075E-03,
    1.543662877504E-02));
#138 = CARTESIAN_POINT('',(-1.752642674739E-02,-2.869015279577E-02,
    1.596616141235E-02));
#139 = CARTESIAN_POINT('',(1.573230512214E-02,-4.095861461386E-02,
    1.64937670877E-02));
#140 = CARTESIAN_POINT('',(4.354225482606E-02,-1.099549218274E-02,
    1.702012916878E-02));
#141 = CARTESIAN_POINT('',(3.295898963171E-02,2.835597339792E-02,
    1.754485409215E-02));
#142 = CARTESIAN_POINT('',(-1.574793105768E-03,3.293119876204E-02,
    1.80675294174E-02));
#143 = CARTESIAN_POINT('',(-1.761360331373E-02,1.944295740586E-02,
    1.858883333689E-02));
#144 = CARTESIAN_POINT('',(-2.100508375171E-02,2.240230940003E-03,
    1.91082118779E-02));
#145 = CARTESIAN_POINT('',(-1.392819365725E-02,-8.762199847947E-03,
    1.962584148326E-02));
#146 = CARTESIAN_POINT('',(-7.467892714078E-03,-1.901013619687E-02,
    2.010654698834E-02));
#147 = CARTESIAN_POINT('',(7.532912188124E-03,-2.3625128263E-02,
    2.058539739369E-02));
#148 = CARTESIAN_POINT('',(2.492866777697E-02,-1.642618441828E-02,
    2.106344171327E-02));
#149 = CARTESIAN_POINT('',(3.555111389239E-02,8.563044592236E-03,
    2.15388086831E-02));
#150 = CARTESIAN_POINT('',(1.697724285065E-02,3.361133806667E-02,
    2.201333010341E-02));
#151 = CARTESIAN_POINT('',(-1.407748091178E-02,3.336111202301E-02,
    2.248629820504E-02));
#152 = CARTESIAN_POINT('',(-2.741121086494E-02,1.028701808741E-02,
    2.295680962199E-02));
#153 = CARTESIAN_POINT('',(-2.305800282319E-02,-7.555582997233E-03,
    2.342653893307E-02));
#154 = CARTESIAN_POINT('',(-1.078444445753E-02,-1.67002725677E-02,
    2.389406891411E-02));
#155 = CARTESIAN_POINT('',(9.310023989348E-04,-1.592553718943E-02,
    2.436008261554E-02));
#156 = CARTESIAN_POINT('',(1.359837188912E-02,-1.519844104821E-02,
    2.486192471458E-02));
#157 = CARTESIAN_POINT('',(2.503230967701E-02,-2.79180779045E-03,
    2.536179071325E-02));
#158 = CARTESIAN_POINT('',(2.641768288778E-02,1.743396177976E-02,
    2.585970586465E-02));
#159 = CARTESIAN_POINT('',(2.943405807299E-03,4.109980384829E-02,
    2.635564743006E-02));
#160 = CARTESIAN_POINT('',(-3.259805290705E-02,2.668881224368E-02,
    2.684959288473E-02));
#161 = CARTESIAN_POINT('',(-3.923338128879E-02,-1.092562903352E-02,
    2.734157022497E-02));
#162 = CARTESIAN_POINT('',(-1.179899728786E-02,-2.852450388239E-02,
    2.783158155084E-02));
#163 = CARTESIAN_POINT('',(7.168329537194E-03,-2.348561673343E-02,
    2.831959542735E-02));
#164 = CARTESIAN_POINT('',(1.688246728191E-02,-1.027052823539E-02,
    2.880568196857E-02));
#165 = CARTESIAN_POINT('',(1.527641518352E-02,1.858869921412E-03,
    2.928979714259E-02));
#166 = CARTESIAN_POINT('',(1.388978796381E-02,1.310268640844E-02,
    2.973931168977E-02));
#167 = CARTESIAN_POINT('',(3.033638647862E-03,2.298283195489E-02,
    3.018734747654E-02));
#168 = CARTESIAN_POINT('',(-1.454325964755E-02,2.379695884012E-02,
    3.063311752687E-02));
#169 = CARTESIAN_POINT('',(-3.345287616178E-02,6.893977552381E-03,
    3.10782364918E-02));
#170 = CARTESIAN_POINT('',(-2.769646681051E-02,-2.16493794416E-02,
    3.152082054808E-02));
#171 = CARTESIAN_POINT('',(-1.361997663625E-03,-3.377395856625E-02,
    3.196186734021E-02));
#172 = CARTESIAN_POINT('',(1.905260533343E-02,-1.957887455511E-02,
    3.240218114608E-02));
#173 = CARTESIAN_POINT('',(2.248318272476E-02,-2.785724634779E-03,
    3.283972329995E-02));
#174 = CARTESIAN_POINT('',(1.574415777359E-02,9.820184406332E-03,
    3.327655853451E-02));
#175 = CARTESIAN_POINT('',(5.54142981037E-03,1.382251664343E-02,
    3.37115343057E-02));
#176 = CARTESIAN_POINT('',(5.438409030255E-05,1.594657480702E-02,
    3.39457818738E-02));
#177 = CARTESIAN_POINT('',(-6.347506658527E-03,1.582108593066E-02,
    3.417959428275E-02));
#178 = CARTESIAN_POINT('',(-1.255589209724E-02,1.262258301095E-02,
    3.441297555232E-02));
#179 = CARTESIAN_POINT('',(-1.700398005661E-02,6.766096620102E-03,
    3.464592030925E-02));
#180 = CARTESIAN_POINT('',(-1.846513305682E-02,-5.387462366211E-04,
    3.487842725124E-02));
#181 = CARTESIAN_POINT('',(-1.652454259217E-02,-7.715048298852E-03,
    3.511050508194E-02));
#182 = CARTESIAN_POINT('',(-1.172398118086E-02,-1.322939326417E-02,
    3.534217091756E-02));
#183 = CARTESIAN_POINT('',(-5.379632179547E-03,-1.598602203625E-02,
    3.557344116443E-02));
#184 = CARTESIAN_POINT('',(9.270026370622E-04,-1.570443400842E-02,
    3.580431486814E-02));
#185 = CARTESIAN_POINT('',(6.185117731625E-03,-1.328041338222E-02,
    3.603474953381E-02));
#186 = CARTESIAN_POINT('',(8.435480699955E-03,-1.224463347023E-02,
    3.61324542496E-02));
#187 = CARTESIAN_POINT('',(1.047349019759E-02,-1.071422032971E-02,
    3.62331003194E-02));
#188 = CARTESIAN_POINT('',(1.223240427553E-02,-8.842310657934E-03,
    3.633222984114E-02));
#189 = CARTESIAN_POINT('',(1.363556197068E-02,-6.709168620771E-03,
    3.642913331959E-02));
#190 = CARTESIAN_POINT('',(1.460681239898E-02,-4.353321993581E-03,
    3.65254960085E-02));
#191 = CARTESIAN_POINT('',(1.508094384841E-02,-1.802698302054E-03,
    3.662404425245E-02));
#192 = CARTESIAN_POINT('',(1.501411287226E-02,8.942390369644E-04,
    3.672719182906E-02));
#193 = CARTESIAN_POINT('',(1.439427338203E-02,3.637354574561E-03,
    3.683568629084E-02));
#194 = CARTESIAN_POINT('',(1.325160574071E-02,6.243704688973E-03,
    3.694725530738E-02));
#195 = CARTESIAN_POINT('',(1.16689458558E-02,8.416401444679E-03,
    3.705525300725E-02));
#196 = CARTESIAN_POINT('',(9.54378846606E-03,1.132755296242E-02,
    3.720042887598E-02));
#197 = CARTESIAN_POINT('',(6.605432768981E-03,1.369141568352E-02,
    3.7345555757E-02));
#198 = CARTESIAN_POINT('',(3.037941862766E-03,1.518310931773E-02,
    3.749053577758E-02));
#199 = CARTESIAN_POINT('',(-8.779399061184E-04,1.561984308062E-02,
    3.763534000849E-02));
#200 = CARTESIAN_POINT('',(-4.80745687413E-03,1.494598851263E-02,
    3.777998677355E-02));
#201 = CARTESIAN_POINT('',(-8.404511991866E-03,1.321815229774E-02,
    3.792451995912E-02));
#202 = CARTESIAN_POINT('',(-1.135433675527E-02,1.059024908264E-02,
    3.806898732364E-02));
#203 = CARTESIAN_POINT('',(-1.341616113681E-02,7.298574295384E-03,
    3.821341880711E-02));
#204 = CARTESIAN_POINT('',(-1.446588351673E-02,3.64687696449E-03,
    3.835780484066E-02));
#205 = CARTESIAN_POINT('',(-1.453874061418E-02,-8.567462291269E-06,
    3.850207465602E-02));
#206 = CARTESIAN_POINT('',(-1.459121459648E-02,-2.746415390955E-03,
    3.861030044958E-02));
#207 = CARTESIAN_POINT('',(-1.405258852954E-02,-5.530428364319E-03,
    3.871853342649E-02));
#208 = CARTESIAN_POINT('',(-1.294252120296E-02,-8.201788808365E-03,
    3.882677785806E-02));
#209 = CARTESIAN_POINT('',(-1.129972564781E-02,-1.062369704198E-02,
    3.893504531307E-02));
#210 = CARTESIAN_POINT('',(-9.181969136682E-03,-1.268137127692E-02,
    3.904335465786E-02));
#211 = CARTESIAN_POINT('',(-6.66607318365E-03,-1.428204761785E-02,
    3.915173205622E-02));
#212 = CARTESIAN_POINT('',(-3.847913544275E-03,-1.535498006231E-02,
    3.92602109695E-02));
#213 = CARTESIAN_POINT('',(-8.424202156505E-04,-1.585144050073E-02,
    3.93688321565E-02));
#214 = CARTESIAN_POINT('',(2.216422563669E-03,-1.574471871644E-02,
    3.947764367359E-02));
#215 = CARTESIAN_POINT('',(5.175576313606E-03,-1.503012238563E-02,
    3.958670087461E-02));
#216 = CARTESIAN_POINT('',(8.131489507865E-03,-1.43622702851E-02,
    3.969314181762E-02));
#217 = CARTESIAN_POINT('',(1.110418244836E-02,-1.283026255547E-02,
    3.981419463251E-02));
#218 = CARTESIAN_POINT('',(1.373646163858E-02,-1.129998873519E-02,
    3.990465957014E-02));
#219 = CARTESIAN_POINT('',(1.614381866537E-02,-8.653526606136E-03,
    4.00121904287E-02));
#220 = CARTESIAN_POINT('',(1.83483582495E-02,-5.26170242784E-03,
    4.01628660498E-02));
#221 = CARTESIAN_POINT('',(1.990174901833E-02,-1.94180408389E-03,
    4.028772367252E-02));
#222 = CARTESIAN_POINT('',(2.021085338041E-02,1.2794343037E-03,
    4.028350977057E-02));
#223 = CARTESIAN_POINT('',(1.931367009579E-02,4.791617341523E-03,
    4.015935117256E-02));
#224 = CARTESIAN_POINT('',(1.80872003522E-02,8.123443569619E-03,
    4.007949644071E-02));
#225 = CARTESIAN_POINT('',(1.61028253708E-02,1.098479116521E-02,
    3.997072465893E-02));
#226 = CARTESIAN_POINT('',(1.150183688825E-02,1.771361945548E-02,
    3.972745919735E-02));
#227 = CARTESIAN_POINT('',(3.855969105656E-03,2.232325412783E-02,
    3.948375038241E-02));
#228 = CARTESIAN_POINT('',(-5.947265550742E-03,2.322600628032E-02,
    3.924011920814E-02));
#229 = CARTESIAN_POINT('',(-1.562706342414E-02,1.92969306082E-02,
    3.899626123148E-02));
#230 = CARTESIAN_POINT('',(-2.2572679418E-02,1.103256686824E-02,
    3.875203335506E-02));
#231 = CARTESIAN_POINT('',(-2.487113506375E-02,4.744260751904E-04,
    3.850758930972E-02));
#232 = CARTESIAN_POINT('',(-2.205273530677E-02,-9.617501791788E-03,
    3.826308742747E-02));
#233 = CARTESIAN_POINT('',(-1.530784444963E-02,-1.685594179469E-02,
    3.801839429567E-02));
#234 = CARTESIAN_POINT('',(-6.928371694839E-03,-2.009695297703E-02,
    3.777320788316E-02));
#235 = CARTESIAN_POINT('',(1.272583273917E-03,-1.960469546039E-02,
    3.752802372919E-02));
#236 = CARTESIAN_POINT('',(1.761099318834E-02,-1.858332765463E-02,
    3.703755754102E-02));
#237 = CARTESIAN_POINT('',(3.342963284466E-02,-2.126442825505E-03,
    3.654603333253E-02));
#238 = CARTESIAN_POINT('',(3.046212101995E-02,2.731846833952E-02,
    3.605407048417E-02));
#239 = CARTESIAN_POINT('',(2.377972983782E-03,5.527715937886E-02,
    3.556006605678E-02));
#240 = CARTESIAN_POINT('',(-6.130150569787E-02,3.159030831193E-02,
    3.506661720097E-02));
#241 = CARTESIAN_POINT('',(-4.394036370524E-02,-3.445246630271E-02,
    3.457076589363E-02));
#242 = CARTESIAN_POINT('',(-4.245030018477E-03,-4.117671729994E-02,
    3.407472525965E-02));
#243 = CARTESIAN_POINT('',(2.16627296851E-02,-2.612538090441E-02,
    3.357726342796E-02));
#244 = CARTESIAN_POINT('',(2.580911576326E-02,-3.314465817835E-03,
    3.307886397558E-02));
#245 = CARTESIAN_POINT('',(1.686762652496E-02,1.07601913273E-02,
    3.257934804913E-02));
#246 = CARTESIAN_POINT('',(8.584732863415E-03,2.394930798316E-02,
    3.211557209043E-02));
#247 = CARTESIAN_POINT('',(-1.139702039459E-02,2.930517612702E-02,
    3.165052054409E-02));
#248 = CARTESIAN_POINT('',(-3.403095926155E-02,1.909574992774E-02,
    3.118537882451E-02));
#249 = CARTESIAN_POINT('',(-4.69512707478E-02,-1.817889760594E-02,
    3.071801219368E-02));
#250 = CARTESIAN_POINT('',(-1.386838326946E-02,-5.018795836766E-02,
    3.025060755179E-02));
#251 = CARTESIAN_POINT('',(3.112533995425E-02,-3.996849935293E-02,
    2.978226608574E-02));
#252 = CARTESIAN_POINT('',(3.951701483718E-02,-9.440000298743E-04,
    2.931195485867E-02));
#253 = CARTESIAN_POINT('',(2.502648814966E-02,1.972959037792E-02,
    2.884175118134E-02));
#254 = CARTESIAN_POINT('',(4.810280778416E-03,2.541798636682E-02,
    2.836982591061E-02));
#255 = CARTESIAN_POINT('',(-9.303987262609E-03,1.814609989214E-02,
    2.789711066913E-02));
#256 = CARTESIAN_POINT('',(-2.4683438041E-02,1.045982361417E-02,
    2.738800045342E-02));
#257 = CARTESIAN_POINT('',(-3.133966777877E-02,-1.188777467732E-02,
    2.687766047277E-02));
#258 = CARTESIAN_POINT('',(-2.19108067517E-02,-3.825450142205E-02,
    2.636617275821E-02));
#259 = CARTESIAN_POINT('',(2.807045192959E-02,-5.435027980577E-02,
    2.585336832261E-02));
#260 = CARTESIAN_POINT('',(6.237474160696E-02,-4.140736795821E-03,
    2.533942222831E-02));
#261 = CARTESIAN_POINT('',(3.532011095445E-02,5.04634524612E-02,
    2.482425066202E-02));
#262 = CARTESIAN_POINT('',(-1.710970693972E-02,4.141211360679E-02,
    2.430775080753E-02));
#263 = CARTESIAN_POINT('',(-3.009621864552E-02,1.589828154685E-02,
    2.379008842637E-02));
#264 = CARTESIAN_POINT('',(-2.627062608987E-02,-7.492359692984E-03,
    2.32711537315E-02));
#265 = CARTESIAN_POINT('',(-1.166672863724E-02,-1.72627378485E-02,
    2.275097337004E-02));
#266 = CARTESIAN_POINT('',(1.704754112404E-03,-2.64433639607E-02,
    2.226795113189E-02));
#267 = CARTESIAN_POINT('',(2.301464853806E-02,-2.329606530287E-02,
    2.17838726441E-02));
#268 = CARTESIAN_POINT('',(4.044047812061E-02,-4.182435545178E-03,
    2.129862575633E-02));
#269 = CARTESIAN_POINT('',(3.737507637024E-02,3.680573132736E-02,
    2.081251338956E-02));
#270 = CARTESIAN_POINT('',(-7.502871702449E-03,5.373979135082E-02,
    2.032509115171E-02));
#271 = CARTESIAN_POINT('',(-4.630630775824E-02,2.534786619748E-02,
    1.983665913628E-02));
#272 = CARTESIAN_POINT('',(-3.819150720527E-02,-1.545815625809E-02,
    1.934737301506E-02));
#273 = CARTESIAN_POINT('',(-1.576582490178E-02,-2.92235297517E-02,
    1.885667082908E-02));
#274 = CARTESIAN_POINT('',(5.917837696113E-03,-2.630165192001E-02,
    1.836518546318E-02));
#275 = CARTESIAN_POINT('',(1.640701538565E-02,-1.350471969126E-02,
    1.78725286592E-02));
#276 = CARTESIAN_POINT('',(2.793563164038E-02,2.09037811725E-04,
    1.73419986014E-02));
#277 = CARTESIAN_POINT('',(2.504522913564E-02,2.434227282526E-02,
    1.681026831973E-02));
#278 = CARTESIAN_POINT('',(5.131849661483E-03,4.56360022737E-02,
    1.627724233932E-02));
#279 = CARTESIAN_POINT('',(-4.934402322889E-02,4.035453398262E-02,
    1.574320282353E-02));
#280 = CARTESIAN_POINT('',(-6.133016551807E-02,-2.186053221354E-02,
    1.520777446999E-02));
#281 = CARTESIAN_POINT('',(-1.285329917665E-02,-6.284983192135E-02,
    1.467117438049E-02));
#282 = CARTESIAN_POINT('',(3.346060122244E-02,-3.245501731929E-02,
    1.413359953357E-02));
#283 = CARTESIAN_POINT('',(3.531449522757E-02,-2.758895262749E-03,
    1.359466409361E-02));
#284 = CARTESIAN_POINT('',(2.199220498226E-02,1.800794548274E-02,
    1.305471110662E-02));
#285 = CARTESIAN_POINT('',(4.013855181061E-03,2.129920618726E-02,
    1.251358816235E-02));
#286 = CARTESIAN_POINT('',(-1.372853153578E-02,2.470234056629E-02,
    1.197248241962E-02));
#287 = CARTESIAN_POINT('',(-3.511602231869E-02,1.138812511182E-02,
    1.143020906636E-02));
#288 = CARTESIAN_POINT('',(-4.015465562978E-02,-2.068611653483E-02,
    1.088703665025E-02));
#289 = CARTESIAN_POINT('',(-1.752907077573E-02,-5.867570284089E-02,
    1.034224808739E-02));
#290 = CARTESIAN_POINT('',(5.661229939692E-02,-5.034859396726E-02,
    9.797481357926E-03));
#291 = CARTESIAN_POINT('',(5.664651834902E-02,2.462319658451E-02,
    9.250012307251E-03));
#292 = CARTESIAN_POINT('',(1.566212831327E-02,4.289514659677E-02,
    8.703261706216E-03));
#293 = CARTESIAN_POINT('',(-1.590867922911E-02,3.381902397832E-02,
    8.154312284262E-03));
#294 = CARTESIAN_POINT('',(-2.665615824709E-02,1.062329761147E-02,
    7.604931320965E-03));
#295 = CARTESIAN_POINT('',(-2.095717484474E-02,-6.852480427423E-03,
    7.054434871185E-03));
#296 = CARTESIAN_POINT('',(-1.809391246718E-02,-1.560981190105E-02,
    6.779152834794E-03));
#297 = CARTESIAN_POINT('',(-1.120512534251E-02,-2.304968594946E-02,
    6.503797694972E-03));
#298 = CARTESIAN_POINT('',(-8.969594984983E-04,-2.708229778351E-02,
    6.228057448145E-03));
#299 = CARTESIAN_POINT('',(1.087538648437E-02,-2.589478066845E-02,
    5.952022841079E-03));
#300 = CARTESIAN_POINT('',(2.106291200482E-02,-1.913442570098E-02,
    5.67589850522E-03));
#301 = CARTESIAN_POINT('',(2.686339728354E-02,-8.356593789366E-03,
    5.399624554363E-03));
#302 = CARTESIAN_POINT('',(2.695933372036E-02,3.509407063669E-03,
    5.122964460422E-03));
#303 = CARTESIAN_POINT('',(2.196164833442E-02,1.344217921009E-02,
    4.84597623933E-03));
#304 = CARTESIAN_POINT('',(1.386410022218E-02,1.964250070741E-02,
    4.569145197157E-03));
#305 = CARTESIAN_POINT('',(4.809658332683E-03,2.168364487515E-02,
    4.291817703767E-03));
#306 = CARTESIAN_POINT('',(9.186155440585E-04,2.256299493926E-02,
    4.174509338245E-03));
#307 = CARTESIAN_POINT('',(-3.122708602343E-03,2.261275085842E-02,
    4.052328815053E-03));
#308 = CARTESIAN_POINT('',(-7.166448809432E-03,2.19078510384E-02,
    3.933473724264E-03));
#309 = CARTESIAN_POINT('',(-1.105117834174E-02,2.043303972065E-02,
    3.817665483826E-03));
#310 = CARTESIAN_POINT('',(-1.459015958935E-02,1.817753824737E-02,
    3.7008725001E-03));
#311 = CARTESIAN_POINT('',(-1.7586144449E-02,1.520004698411E-02,
    3.579463029894E-03));
#312 = CARTESIAN_POINT('',(-1.987272452235E-02,1.166407789903E-02,
    3.453787744123E-03));
#313 = CARTESIAN_POINT('',(-2.138223113135E-02,7.843617799958E-03,
    3.331191992952E-03));
#314 = CARTESIAN_POINT('',(-2.224018515083E-02,4.09912222805E-03,
    3.228457772551E-03));
#315 = CARTESIAN_POINT('',(-2.28862966582E-02,8.238400090534E-04,
    3.173675393369E-03));
#316 = CARTESIAN_POINT('',(-2.366069352725E-02,-3.466205757825E-03,
    3.098416172118E-03));
#317 = CARTESIAN_POINT('',(-2.389859749483E-02,-7.986006943661E-03,
    3.075295640452E-03));
#318 = CARTESIAN_POINT('',(-2.308516355194E-02,-9.201306196065E-03,
    3.154348652582E-03));
#319 = CARTESIAN_POINT('',(-2.374253795244E-02,-1.547139879091E-02,
    3.090462178565E-03));
#320 = CARTESIAN_POINT('',(-2.367647206657E-02,-1.762780258893E-02,
    3.096882745747E-03));
#321 = CARTESIAN_POINT('',(-2.329139045029E-02,-1.996172920711E-02,
    3.134306634862E-03));
#322 = CARTESIAN_POINT('',(-2.372225727051E-02,-2.628090371405E-02,
    3.092433142537E-03));
#323 = CARTESIAN_POINT('',(-2.347871526513E-02,-2.72957559684E-02,
    3.116101602986E-03));
#324 = CARTESIAN_POINT('',(-2.355669632371E-02,-3.373988714149E-02,
    3.10852306803E-03));
#325 = CARTESIAN_POINT('',(-2.354502254797E-02,-4.432E-02,
    3.109657575809E-03));
#326 = CARTESIAN_POINT('',(1.836E-02,-4.432E-02,2.990777536028E-03));
#327 = CARTESIAN_POINT('',(1.835807562345E-02,-3.640762689944E-02,
    2.991040894678E-03));
#328 = CARTESIAN_POINT('',(1.837093599494E-02,-3.071178814719E-02,
    2.989280901254E-03));
#329 = CARTESIAN_POINT('',(1.833471787202E-02,-2.81171841649E-02,
    2.994237496654E-03));
#330 = CARTESIAN_POINT('',(1.838021588346E-02,-2.482175712059E-02,
    2.988010911286E-03));
#331 = CARTESIAN_POINT('',(1.838250797234E-02,-2.196678556007E-02,
    2.987697229731E-03));
#332 = CARTESIAN_POINT('',(1.831005181217E-02,-2.011633827834E-02,
    2.997613145883E-03));
#333 = CARTESIAN_POINT('',(1.834011226531E-02,-1.644317060624E-02,
    2.993499252294E-03));
#334 = CARTESIAN_POINT('',(1.849150224401E-02,-9.732751879245E-03,
    2.972780926454E-03));
#335 = CARTESIAN_POINT('',(1.830974162483E-02,-5.571718447164E-03,
    2.997655596266E-03));
#336 = CARTESIAN_POINT('',(1.79238611581E-02,-1.341652175566E-03,
    3.05046488598E-03));
#337 = CARTESIAN_POINT('',(1.750680782666E-02,2.756136885972E-03,
    3.10531164948E-03));
#338 = CARTESIAN_POINT('',(1.689982522101E-02,6.046068642338E-03,
    3.191818059793E-03));
#339 = CARTESIAN_POINT('',(1.583648933588E-02,8.720112082371E-03,
    3.324344743244E-03));
#340 = CARTESIAN_POINT('',(1.421808339217E-02,1.117581853665E-02,
    3.456711792954E-03));
#341 = CARTESIAN_POINT('',(1.208693810942E-02,1.34797190731E-02,
    3.568718348542E-03));
#342 = CARTESIAN_POINT('',(9.565280361557E-03,1.539390714071E-02,
    3.675162702443E-03));
#343 = CARTESIAN_POINT('',(6.788413791351E-03,1.6671306673E-02,
    3.795598016185E-03));
#344 = CARTESIAN_POINT('',(3.861054958701E-03,1.732512586296E-02,
    3.923058730893E-03));
#345 = CARTESIAN_POINT('',(8.656485981524E-04,1.757799682114E-02,
    4.029992755267E-03));
#346 = CARTESIAN_POINT('',(-2.048514439008E-03,1.719630132857E-02,
    4.149634515218E-03));
#347 = CARTESIAN_POINT('',(-8.829153138495E-03,1.628779969144E-02,
    4.422024440842E-03));
#348 = CARTESIAN_POINT('',(-1.527329065717E-02,1.257488042569E-02,
    4.693500991761E-03));
#349 = CARTESIAN_POINT('',(-1.978884804941E-02,5.849168475827E-03,
    4.964139720117E-03));
#350 = CARTESIAN_POINT('',(-2.102439133155E-02,-2.580458025393E-03,
    5.23394047215E-03));
#351 = CARTESIAN_POINT('',(-1.842333858796E-02,-1.079491041621E-02,
    5.50287386178E-03));
#352 = CARTESIAN_POINT('',(-1.245729418644E-02,-1.696690704905E-02,
    5.770912290839E-03));
#353 = CARTESIAN_POINT('',(-4.538510102722E-03,-1.985796571722E-02,
    6.038045515926E-03));
#354 = CARTESIAN_POINT('',(3.388525645793E-03,-1.911037096544E-02,
    6.304280761907E-03));
#355 = CARTESIAN_POINT('',(9.576373457196E-03,-1.533411628412E-02,
    6.569627382054E-03));
#356 = CARTESIAN_POINT('',(1.352479949289E-02,-9.988821187268E-03,
    6.834066064815E-03));
#357 = CARTESIAN_POINT('',(2.144405900499E-02,7.881519720298E-04,
    7.362962947718E-03));
#358 = CARTESIAN_POINT('',(1.902816106821E-02,1.835683650243E-02,
    7.888150450275E-03));
#359 = CARTESIAN_POINT('',(3.548278753716E-03,3.302422956203E-02,
    8.409806097459E-03));
#360 = CARTESIAN_POINT('',(-3.124854254115E-02,2.958451149693E-02,
    8.927508998844E-03));
#361 = CARTESIAN_POINT('',(-4.29234858521E-02,-8.606110769118E-03,
    9.441652981844E-03));
#362 = CARTESIAN_POINT('',(-1.695715134632E-02,-3.855146542678E-02,
    9.952032196192E-03));
#363 = CARTESIAN_POINT('',(1.489467245831E-02,-2.800122350761E-02,
    1.045839291333E-02));
#364 = CARTESIAN_POINT('',(2.32720002409E-02,-9.745687576997E-03,
    1.096111330826E-02));
#365 = CARTESIAN_POINT('',(1.915084191883E-02,6.576151137818E-03,
    1.145994647327E-02));
#366 = CARTESIAN_POINT('',(8.548377923639E-03,1.321128862732E-02,
    1.195494077266E-02));
#367 = CARTESIAN_POINT('',(-1.425846437213E-03,1.943945868503E-02,
    1.241461052224E-02));
#368 = CARTESIAN_POINT('',(-1.509263281235E-02,1.734624796857E-02,
    1.287086493903E-02));
#369 = CARTESIAN_POINT('',(-2.990176818559E-02,3.949159218451E-03,
    1.332402831039E-02));
#370 = CARTESIAN_POINT('',(-2.517526328636E-02,-2.166793940962E-02,
    1.377369853323E-02));
#371 = CARTESIAN_POINT('',(-8.459291545626E-04,-3.535995879774E-02,
    1.422006507193E-02));
#372 = CARTESIAN_POINT('',(2.358510198794E-02,-2.255673305836E-02,
    1.466332015076E-02));
#373 = CARTESIAN_POINT('',(2.894468781101E-02,2.271004758404E-03,
    1.510326448412E-02));
#374 = CARTESIAN_POINT('',(1.547477478054E-02,1.539630312174E-02,
    1.553977365737E-02));
#375 = CARTESIAN_POINT('',(2.711420412008E-03,1.823113577468E-02,
    1.597335608163E-02));
#376 = CARTESIAN_POINT('',(-6.978945975062E-03,1.29711353733E-02,
    1.640359825544E-02));
#377 = CARTESIAN_POINT('',(-1.727651580162E-02,7.376920538883E-03,
    1.686697306068E-02));
#378 = CARTESIAN_POINT('',(-2.190916586436E-02,-7.423098673373E-03,
    1.732672236528E-02));
#379 = CARTESIAN_POINT('',(-1.509265143868E-02,-2.48549170082E-02,
    1.778260075626E-02));
#380 = CARTESIAN_POINT('',(1.373107542272E-02,-3.496314574335E-02,
    1.823541448774E-02));
#381 = CARTESIAN_POINT('',(3.710219891084E-02,-9.137141458341E-03,
    1.868414444066E-02));
#382 = CARTESIAN_POINT('',(2.769523071234E-02,2.411373915598E-02,
    1.912942133992E-02));
#383 = CARTESIAN_POINT('',(-1.331775935515E-03,2.767132701941E-02,
    1.957182675773E-02));
#384 = CARTESIAN_POINT('',(-1.476916643315E-02,1.633604431713E-02,
    2.001032282155E-02));
#385 = CARTESIAN_POINT('',(-1.756993836246E-02,1.923443150204E-03,
    2.044588684239E-02));
#386 = CARTESIAN_POINT('',(-1.166209001353E-02,-7.265115267115E-03,
    2.087814428361E-02));
#387 = CARTESIAN_POINT('',(-6.266226402979E-03,-1.582042279613E-02,
    2.127939607448E-02));
#388 = CARTESIAN_POINT('',(6.242994865271E-03,-1.965702960408E-02,
    2.16789254122E-02));
#389 = CARTESIAN_POINT('',(2.0686368591E-02,-1.360346579212E-02,
    2.207297455673E-02));
#390 = CARTESIAN_POINT('',(2.936149996089E-02,7.164022376789E-03,
    2.246886124161E-02));
#391 = CARTESIAN_POINT('',(1.388782037838E-02,2.769069930957E-02,
    2.285853812791E-02));
#392 = CARTESIAN_POINT('',(-1.162434371964E-02,2.731912882236E-02,
    2.324590096141E-02));
#393 = CARTESIAN_POINT('',(-2.237441447606E-02,8.403677048999E-03,
    2.363455470618E-02));
#394 = CARTESIAN_POINT('',(-1.885327746751E-02,-6.150956085997E-03,
    2.401622000084E-02));
#395 = CARTESIAN_POINT('',(-8.809649782582E-03,-1.360111419972E-02,
    2.439889312521E-02));
#396 = CARTESIAN_POINT('',(7.284637473717E-04,-1.297107362129E-02,
    2.477826127259E-02));
#397 = CARTESIAN_POINT('',(1.104870081124E-02,-1.237153644268E-02,
    2.518700878542E-02));
#398 = CARTESIAN_POINT('',(2.03328754241E-02,-2.302317491764E-03,
    2.559350781203E-02));
#399 = CARTESIAN_POINT('',(2.145687374059E-02,1.422158122587E-02,
    2.599717753475E-02));
#400 = CARTESIAN_POINT('',(2.299870288406E-03,3.325575994559E-02,
    2.63997637795E-02));
#401 = CARTESIAN_POINT('',(-2.638395925471E-02,2.155586476152E-02,
    2.679919797765E-02));
#402 = CARTESIAN_POINT('',(-3.166528568484E-02,-8.814347059793E-03,
    2.719672246388E-02));
#403 = CARTESIAN_POINT('',(-9.583603230237E-03,-2.306898949065E-02,
    2.759354667736E-02));
#404 = CARTESIAN_POINT('',(5.814329523364E-03,-1.897737940288E-02,
    2.798758688391E-02));
#405 = CARTESIAN_POINT('',(1.364452005303E-02,-8.302418362061E-03,
    2.838069602831E-02));
#406 = CARTESIAN_POINT('',(1.235148455576E-02,1.510107948669E-03,
    2.877221026181E-02));
#407 = CARTESIAN_POINT('',(1.12293837538E-02,1.059949840031E-02,
    2.913554385792E-02));
#408 = CARTESIAN_POINT('',(2.443668713424E-03,1.86196745265E-02,
    2.949926453776E-02));
#409 = CARTESIAN_POINT('',(-1.176900915992E-02,1.923589811009E-02,
    2.985764234376E-02));
#410 = CARTESIAN_POINT('',(-2.711295313119E-02,5.635552125056E-03,
    3.022161433167E-02));
#411 = CARTESIAN_POINT('',(-2.251943696696E-02,-1.754234756973E-02,
    3.057944458468E-02));
#412 = CARTESIAN_POINT('',(-1.158427020641E-03,-2.750883683056E-02,
    3.093658356263E-02));
#413 = CARTESIAN_POINT('',(1.553403759056E-02,-1.599186914044E-02,
    3.129839538717E-02));
#414 = CARTESIAN_POINT('',(1.840340908146E-02,-2.26742652633E-03,
    3.165307673279E-02));
#415 = CARTESIAN_POINT('',(1.287892601182E-02,8.072263337122E-03,
    3.201176921135E-02));
#416 = CARTESIAN_POINT('',(4.50824021579E-03,1.135802635575E-02,
    3.236856850062E-02));
#417 = CARTESIAN_POINT('',(4.486382723537E-06,1.310056924003E-02,
    3.25608048336E-02));
#418 = CARTESIAN_POINT('',(-5.257341880431E-03,1.300034602371E-02,
    3.275305008748E-02));
#419 = CARTESIAN_POINT('',(-1.037174804008E-02,1.037477640583E-02,
    3.294523336657E-02));
#420 = CARTESIAN_POINT('',(-1.404701240195E-02,5.552568124054E-03,
    3.313734304367E-02));
#421 = CARTESIAN_POINT('',(-1.526462607805E-02,-4.79985376317E-04,
    3.332940726672E-02));
#422 = CARTESIAN_POINT('',(-1.367078451132E-02,-6.424328653309E-03,
    3.352147425152E-02));
#423 = CARTESIAN_POINT('',(-9.699940557841E-03,-1.100658935955E-02,
    3.37135923606E-02));
#424 = CARTESIAN_POINT('',(-4.430417126686E-03,-1.330614471336E-02,
    3.390578996827E-02));
#425 = CARTESIAN_POINT('',(8.279206226334E-04,-1.307580935017E-02,
    3.409805511177E-02));
#426 = CARTESIAN_POINT('',(5.213933525085E-03,-1.10536445539E-02,
    3.429031492849E-02));
#427 = CARTESIAN_POINT('',(7.08951205653E-03,-1.021446538308E-02,
    3.437068949603E-02));
#428 = CARTESIAN_POINT('',(8.795531674211E-03,-8.898118963654E-03,
    3.44564314141E-02));
#429 = CARTESIAN_POINT('',(1.026874891399E-02,-7.31142837429E-03,
    3.454030672025E-02));
#430 = CARTESIAN_POINT('',(1.14418858255E-02,-5.544860431944E-03,
    3.462065052812E-02));
#431 = CARTESIAN_POINT('',(1.225100189932E-02,-3.617355552602E-03,
    3.469941567595E-02));
#432 = CARTESIAN_POINT('',(1.264286599447E-02,-1.521157611962E-03,
    3.478022137505E-02));
#433 = CARTESIAN_POINT('',(1.258232826551E-02,7.333561938894E-04,
    3.486640185836E-02));
#434 = CARTESIAN_POINT('',(1.205969209003E-02,3.072845487751E-03,
    3.495905502893E-02));
#435 = CARTESIAN_POINT('',(1.109808599581E-02,5.31617685065E-03,
    3.505509110845E-02));
#436 = CARTESIAN_POINT('',(9.760835588225E-03,7.129593961119E-03,
    3.514528128572E-02));
#437 = CARTESIAN_POINT('',(7.973520483983E-03,9.575267122272E-03,
    3.526720951573E-02));
#438 = CARTESIAN_POINT('',(5.500865178933E-03,1.15672140586E-02,
    3.538951181591E-02));
#439 = CARTESIAN_POINT('',(2.492800190543E-03,1.282907617798E-02,
    3.551190275236E-02));
#440 = CARTESIAN_POINT('',(-8.167052274319E-04,1.320283814507E-02,
    3.563429439332E-02));
#441 = CARTESIAN_POINT('',(-4.145868798542E-03,1.263698983385E-02,
    3.575673379044E-02));
#442 = CARTESIAN_POINT('',(-7.201320937243E-03,1.117468828026E-02,
    3.587934046013E-02));
#443 = CARTESIAN_POINT('',(-9.714330462502E-03,8.941919634689E-03,
    3.600224386477E-02));
#444 = CARTESIAN_POINT('',(-1.147703031138E-02,6.135661114598E-03,
    3.612552089404E-02));
#445 = CARTESIAN_POINT('',(-1.237864325267E-02,3.012042957055E-03,
    3.624913334619E-02));
#446 = CARTESIAN_POINT('',(-1.244170760043E-02,-1.254896286937E-04,
    3.637286540932E-02));
#447 = CARTESIAN_POINT('',(-1.248476477216E-02,-2.4740878004E-03,
    3.646571979277E-02));
#448 = CARTESIAN_POINT('',(-1.202338292682E-02,-4.869621608076E-03,
    3.655884279561E-02));
#449 = CARTESIAN_POINT('',(-1.106929290646E-02,-7.175587147103E-03,
    3.665223748402E-02));
#450 = CARTESIAN_POINT('',(-9.651455996323E-03,-9.273457679552E-03,
    3.674592377662E-02));
#451 = CARTESIAN_POINT('',(-7.816063924847E-03,-1.106268363417E-02,
    3.683993844459E-02));
#452 = CARTESIAN_POINT('',(-5.626538863667E-03,-1.246069260639E-02,
    3.693433511154E-02));
#453 = CARTESIAN_POINT('',(-3.163533427589E-03,-1.340288935832E-02,
    3.702918425365E-02));
#454 = CARTESIAN_POINT('',(-5.249306746422E-04,-1.384265581875E-02,
    3.712457319954E-02));
#455 = CARTESIAN_POINT('',(2.17415589398E-03,-1.375135108317E-02,
    3.722060613036E-02));
#456 = CARTESIAN_POINT('',(4.801382333874E-03,-1.311831141372E-02,
    3.731740407974E-02));
#457 = CARTESIAN_POINT('',(7.401901973582E-03,-1.257461311835E-02,
    3.741070953477E-02));
#458 = CARTESIAN_POINT('',(1.014116072799E-02,-1.099401571251E-02,
    3.752372772135E-02));
#459 = CARTESIAN_POINT('',(1.233516824222E-02,-9.995765032121E-03,
    3.75942405645E-02));
#460 = CARTESIAN_POINT('',(1.46618164903E-02,-7.455402479212E-03,
    3.77011947594E-02));
#461 = CARTESIAN_POINT('',(1.676092013805E-02,-4.055121117889E-03,
    3.784319706357E-02));
#462 = CARTESIAN_POINT('',(1.793344913271E-02,-1.243338743435E-03,
    3.794078270806E-02));
#463 = CARTESIAN_POINT('',(1.806878418017E-02,1.156581146122E-03,
    3.79299071449E-02));
#464 = CARTESIAN_POINT('',(1.753112572952E-02,4.213620339519E-03,
    3.783809031658E-02));
#465 = CARTESIAN_POINT('',(1.633848704365E-02,7.32265952106E-03,
    3.775862159937E-02));
#466 = CARTESIAN_POINT('',(1.457000189357E-02,9.859635949408E-03,
    3.766221254113E-02));
#467 = CARTESIAN_POINT('',(1.041569912021E-02,1.59288587215E-02,
    3.74427541278E-02));
#468 = CARTESIAN_POINT('',(3.525445088363E-03,2.008934165601E-02,
    3.722290056468E-02));
#469 = CARTESIAN_POINT('',(-5.301860104782E-03,2.088324487087E-02,
    3.700393739073E-02));
#470 = CARTESIAN_POINT('',(-1.399199611097E-02,1.733376135188E-02,
    3.678509177544E-02));
#471 = CARTESIAN_POINT('',(-2.020056137673E-02,9.916189080068E-03,
    3.656601497467E-02));
#472 = CARTESIAN_POINT('',(-2.223654162326E-02,4.678773567211E-04,
    3.634710695937E-02));
#473 = CARTESIAN_POINT('',(-1.970726076865E-02,-8.546688551725E-03,
    3.612876388403E-02));
#474 = CARTESIAN_POINT('',(-1.368766729913E-02,-1.499940032626E-02,
    3.591062906351E-02));
#475 = CARTESIAN_POINT('',(-6.216909097846E-03,-1.787437294358E-02,
    3.569192812505E-02));
#476 = CARTESIAN_POINT('',(1.074850261801E-03,-1.743986033717E-02,
    3.547396900373E-02));
#477 = CARTESIAN_POINT('',(1.560074658039E-02,-1.651955666989E-02,
    3.503774343567E-02));
#478 = CARTESIAN_POINT('',(2.967096050282E-02,-1.950671774051E-03,
    3.460187339961E-02));
#479 = CARTESIAN_POINT('',(2.680554101691E-02,2.432583089089E-02,
    3.416688698597E-02));
#480 = CARTESIAN_POINT('',(2.172695134799E-03,4.862783537893E-02,
    3.373145670111E-02));
#481 = CARTESIAN_POINT('',(-5.435115002022E-02,2.761567984428E-02,
    3.329688871261E-02));
#482 = CARTESIAN_POINT('',(-3.792880808746E-02,-3.033227334634E-02,
    3.286321855069E-02));
#483 = CARTESIAN_POINT('',(-3.913394479921E-03,-3.58808553599E-02,
    3.242796674782E-02));
#484 = CARTESIAN_POINT('',(1.895434826157E-02,-2.278568832715E-02,
    3.199431092578E-02));
#485 = CARTESIAN_POINT('',(2.244208926952E-02,-2.913526470601E-03,
    3.155990005286E-02));
#486 = CARTESIAN_POINT('',(1.46843827791E-02,9.323187282267E-03,
    3.112565743876E-02));
#487 = CARTESIAN_POINT('',(7.482408353168E-03,2.078618000954E-02,
    3.07226326196E-02));
#488 = CARTESIAN_POINT('',(-9.878951246151E-03,2.543756903248E-02,
    3.031806565102E-02));
#489 = CARTESIAN_POINT('',(-2.949828654265E-02,1.652340100179E-02,
    2.991731366989E-02));
#490 = CARTESIAN_POINT('',(-4.058384570159E-02,-1.579776068773E-02,
    2.951036714265E-02));
#491 = CARTESIAN_POINT('',(-1.18957417845E-02,-4.33248706356E-02,
    2.91079611881E-02));
#492 = CARTESIAN_POINT('',(2.687992362619E-02,-3.438856565794E-02,
    2.870526231266E-02));
#493 = CARTESIAN_POINT('',(3.395961376695E-02,-8.114328209487E-04,
    2.829739455926E-02));
#494 = CARTESIAN_POINT('',(2.154570004984E-02,1.696256256078E-02,
    2.789505678411E-02));
#495 = CARTESIAN_POINT('',(4.14321384984E-03,2.183631909455E-02,
    2.748833295529E-02));
#496 = CARTESIAN_POINT('',(-7.975883857855E-03,1.559319617523E-02,
    2.708251001328E-02));
#497 = CARTESIAN_POINT('',(-2.118360079576E-02,8.981593566718E-03,
    2.664525103146E-02));
#498 = CARTESIAN_POINT('',(-2.690110542199E-02,-1.016127324121E-02,
    2.620715796833E-02));
#499 = CARTESIAN_POINT('',(-1.876912731314E-02,-3.289362732518E-02,
    2.576891623272E-02));
#500 = CARTESIAN_POINT('',(2.409006771051E-02,-4.64862593985E-02,
    2.532880717223E-02));
#501 = CARTESIAN_POINT('',(5.34120071282E-02,-3.522073125547E-03,
    2.488890898895E-02));
#502 = CARTESIAN_POINT('',(3.021869117706E-02,4.314515778011E-02,
    2.444809246128E-02));
#503 = CARTESIAN_POINT('',(-1.462262675347E-02,3.551929131742E-02,
    2.400522113607E-02));
#504 = CARTESIAN_POINT('',(-2.5784129E-02,1.358446762017E-02,
    2.356237213045E-02));
#505 = CARTESIAN_POINT('',(-2.249395555753E-02,-6.41162420488E-03,
    2.311785580559E-02));
#506 = CARTESIAN_POINT('',(-9.988188768488E-03,-1.478865833204E-02,
    2.267233034588E-02));
#507 = CARTESIAN_POINT('',(1.461956934404E-03,-2.264869364117E-02,
    2.225880618776E-02));
#508 = CARTESIAN_POINT('',(1.974151839419E-02,-1.996645388071E-02,
    2.184300797164E-02));
#509 = CARTESIAN_POINT('',(3.462767595071E-02,-3.575371255349E-03,
    2.142943309556E-02));
#510 = CARTESIAN_POINT('',(3.208777784224E-02,3.153530019699E-02,
    2.100976241596E-02));
#511 = CARTESIAN_POINT('',(-6.397336873995E-03,4.612445541419E-02,
    2.059281059577E-02));
#512 = CARTESIAN_POINT('',(-3.978045864767E-02,2.182613710652E-02,
    2.017469880717E-02));
#513 = CARTESIAN_POINT('',(-3.285704944435E-02,-1.327725056126E-02,
    1.975138183141E-02));
#514 = CARTESIAN_POINT('',(-1.357613282458E-02,-2.517738212571E-02,
    1.933153742551E-02));
#515 = CARTESIAN_POINT('',(5.118804463624E-03,-2.265450500915E-02,
    1.890722358555E-02));
#516 = CARTESIAN_POINT('',(1.416270976469E-02,-1.162439522814E-02,
    1.848262903057E-02));
#517 = CARTESIAN_POINT('',(2.409963623618E-02,2.043458064856E-04,
    1.802520654618E-02));
#518 = CARTESIAN_POINT('',(2.163640350669E-02,2.101861641131E-02,
    1.756598823515E-02));
#519 = CARTESIAN_POINT('',(4.425654169551E-03,3.944672450344E-02,
    1.710547651616E-02));
#520 = CARTESIAN_POINT('',(-4.260459031678E-02,3.501114944058E-02,
    1.664245005627E-02));
#521 = CARTESIAN_POINT('',(-5.328216978299E-02,-1.883789861023E-02,
    1.617835500719E-02));
#522 = CARTESIAN_POINT('',(-1.138329838058E-02,-5.460949258216E-02,
    1.571241743595E-02));
#523 = CARTESIAN_POINT('',(2.920885616481E-02,-2.845706108245E-02,
    1.524383909663E-02));
#524 = CARTESIAN_POINT('',(3.085453640722E-02,-2.352197639394E-03,
    1.477405573242E-02));
#525 = CARTESIAN_POINT('',(1.922394691241E-02,1.577276870316E-02,
    1.430192569293E-02));
#526 = CARTESIAN_POINT('',(3.471906852422E-03,1.866791607555E-02,
    1.382787680154E-02));
#527 = CARTESIAN_POINT('',(-1.206615921534E-02,2.163514768921E-02,
    1.335385731789E-02));
#528 = CARTESIAN_POINT('',(-3.08891902378E-02,1.006158312978E-02,
    1.28775192377E-02));
#529 = CARTESIAN_POINT('',(-3.520268208567E-02,-1.835911093312E-02,
    1.240006295584E-02));
#530 = CARTESIAN_POINT('',(-1.583814968272E-02,-5.134487125516E-02,
    1.191837352984E-02));
#531 = CARTESIAN_POINT('',(5.015385074235E-02,-4.513169389442E-02,
    1.143767799122E-02));
#532 = CARTESIAN_POINT('',(5.027179262753E-02,2.189435144887E-02,
    1.095169830855E-02));
#533 = CARTESIAN_POINT('',(1.416120198383E-02,3.819622494151E-02,
    1.046565445632E-02));
#534 = CARTESIAN_POINT('',(-1.429053216115E-02,3.023510518067E-02,
    9.976257705498E-03));
#535 = CARTESIAN_POINT('',(-2.38707138826E-02,9.466282230646E-03,
    9.485034332263E-03));
#536 = CARTESIAN_POINT('',(-1.877272114854E-02,-6.203599875749E-03,
    8.991408373548E-03));
#537 = CARTESIAN_POINT('',(-1.620690486168E-02,-1.404903606276E-02,
    8.744681861283E-03));
#538 = CARTESIAN_POINT('',(-1.001424345233E-02,-2.075716744392E-02,
    8.49706801914E-03));
#539 = CARTESIAN_POINT('',(-7.720942245487E-04,-2.436247515304E-02,
    8.249342248882E-03));
#540 = CARTESIAN_POINT('',(9.841682961873E-03,-2.331672789315E-02,
    8.000803697257E-03));
#541 = CARTESIAN_POINT('',(1.90533629158E-02,-1.725564072798E-02,
    7.751540174141E-03));
#542 = CARTESIAN_POINT('',(2.429577139576E-02,-7.51623102369E-03,
    7.501879068969E-03));
#543 = CARTESIAN_POINT('',(2.439415480424E-02,3.237717460174E-03,
    7.251707071535E-03));
#544 = CARTESIAN_POINT('',(1.990154886506E-02,1.222930955827E-02,
    7.000746685652E-03));
#545 = CARTESIAN_POINT('',(1.253006307051E-02,1.787317822213E-02,
    6.749282705596E-03));
#546 = CARTESIAN_POINT('',(4.304868897313E-03,1.972761226049E-02,
    6.497237007739E-03));
#547 = CARTESIAN_POINT('',(7.702135653198E-04,2.05072514721E-02,
    6.390322430258E-03));
#548 = CARTESIAN_POINT('',(-2.905030949971E-03,2.059852181992E-02,
    6.280095815326E-03));
#549 = CARTESIAN_POINT('',(-6.594976040421E-03,1.99448901289E-02,
    6.171350451702E-03));
#550 = CARTESIAN_POINT('',(-1.013992670656E-02,1.856383863625E-02,
    6.064912459227E-03));
#551 = CARTESIAN_POINT('',(-1.335954371847E-02,1.6504885019E-02,
    5.958615407511E-03));
#552 = CARTESIAN_POINT('',(-1.607805648999E-02,1.383483437243E-02,
    5.849250827674E-03));
#553 = CARTESIAN_POINT('',(-1.816152666632E-02,1.065026313918E-02,
    5.735494617127E-03));
#554 = CARTESIAN_POINT('',(-1.956716242481E-02,7.117234989298E-03,
    5.6218093374E-03));
#555 = CARTESIAN_POINT('',(-2.040468348924E-02,3.538248650894E-03,
    5.52332240501E-03));
#556 = CARTESIAN_POINT('',(-2.100973685733E-02,4.464176917496E-04,
    5.471680175385E-03));
#557 = CARTESIAN_POINT('',(-2.173973659772E-02,-3.635882284167E-03,
    5.400735658211E-03));
#558 = CARTESIAN_POINT('',(-2.197055806024E-02,-7.742416527038E-03,
    5.378303434875E-03));
#559 = CARTESIAN_POINT('',(-2.120622307642E-02,-9.183472063256E-03,
    5.452584798806E-03));
#560 = CARTESIAN_POINT('',(-2.181415124285E-02,-1.565277239059E-02,
    5.393503722669E-03));
#561 = CARTESIAN_POINT('',(-2.175933011682E-02,-1.756277146309E-02,
    5.39883147568E-03));
#562 = CARTESIAN_POINT('',(-2.140140021442E-02,-1.984867100295E-02,
    5.433616644366E-03));
#563 = CARTESIAN_POINT('',(-2.179597072821E-02,-2.642445551267E-02,
    5.39527058334E-03));
#564 = CARTESIAN_POINT('',(-2.157508508947E-02,-2.72243049317E-02,
    5.416737200553E-03));
#565 = CARTESIAN_POINT('',(-2.164524896134E-02,-3.375506199445E-02,
    5.409918373452E-03));
#566 = CARTESIAN_POINT('',(-2.163481696361E-02,-4.432E-02,
    5.410932199898E-03));
#567 = CARTESIAN_POINT('',(1.466181325701E-02,-4.432E-02,
    3.420202289842E-03));
#568 = CARTESIAN_POINT('',(1.465965235664E-02,-3.639648886622E-02,
    3.420498017726E-03));
#569 = CARTESIAN_POINT('',(1.46736808871E-02,-3.0752540916E-02,
    3.418578157062E-03));
#570 = CARTESIAN_POINT('',(1.463505717512E-02,-2.806456494278E-02,
    3.423863966972E-03));
#571 = CARTESIAN_POINT('',(1.468268014623E-02,-2.481934167869E-02,
    3.417346572353E-03));
#572 = CARTESIAN_POINT('',(1.468546970941E-02,-2.202925088531E-02,
    3.41696480944E-03));
#573 = CARTESIAN_POINT('',(1.461016232236E-02,-2.010686097951E-02,
    3.427270927433E-03));
#574 = CARTESIAN_POINT('',(1.464182543736E-02,-1.636162597385E-02,
    3.422937703136E-03));
#575 = CARTESIAN_POINT('',(1.479702004281E-02,-9.747187447893E-03,
    3.401698698865E-03));
#576 = CARTESIAN_POINT('',(1.46022660284E-02,-5.653532203264E-03,
    3.428351566933E-03));
#577 = CARTESIAN_POINT('',(1.424319061673E-02,-1.704009191906E-03,
    3.477492477342E-03));
#578 = CARTESIAN_POINT('',(1.387603929644E-02,2.121092923339E-03,
    3.527703087858E-03));
#579 = CARTESIAN_POINT('',(1.322915869305E-02,4.974193353172E-03,
    3.611805766988E-03));
#580 = CARTESIAN_POINT('',(1.248602284774E-02,6.850946037784E-03,
    3.708017043018E-03));
#581 = CARTESIAN_POINT('',(1.129316281172E-02,8.623074394911E-03,
    3.804210021032E-03));
#582 = CARTESIAN_POINT('',(9.553692897621E-03,1.05453770983E-02,
    3.89685439769E-03));
#583 = CARTESIAN_POINT('',(7.492132861799E-03,1.219957991677E-02,
    3.987585963898E-03));
#584 = CARTESIAN_POINT('',(5.359209650405E-03,1.313958515964E-02,
    4.079087995859E-03));
#585 = CARTESIAN_POINT('',(3.145322340972E-03,1.350267027267E-02,
    4.171966935761E-03));
#586 = CARTESIAN_POINT('',(6.713539123765E-04,1.385118713054E-02,
    4.264304762473E-03));
#587 = CARTESIAN_POINT('',(-1.574486524784E-03,1.35093135701E-02,
    4.35557045347E-03));
#588 = CARTESIAN_POINT('',(-6.899520605602E-03,1.279565786191E-02,
    4.569515712573E-03));
#589 = CARTESIAN_POINT('',(-1.195966782203E-02,9.877088185265E-03,
    4.782578560197E-03));
#590 = CARTESIAN_POINT('',(-1.5495950132E-02,4.601734313902E-03,
    4.994757827654E-03));
#591 = CARTESIAN_POINT('',(-1.645558762081E-02,-2.000292251471E-03,
    5.206041074394E-03));
#592 = CARTESIAN_POINT('',(-1.441335394116E-02,-8.426122100063E-03,
    5.416429360645E-03));
#593 = CARTESIAN_POINT('',(-9.746036612058E-03,-1.324848797296E-02,
    5.625946704936E-03));
#594 = CARTESIAN_POINT('',(-3.560002176421E-03,-1.55032210703E-02,
    5.834634226538E-03));
#595 = CARTESIAN_POINT('',(2.628133782355E-03,-1.491588360325E-02,
    6.042528972781E-03));
#596 = CARTESIAN_POINT('',(7.457731765148E-03,-1.196753759141E-02,
    6.249627431282E-03));
#597 = CARTESIAN_POINT('',(1.053724862292E-02,-7.799649904975E-03,
    6.455833727064E-03));
#598 = CARTESIAN_POINT('',(1.670888766266E-02,6.115709659689E-04,
    6.868295911508E-03));
#599 = CARTESIAN_POINT('',(1.484235383505E-02,1.428009455932E-02,
    7.277699996132E-03));
#600 = CARTESIAN_POINT('',(2.720577624229E-03,2.576444378802E-02,
    7.683478544571E-03));
#601 = CARTESIAN_POINT('',(-2.430111692002E-02,2.29727351297E-02,
    8.087359245126E-03));
#602 = CARTESIAN_POINT('',(-3.341681855929E-02,-6.676780319974E-03,
    8.487274472758E-03));
#603 = CARTESIAN_POINT('',(-1.326580831275E-02,-2.997363080399E-02,
    8.884472005175E-03));
#604 = CARTESIAN_POINT('',(1.160817402198E-02,-2.194326384784E-02,
    9.280156131923E-03));
#605 = CARTESIAN_POINT('',(1.820569354485E-02,-7.584062258197E-03,
    9.672240436868E-03));
#606 = CARTESIAN_POINT('',(1.498176541591E-02,5.159342822863E-03,
    1.006259776192E-02));
#607 = CARTESIAN_POINT('',(6.67336955583E-03,1.036837803333E-02,
    1.045054927426E-02));
#608 = CARTESIAN_POINT('',(-1.143823614333E-03,1.525168659244E-02,
    1.081080051711E-02));
#609 = CARTESIAN_POINT('',(-1.18828841107E-02,1.360556141732E-02,
    1.116931773754E-02));
#610 = CARTESIAN_POINT('',(-2.351558743874E-02,3.139804957104E-03,
    1.152593024772E-02));
#611 = CARTESIAN_POINT('',(-1.992178148569E-02,-1.707546228712E-02,
    1.188084582276E-02));
#612 = CARTESIAN_POINT('',(-7.677624905665E-04,-2.802728671269E-02,
    1.223437710525E-02));
#613 = CARTESIAN_POINT('',(1.873362967605E-02,-1.801607040018E-02,
    1.258658202414E-02));
#614 = CARTESIAN_POINT('',(2.317806753416E-02,1.745324033666E-03,
    1.293735228166E-02));
#615 = CARTESIAN_POINT('',(1.242519288763E-02,1.242015140237E-02,
    1.328686913078E-02));
#616 = CARTESIAN_POINT('',(2.12810311739E-03,1.468945474405E-02,
    1.363573083373E-02));
#617 = CARTESIAN_POINT('',(-5.701125639567E-03,1.044705007337E-02,
    1.398344136091E-02));
#618 = CARTESIAN_POINT('',(-1.402171828658E-02,5.924251220855E-03,
    1.435792440241E-02));
#619 = CARTESIAN_POINT('',(-1.782419741354E-02,-6.06717996062E-03,
    1.473162506392E-02));
#620 = CARTESIAN_POINT('',(-1.231088864227E-02,-2.025260547089E-02,
    1.51037600791E-02));
#621 = CARTESIAN_POINT('',(1.102868787113E-02,-2.879744252034E-02,
    1.547662611699E-02));
#622 = CARTESIAN_POINT('',(3.071781527212E-02,-7.847069264816E-03,
    1.584755559854E-02));
#623 = CARTESIAN_POINT('',(2.341659429075E-02,1.993154687322E-02,
    1.621813491411E-02));
#624 = CARTESIAN_POINT('',(-1.039546224592E-03,2.353668709675E-02,
    1.658993573788E-02));
#625 = CARTESIAN_POINT('',(-1.260895874674E-02,1.382932193165E-02,
    1.696028042071E-02));
#626 = CARTESIAN_POINT('',(-1.502607336384E-02,1.570209601073E-03,
    1.733150430352E-02));
#627 = CARTESIAN_POINT('',(-9.956753092527E-03,-6.332404291387E-03,
    1.770279122815E-02));
#628 = CARTESIAN_POINT('',(-5.325623838241E-03,-1.367713922406E-02,
    1.804730017435E-02));
#629 = CARTESIAN_POINT('',(5.484951629859E-03,-1.705089450479E-02,
    1.839391710498E-02));
#630 = CARTESIAN_POINT('',(1.798050409618E-02,-1.183915862879E-02,
    1.873603886222E-02));
#631 = CARTESIAN_POINT('',(2.589856121617E-02,6.071010766344E-03,
    1.908614716527E-02));
#632 = CARTESIAN_POINT('',(1.258259706498E-02,2.455038949928E-02,
    1.943101267711E-02));
#633 = CARTESIAN_POINT('',(-1.025743408827E-02,2.47354344045E-02,
    1.977664627575E-02));
#634 = CARTESIAN_POINT('',(-2.040936776419E-02,7.699333996693E-03,
    2.012915625372E-02));
#635 = CARTESIAN_POINT('',(-1.725744215845E-02,-5.701990613411E-03,
    2.047539353037E-02));
#636 = CARTESIAN_POINT('',(-8.036463294164E-03,-1.260278048694E-02,
    2.082761775985E-02));
#637 = CARTESIAN_POINT('',(8.120789113768E-04,-1.202125040659E-02,
    2.117939545537E-02));
#638 = CARTESIAN_POINT('',(1.037986068612E-02,-1.147012689107E-02,
    2.155849983577E-02));
#639 = CARTESIAN_POINT('',(1.911943470185E-02,-2.086847995702E-03,
    2.193937661339E-02));
#640 = CARTESIAN_POINT('',(2.02217617446E-02,1.331448611751E-02,
    2.232130606545E-02));
#641 = CARTESIAN_POINT('',(2.670019586049E-03,3.176458398942E-02,
    2.270633467142E-02));
#642 = CARTESIAN_POINT('',(-2.533988139629E-02,2.126573235983E-02,
    2.309214636379E-02));
#643 = CARTESIAN_POINT('',(-3.133932095703E-02,-8.212970215937E-03,
    2.348010031578E-02));
#644 = CARTESIAN_POINT('',(-9.697994151163E-03,-2.311040831194E-02,
    2.387157500526E-02));
#645 = CARTESIAN_POINT('',(5.92002764454E-03,-1.902012397282E-02,
    2.426425660747E-02));
#646 = CARTESIAN_POINT('',(1.385828354704E-02,-8.306484770499E-03,
    2.466010999863E-02));
#647 = CARTESIAN_POINT('',(1.254884507806E-02,1.683871288285E-03,
    2.505847280054E-02));
#648 = CARTESIAN_POINT('',(1.141028515388E-02,1.092936224349E-02,
    2.54281809614E-02));
#649 = CARTESIAN_POINT('',(2.44058807296E-03,1.919642789179E-02,
    2.580158229393E-02));
#650 = CARTESIAN_POINT('',(-1.21455940607E-02,1.991024308269E-02,
    2.61738539928E-02));
#651 = CARTESIAN_POINT('',(-2.834374820262E-02,6.18279149275E-03,
    2.6553954274E-02));
#652 = CARTESIAN_POINT('',(-2.408116541727E-02,-1.839999774621E-02,
    2.69326030334E-02));
#653 = CARTESIAN_POINT('',(-1.531890264342E-03,-2.956760384843E-02,
    2.731384037068E-02));
#654 = CARTESIAN_POINT('',(1.690425151376E-02,-1.743228061029E-02,
    2.770203269572E-02));
#655 = CARTESIAN_POINT('',(2.009644494716E-02,-2.395796533567E-03,
    2.808816318109E-02));
#656 = CARTESIAN_POINT('',(1.409928465831E-02,8.964970831182E-03,
    2.848043463118E-02));
#657 = CARTESIAN_POINT('',(4.849654411743E-03,1.259770767431E-02,
    2.887462840663E-02));
#658 = CARTESIAN_POINT('',(-1.272172106107E-04,1.452215311485E-02,
    2.908695094519E-02));
#659 = CARTESIAN_POINT('',(-5.952995609836E-03,1.442140994659E-02,
    2.930024022243E-02));
#660 = CARTESIAN_POINT('',(-1.166014482008E-02,1.151763931535E-02,
    2.951440632729E-02));
#661 = CARTESIAN_POINT('',(-1.579883369538E-02,6.141574748451E-03,
    2.972944777419E-02));
#662 = CARTESIAN_POINT('',(-1.719903775083E-02,-6.321352684534E-04,
    2.99453996153E-02));
#663 = CARTESIAN_POINT('',(-1.542842764058E-02,-7.353922634019E-03,
    3.016229785755E-02));
#664 = CARTESIAN_POINT('',(-1.094604427281E-02,-1.257263289385E-02,
    3.038016018394E-02));
#665 = CARTESIAN_POINT('',(-4.951760561583E-03,-1.521319642228E-02,
    3.059898297951E-02));
#666 = CARTESIAN_POINT('',(1.068470184377E-03,-1.495863752436E-02,
    3.081875466176E-02));
#667 = CARTESIAN_POINT('',(6.101579236038E-03,-1.263642145705E-02,
    3.103948531562E-02));
#668 = CARTESIAN_POINT('',(8.256435499883E-03,-1.164896525903E-02,
    3.113284851924E-02));
#669 = CARTESIAN_POINT('',(1.021480817902E-02,-1.017321096081E-02,
    3.122981734515E-02));
#670 = CARTESIAN_POINT('',(1.191038924641E-02,-8.368479128499E-03,
    3.132545055972E-02));
#671 = CARTESIAN_POINT('',(1.326715586885E-02,-6.314049990551E-03,
    3.141887043818E-02));
#672 = CARTESIAN_POINT('',(1.420938266805E-02,-4.042806523329E-03,
    3.151180769604E-02));
#673 = CARTESIAN_POINT('',(1.467165398178E-02,-1.574877536482E-03,
    3.160714642038E-02));
#674 = CARTESIAN_POINT('',(1.460887612498E-02,1.048719241479E-03,
    3.170746900136E-02));
#675 = CARTESIAN_POINT('',(1.40062896508E-02,3.732434077766E-03,
    3.181360106347E-02));
#676 = CARTESIAN_POINT('',(1.28894816118E-02,6.292542149796E-03,
    3.1923156397E-02));
#677 = CARTESIAN_POINT('',(1.133439782102E-02,8.423500459721E-03,
    3.20290818894E-02));
#678 = CARTESIAN_POINT('',(9.247817980454E-03,1.127967418519E-02,
    3.217155449202E-02));
#679 = CARTESIAN_POINT('',(6.357318521656E-03,1.36122713663E-02,
    3.231456255632E-02));
#680 = CARTESIAN_POINT('',(2.832085625528E-03,1.509474037859E-02,
    3.245799480208E-02));
#681 = CARTESIAN_POINT('',(-1.056029760488E-03,1.553768761726E-02,
    3.260181426222E-02));
#682 = CARTESIAN_POINT('',(-4.975888599569E-03,1.487600413754E-02,
    3.274603446611E-02));
#683 = CARTESIAN_POINT('',(-8.580440442602E-03,1.315599229502E-02,
    3.289069562267E-02));
#684 = CARTESIAN_POINT('',(-1.155010010538E-02,1.052249238614E-02,
    3.303584080359E-02));
#685 = CARTESIAN_POINT('',(-1.363612434566E-02,7.206009288494E-03,
    3.318149212652E-02));
#686 = CARTESIAN_POINT('',(-1.470398854039E-02,3.509839101234E-03,
    3.332762693824E-02));
#687 = CARTESIAN_POINT('',(-1.477676336275E-02,-2.028042145288E-04,
    3.347415399787E-02));
#688 = CARTESIAN_POINT('',(-1.482996300385E-02,-2.982084820518E-03,
    3.358406106731E-02));
#689 = CARTESIAN_POINT('',(-1.42835143132E-02,-5.817653976087E-03,
    3.369425953537E-02));
#690 = CARTESIAN_POINT('',(-1.315307849159E-02,-8.545786958733E-03,
    3.380474351959E-02));
#691 = CARTESIAN_POINT('',(-1.147484862048E-02,-1.102501142414E-02,
    3.391551036883E-02));
#692 = CARTESIAN_POINT('',(-9.30554966199E-03,-1.313610740616E-02,
    3.402656066336E-02));
#693 = CARTESIAN_POINT('',(-6.722438458933E-03,-1.478210731682E-02,
    3.413789821472E-02));
#694 = CARTESIAN_POINT('',(-3.823303734753E-03,-1.588829594633E-02,
    3.424953006589E-02));
#695 = CARTESIAN_POINT('',(-7.264660936129E-04,-1.640221046307E-02,
    3.436146649114E-02));
#696 = CARTESIAN_POINT('',(2.429221979697E-03,-1.62936404136E-02,
    3.447372099611E-02));
#697 = CARTESIAN_POINT('',(5.484376119691E-03,-1.555462772266E-02,
    3.45863103178E-02));
#698 = CARTESIAN_POINT('',(8.54399237877E-03,-1.485895105615E-02,
    3.469657032615E-02));
#699 = CARTESIAN_POINT('',(1.158706212187E-02,-1.329943001466E-02,
    3.482028015612E-02));
#700 = CARTESIAN_POINT('',(1.434281796295E-02,-1.169561038257E-02,
    3.49154374191E-02));
#701 = CARTESIAN_POINT('',(1.683111129828E-02,-8.942021222363E-03,
    3.502682153066E-02));
#702 = CARTESIAN_POINT('',(1.907264939385E-02,-5.466799868435E-03,
    3.518065224927E-02));
#703 = CARTESIAN_POINT('',(2.065751170451E-02,-2.089638921456E-03,
    3.530820777828E-02));
#704 = CARTESIAN_POINT('',(2.098773337031E-02,1.220187979772E-03,
    3.530442140441E-02));
#705 = CARTESIAN_POINT('',(2.007118016887E-02,4.86460915399E-03,
    3.517739483117E-02));
#706 = CARTESIAN_POINT('',(1.880537553531E-02,8.274878508829E-03,
    3.509468555157E-02));
#707 = CARTESIAN_POINT('',(1.675137659479E-02,1.124521599717E-02,
    3.498214479025E-02));
#708 = CARTESIAN_POINT('',(1.198887341083E-02,1.821044131361E-02,
    3.473032565549E-02));
#709 = CARTESIAN_POINT('',(4.093681460582E-03,2.295673710042E-02,
    3.447902918298E-02));
#710 = CARTESIAN_POINT('',(-5.997459494892E-03,2.385775374352E-02,
    3.422858027998E-02));
#711 = CARTESIAN_POINT('',(-1.590489472953E-02,1.979502092075E-02,
    3.397876435647E-02));
#712 = CARTESIAN_POINT('',(-2.29581925039E-02,1.1326451785E-02,
    3.37294971414E-02));
#713 = CARTESIAN_POINT('',(-2.524833088213E-02,5.774588626605E-04,
    3.348089811414E-02));
#714 = CARTESIAN_POINT('',(-2.235577813349E-02,-9.632151187826E-03,
    3.323307227571E-02));
#715 = CARTESIAN_POINT('',(-1.553031143686E-02,-1.691233681146E-02,
    3.298590498557E-02));
#716 = CARTESIAN_POINT('',(-7.098418607686E-03,-2.01648676421E-02,
    3.273917458828E-02));
#717 = CARTESIAN_POINT('',(1.125872434117E-03,-1.967009029157E-02,
    3.249328755587E-02));
#718 = CARTESIAN_POINT('',(1.751479469091E-02,-1.864473070638E-02,
    3.200137719255E-02));
#719 = CARTESIAN_POINT('',(3.323278874351E-02,-2.152640059259E-03,
    3.151219907699E-02));
#720 = CARTESIAN_POINT('',(3.015697566433E-02,2.711300628685E-02,
    3.102499564499E-02));
#721 = CARTESIAN_POINT('',(1.803571318869E-03,5.45260039799E-02,
    3.054177226791E-02));
#722 = CARTESIAN_POINT('',(-6.010890904102E-02,2.975653677196E-02,
    3.005831377908E-02));
#723 = CARTESIAN_POINT('',(-4.153981602864E-02,-3.341679275369E-02,
    2.958116293301E-02));
#724 = CARTESIAN_POINT('',(-4.088853458456E-03,-3.917159713053E-02,
    2.910261951408E-02));
#725 = CARTESIAN_POINT('',(2.055819870004E-02,-2.481253677196E-02,
    2.862902521063E-02));
#726 = CARTESIAN_POINT('',(2.434247164159E-02,-3.235442500298E-03,
    2.815662845715E-02));
#727 = CARTESIAN_POINT('',(1.594103665072E-02,9.998916322428E-03,
    2.768687827801E-02));
#728 = CARTESIAN_POINT('',(8.144442021827E-03,2.240269018689E-02,
    2.725077847532E-02));
#729 = CARTESIAN_POINT('',(-1.055843370933E-02,2.735957864064E-02,
    2.681571900575E-02));
#730 = CARTESIAN_POINT('',(-3.172130971517E-02,1.771818565735E-02,
    2.63852205035E-02));
#731 = CARTESIAN_POINT('',(-4.314636466168E-02,-1.71292441352E-02,
    2.595252867054E-02));
#732 = CARTESIAN_POINT('',(-1.231060540727E-02,-4.593152102723E-02,
    2.55251129125E-02));
#733 = CARTESIAN_POINT('',(2.848054492429E-02,-3.593254759557E-02,
    2.50994214375E-02));
#734 = CARTESIAN_POINT('',(3.539475920784E-02,-7.911664586737E-04,
    2.467214871477E-02));
#735 = CARTESIAN_POINT('',(2.246505376887E-02,1.761012679371E-02,
    2.425096357258E-02));
#736 = CARTESIAN_POINT('',(4.378305391253E-03,2.263063013386E-02,
    2.38285469022E-02));
#737 = CARTESIAN_POINT('',(-8.147943859266E-03,1.61728107672E-02,
    2.340889692997E-02));
#738 = CARTESIAN_POINT('',(-2.180375229837E-02,9.327381336172E-03,
    2.295678679035E-02));
#739 = CARTESIAN_POINT('',(-2.763770454637E-02,-1.035740400285E-02,
    2.250642599419E-02));
#740 = CARTESIAN_POINT('',(-1.917701639705E-02,-3.385527029908E-02,
    2.205841804839E-02));
#741 = CARTESIAN_POINT('',(2.494762791434E-02,-4.698747366546E-02,
    2.161116898718E-02));
#742 = CARTESIAN_POINT('',(5.384161160966E-02,-3.096528258308E-03,
    2.116667059716E-02));
#743 = CARTESIAN_POINT('',(2.975419228228E-02,4.340969225978E-02,
    2.072381575231E-02));
#744 = CARTESIAN_POINT('',(-1.455919785655E-02,3.503344708316E-02,
    2.028153082764E-02));
#745 = CARTESIAN_POINT('',(-2.545826364356E-02,1.350265802101E-02,
    1.98418268134E-02));
#746 = CARTESIAN_POINT('',(-2.216804021274E-02,-6.24065485567E-03,
    1.940301279366E-02));
#747 = CARTESIAN_POINT('',(-9.893238798964E-03,-1.445178860311E-02,
    1.896578288305E-02));
#748 = CARTESIAN_POINT('',(1.34866125602E-03,-2.216375669991E-02,
    1.855998206181E-02));
#749 = CARTESIAN_POINT('',(1.919608410045E-02,-1.950013818489E-02,
    1.81539024418E-02));
#750 = CARTESIAN_POINT('',(3.371396596851E-02,-3.427851327212E-03,
    1.775293369202E-02));
#751 = CARTESIAN_POINT('',(3.076267920197E-02,3.066388570288E-02,
    1.734689632147E-02));
#752 = CARTESIAN_POINT('',(-6.411005500396E-03,4.414292573173E-02,
    1.694684746072E-02));
#753 = CARTESIAN_POINT('',(-3.796642495375E-02,2.048300923623E-02,
    1.65476917034E-02));
#754 = CARTESIAN_POINT('',(-3.095616995953E-02,-1.255688542938E-02,
    1.614446081919E-02));
#755 = CARTESIAN_POINT('',(-1.284821334131E-02,-2.369995378712E-02,
    1.574831380287E-02));
#756 = CARTESIAN_POINT('',(4.731555059675E-03,-2.127759805701E-02,
    1.534877715003E-02));
#757 = CARTESIAN_POINT('',(1.318996064232E-02,-1.095668381603E-02,
    1.495149445083E-02));
#758 = CARTESIAN_POINT('',(2.24828782048E-02,1.258628744744E-04,
    1.452340929539E-02));
#759 = CARTESIAN_POINT('',(2.016811328048E-02,1.946931655463E-02,
    1.40959087127E-02));
#760 = CARTESIAN_POINT('',(3.981607448833E-03,3.673671490221E-02,
    1.366977712648E-02));
#761 = CARTESIAN_POINT('',(-3.949274027267E-02,3.183927173419E-02,
    1.324299760905E-02));
#762 = CARTESIAN_POINT('',(-4.855311851908E-02,-1.756871765398E-02,
    1.281804891878E-02));
#763 = CARTESIAN_POINT('',(-9.910519755373E-03,-4.958408412964E-02,
    1.239356878087E-02));
#764 = CARTESIAN_POINT('',(2.631673454896E-02,-2.554128559852E-02,
    1.196821135015E-02));
#765 = CARTESIAN_POINT('',(2.774835206082E-02,-2.158909685046E-03,
    1.15444666355E-02));
#766 = CARTESIAN_POINT('',(1.726892783814E-02,1.408821482681E-02,
    1.112027500476E-02));
#767 = CARTESIAN_POINT('',(3.186938246725E-03,1.66744223915E-02,
    1.06964607272E-02));
#768 = CARTESIAN_POINT('',(-1.070364864997E-02,1.931489986665E-02,
    1.02726422686E-02));
#769 = CARTESIAN_POINT('',(-2.748937767042E-02,9.026072916599E-03,
    9.848738863568E-03));
#770 = CARTESIAN_POINT('',(-3.11245507082E-02,-1.647543092323E-02,
    9.425532960216E-03));
#771 = CARTESIAN_POINT('',(-1.393208543378E-02,-4.524887491814E-02,
    9.001038607806E-03));
#772 = CARTESIAN_POINT('',(4.463208763158E-02,-3.943191610638E-02,
    8.577632855417E-03));
#773 = CARTESIAN_POINT('',(4.326598657011E-02,1.947023942126E-02,
    8.154124302327E-03));
#774 = CARTESIAN_POINT('',(1.247730747798E-02,3.303250183675E-02,
    7.728963119456E-03));
#775 = CARTESIAN_POINT('',(-1.244006602972E-02,2.621890096182E-02,
    7.304800915636E-03));
#776 = CARTESIAN_POINT('',(-2.058562319989E-02,8.21731141699E-03,
    6.879498401981E-03));
#777 = CARTESIAN_POINT('',(-1.620616585964E-02,-5.289905384924E-03,
    6.453900318073E-03));
#778 = CARTESIAN_POINT('',(-1.399629541554E-02,-1.204549041585E-02,
    6.241274480528E-03));
#779 = CARTESIAN_POINT('',(-8.642410591071E-03,-1.785173293261E-02,
    6.027794598568E-03));
#780 = CARTESIAN_POINT('',(-7.237798212529E-04,-2.090223875849E-02,
    5.815033233232E-03));
#781 = CARTESIAN_POINT('',(8.405380067921E-03,-1.999697510743E-02,
    5.601989427372E-03));
#782 = CARTESIAN_POINT('',(1.630646578168E-02,-1.481335282087E-02,
    5.388313792115E-03));
#783 = CARTESIAN_POINT('',(2.074598031119E-02,-6.460044974869E-03,
    5.174512362169E-03));
#784 = CARTESIAN_POINT('',(2.080487344463E-02,2.740356622542E-03,
    4.960975477685E-03));
#785 = CARTESIAN_POINT('',(1.701267193373E-02,1.037555398461E-02,
    4.747258272101E-03));
#786 = CARTESIAN_POINT('',(1.06953661915E-02,1.519213995067E-02,
    4.532619664913E-03));
#787 = CARTESIAN_POINT('',(3.710045371598E-03,1.676790350377E-02,
    4.318407080044E-03));
#788 = CARTESIAN_POINT('',(7.059726040079E-04,1.739347825447E-02,
    4.226844958703E-03));
#789 = CARTESIAN_POINT('',(-2.411041645102E-03,1.755785839031E-02,
    4.13510832933E-03));
#790 = CARTESIAN_POINT('',(-5.562413137017E-03,1.697736203129E-02,
    4.041687110991E-03));
#791 = CARTESIAN_POINT('',(-8.586299885861E-03,1.572947338267E-02,
    3.94938354566E-03));
#792 = CARTESIAN_POINT('',(-1.130566897615E-02,1.397321879562E-02,
    3.859432424943E-03));
#793 = CARTESIAN_POINT('',(-1.357866955444E-02,1.179488475314E-02,
    3.769421272498E-03));
#794 = CARTESIAN_POINT('',(-1.533131199523E-02,9.179077781023E-03,
    3.675010482022E-03));
#795 = CARTESIAN_POINT('',(-1.657245324075E-02,6.105126284255E-03,
    3.575453410928E-03));
#796 = CARTESIAN_POINT('',(-1.739108831518E-02,2.768824308315E-03,
    3.482916429622E-03));
#797 = CARTESIAN_POINT('',(-1.793594801271E-02,-7.048277406716E-05,
    3.435598926429E-03));
#798 = CARTESIAN_POINT('',(-1.86051434619E-02,-3.868263549088E-03,
    3.370563632017E-03));
#799 = CARTESIAN_POINT('',(-1.882626504714E-02,-7.408806154655E-03,
    3.349074084511E-03));
#800 = CARTESIAN_POINT('',(-1.812917376792E-02,-9.159047244866E-03,
    3.416820415765E-03));
#801 = CARTESIAN_POINT('',(-1.866938261768E-02,-1.590117343596E-02,
    3.364320594334E-03));
#802 = CARTESIAN_POINT('',(-1.862996180406E-02,-1.747370778642E-02,
    3.368151678687E-03));
#803 = CARTESIAN_POINT('',(-1.830921765594E-02,-1.969383162088E-02,
    3.399322975704E-03));
#804 = CARTESIAN_POINT('',(-1.865407839679E-02,-2.66210575369E-02,
    3.365807924394E-03));
#805 = CARTESIAN_POINT('',(-1.846422188888E-02,-2.712644883665E-02,
    3.384258997104E-03));
#806 = CARTESIAN_POINT('',(-1.852367969685E-02,-3.377584478393E-02,
    3.378480631379E-03));
#807 = CARTESIAN_POINT('',(-1.851494838188E-02,-4.432E-02,
    3.379329178153E-03));
#808 = CARTESIAN_POINT('',(1.161158954218E-02,-4.432E-02,
    6.938893903907E-18));
#809 = CARTESIAN_POINT('',(1.160926607899E-02,-3.638883369606E-02,
    3.179752585437E-07));
#810 = CARTESIAN_POINT('',(1.162409748509E-02,-3.078055029371E-02,
    -1.711762158692E-06));
#811 = CARTESIAN_POINT('',(1.158382041178E-02,-2.802839975178E-02,
    3.800316882897E-06));
#812 = CARTESIAN_POINT('',(1.163290386765E-02,-2.481768154548E-02,
    -2.916950935024E-06));
#813 = CARTESIAN_POINT('',(1.163603534492E-02,-2.207218330291E-02,
    -3.34550616226E-06));
#814 = CARTESIAN_POINT('',(1.155876830964E-02,-2.010034723209E-02,
    7.228797550062E-06));
#815 = CARTESIAN_POINT('',(1.159153293414E-02,-1.630558034857E-02,
    2.7448272613E-06));
#816 = CARTESIAN_POINT('',(1.174934245953E-02,-9.757109014123E-03,
    -1.885203929258E-05));
#817 = CARTESIAN_POINT('',(1.154565808467E-02,-5.709762797261E-03,
    9.022984425264E-06));
#818 = CARTESIAN_POINT('',(1.120500578715E-02,-1.953057166711E-03,
    5.564261776379E-05));
#819 = CARTESIAN_POINT('',(1.087946130133E-02,1.676637171642E-03,
    1.021133678088E-04));
#820 = CARTESIAN_POINT('',(1.017999680855E-02,4.24859805738E-03,
    1.866767412773E-04));
#821 = CARTESIAN_POINT('',(9.687591052016E-03,5.482431971715E-03,
    2.540126035101E-04));
#822 = CARTESIAN_POINT('',(8.844576807225E-03,6.677793492142E-03,
    3.20253131705E-04));
#823 = CARTESIAN_POINT('',(7.428520480846E-03,8.287995850987E-03,
    3.968586821442E-04));
#824 = CARTESIAN_POINT('',(5.734255367789E-03,9.749766872957E-03,
    4.75383169056E-04));
#825 = CARTESIAN_POINT('',(4.103940542688E-03,1.043103162664E-02,
    5.444310243906E-04));
#826 = CARTESIAN_POINT('',(2.445017361922E-03,1.055860312483E-02,
    6.10107808826E-04));
#827 = CARTESIAN_POINT('',(3.759355523677E-04,1.098766240888E-02,
    6.912665431806E-04));
#828 = CARTESIAN_POINT('',(-1.360479136914E-03,1.067490935172E-02,
    7.608518304452E-04));
#829 = CARTESIAN_POINT('',(-5.575723984715E-03,1.010838857955E-02,
    9.301508214266E-04));
#830 = CARTESIAN_POINT('',(-9.598683766357E-03,7.797571097582E-03,
    1.099652554923E-03));
#831 = CARTESIAN_POINT('',(-1.244042793038E-02,3.596300003344E-03,
    1.26924751201E-03));
#832 = CARTESIAN_POINT('',(-1.32380268599E-02,-1.697841007359E-03,
    1.438920353692E-03));
#833 = CARTESIAN_POINT('',(-1.161720353805E-02,-6.891853298644E-03,
    1.60871443494E-03));
#834 = CARTESIAN_POINT('',(-7.850914591446E-03,-1.082821654599E-02,
    1.778699266652E-03));
#835 = CARTESIAN_POINT('',(-2.813860711895E-03,-1.269834958118E-02,
    1.948940925563E-03));
#836 = CARTESIAN_POINT('',(2.267073543776E-03,-1.223863883031E-02,
    2.119475412065E-03));
#837 = CARTESIAN_POINT('',(6.266450575821E-03,-9.809034345402E-03,
    2.290284955989E-03));
#838 = CARTESIAN_POINT('',(8.817981185426E-03,-6.354213429044E-03,
    2.46127727029E-03));
#839 = CARTESIAN_POINT('',(1.393509552067E-02,6.167520697768E-04,
    2.803296008336E-03));
#840 = CARTESIAN_POINT('',(1.244557039657E-02,1.207197353363E-02,
    3.146795384443E-03));
#841 = CARTESIAN_POINT('',(2.351371904846E-03,2.171456254088E-02,
    3.490811825718E-03));
#842 = CARTESIAN_POINT('',(-2.051056883607E-02,2.006705440624E-02,
    3.83810805659E-03));
#843 = CARTESIAN_POINT('',(-2.931152450376E-02,-5.371534933243E-03,
    4.185534913471E-03));
#844 = CARTESIAN_POINT('',(-1.231771200676E-02,-2.644975183358E-02,
    4.534947357442E-03));
#845 = CARTESIAN_POINT('',(1.047532079959E-02,-2.005949328406E-02,
    4.888214437847E-03));
#846 = CARTESIAN_POINT('',(1.66351432196E-02,-6.809678882267E-03,
    5.242185876422E-03));
#847 = CARTESIAN_POINT('',(1.375047256193E-02,4.864269590759E-03,
    5.599557099442E-03));
#848 = CARTESIAN_POINT('',(6.043513492599E-03,9.709138109038E-03,
    5.959409944898E-03));
#849 = CARTESIAN_POINT('',(-1.209972711665E-03,1.425683334093E-02,
    6.293526180322E-03));
#850 = CARTESIAN_POINT('',(-1.125368581446E-02,1.268535279848E-02,
    6.630358468791E-03));
#851 = CARTESIAN_POINT('',(-2.230671162355E-02,3.166903059027E-03,
    6.969229530664E-03));
#852 = CARTESIAN_POINT('',(-1.939584495132E-02,-1.6331220553E-02,
    7.310974323912E-03));
#853 = CARTESIAN_POINT('',(-1.101662205249E-03,-2.747957558534E-02,
    7.655712879932E-03));
#854 = CARTESIAN_POINT('',(1.849360570096E-02,-1.809947483411E-02,
    8.003242722379E-03));
#855 = CARTESIAN_POINT('',(2.349000353417E-02,1.574076234095E-03,
    8.35371343264E-03));
#856 = CARTESIAN_POINT('',(1.26357643473E-02,1.282241296883E-02,
    8.707529638847E-03));
#857 = CARTESIAN_POINT('',(2.04195972895E-03,1.51223021307E-02,
    9.064712417059E-03));
#858 = CARTESIAN_POINT('',(-6.070781175662E-03,1.074325603737E-02,
    9.425232806505E-03));
#859 = CARTESIAN_POINT('',(-1.469545585907E-02,6.066928446241E-03,
    9.813464456316E-03));
#860 = CARTESIAN_POINT('',(-1.87608413454E-02,-6.507406529616E-03,
    1.020590293055E-02));
#861 = CARTESIAN_POINT('',(-1.308796678482E-02,-2.129677029017E-02,
    1.060191962671E-02));
#862 = CARTESIAN_POINT('',(1.132535754445E-02,-3.127837190898E-02,
    1.100323376661E-02));
#863 = CARTESIAN_POINT('',(3.357945215413E-02,-9.128286596897E-03,
    1.140796669255E-02));
#864 = CARTESIAN_POINT('',(2.653053132131E-02,2.183585699592E-02,
    1.181720035646E-02));
#865 = CARTESIAN_POINT('',(-1.105208145215E-03,2.676448520385E-02,
    1.223206860526E-02));
#866 = CARTESIAN_POINT('',(-1.441694715478E-02,1.568275607368E-02,
    1.265070700883E-02));
#867 = CARTESIAN_POINT('',(-1.726310468759E-02,1.678655386955E-03,
    1.307463850294E-02));
#868 = CARTESIAN_POINT('',(-1.141005235711E-02,-7.452448226385E-03,
    1.350337802567E-02));
#869 = CARTESIAN_POINT('',(-6.066338467816E-03,-1.593482840794E-02,
    1.390135737227E-02));
#870 = CARTESIAN_POINT('',(6.487612724177E-03,-1.99091577676E-02,
    1.430443660493E-02));
#871 = CARTESIAN_POINT('',(2.110255508643E-02,-1.394627280528E-02,
    1.470973186165E-02));
#872 = CARTESIAN_POINT('',(3.085371373859E-02,6.935084949798E-03,
    1.512238746584E-02));
#873 = CARTESIAN_POINT('',(1.540494110603E-02,2.943219382039E-02,
    1.553736758456E-02));
#874 = CARTESIAN_POINT('',(-1.222590241045E-02,3.022946671042E-02,
    1.595661795792E-02));
#875 = CARTESIAN_POINT('',(-2.514509944354E-02,9.49519226884E-03,
    1.63826220447E-02));
#876 = CARTESIAN_POINT('',(-2.1247614503E-02,-7.104340136048E-03,
    1.681077623195E-02));
#877 = CARTESIAN_POINT('',(-9.890955537787E-03,-1.569053047679E-02,
    1.724497663465E-02));
#878 = CARTESIAN_POINT('',(1.136649306987E-03,-1.496640523325E-02,
    1.768334546728E-02));
#879 = CARTESIAN_POINT('',(1.304591565065E-02,-1.429423226082E-02,
    1.815548669077E-02));
#880 = CARTESIAN_POINT('',(2.404932879612E-02,-2.526872114871E-03,
    1.86330604452E-02));
#881 = CARTESIAN_POINT('',(2.54636389865E-02,1.662037608111E-02,
    1.911599730689E-02));
#882 = CARTESIAN_POINT('',(3.7874620389E-03,4.043392967685E-02,
    1.960435978721E-02));
#883 = CARTESIAN_POINT('',(-3.232097736943E-02,2.750425843497E-02,
    2.009820980935E-02));
#884 = CARTESIAN_POINT('',(-4.062147090054E-02,-1.038141731376E-02,
    2.059747040817E-02));
#885 = CARTESIAN_POINT('',(-1.25881889717E-02,-3.00294764138E-02,
    2.110213581037E-02));
#886 = CARTESIAN_POINT('',(7.715966011308E-03,-2.474481369907E-02,
    2.161229243439E-02));
#887 = CARTESIAN_POINT('',(1.81209107119E-02,-1.079361036979E-02,
    2.212774752846E-02));
#888 = CARTESIAN_POINT('',(1.640291359645E-02,2.267330001886E-03,
    2.264862214147E-02));
#889 = CARTESIAN_POINT('',(1.491694374397E-02,1.436047521126E-02,
    2.313234907825E-02));
#890 = CARTESIAN_POINT('',(3.182594350945E-03,2.51784701035E-02,
    2.362014130026E-02));
#891 = CARTESIAN_POINT('',(-1.595732523435E-02,2.622253345491E-02,
    2.411416229668E-02));
#892 = CARTESIAN_POINT('',(-3.735993208867E-02,8.222292264807E-03,
    2.460997320297E-02));
#893 = CARTESIAN_POINT('',(-3.190271825837E-02,-2.429048788957E-02,
    2.511275286954E-02));
#894 = CARTESIAN_POINT('',(-2.096826547444E-03,-3.917229000066E-02,
    2.5619758655E-02));
#895 = CARTESIAN_POINT('',(2.247485177612E-02,-2.314714796967E-02,
    2.612877950538E-02));
#896 = CARTESIAN_POINT('',(2.664155189076E-02,-3.155771394877E-03,
    2.664541995117E-02));
#897 = CARTESIAN_POINT('',(1.87217702832E-02,1.190715764158E-02,
    2.716400380079E-02));
#898 = CARTESIAN_POINT('',(6.435143280316E-03,1.673039122252E-02,
    2.768769953264E-02));
#899 = CARTESIAN_POINT('',(-1.728735463321E-04,1.928634346894E-02,
    2.796960749429E-02));
#900 = CARTESIAN_POINT('',(-7.90256052005E-03,1.91532859687E-02,
    2.825271175929E-02));
#901 = CARTESIAN_POINT('',(-1.547920897868E-02,1.529701142542E-02,
    2.853700127691E-02));
#902 = CARTESIAN_POINT('',(-2.097543535066E-02,8.158864378739E-03,
    2.882249081876E-02));
#903 = CARTESIAN_POINT('',(-2.28335866729E-02,-8.317835381407E-04,
    2.910918396514E-02));
#904 = CARTESIAN_POINT('',(-2.047957970778E-02,-9.749540864329E-03,
    2.939705678854E-02));
#905 = CARTESIAN_POINT('',(-1.452817365931E-02,-1.66694861006E-02,
    2.968606223466E-02));
#906 = CARTESIAN_POINT('',(-6.579676488285E-03,-2.016814002186E-02,
    2.997615520046E-02));
#907 = CARTESIAN_POINT('',(1.391915173427E-03,-1.982892051341E-02,
    3.026733830978E-02));
#908 = CARTESIAN_POINT('',(8.059342509481E-03,-1.675207993019E-02,
    3.055972838601E-02));
#909 = CARTESIAN_POINT('',(1.091752517122E-02,-1.539421463789E-02,
    3.068567527057E-02));
#910 = CARTESIAN_POINT('',(1.350300997533E-02,-1.351682842386E-02,
    3.081071309477E-02));
#911 = CARTESIAN_POINT('',(1.574254615889E-02,-1.117230962749E-02,
    3.093529505466E-02));
#912 = CARTESIAN_POINT('',(1.754105676249E-02,-8.417836068354E-03,
    3.106039837961E-02));
#913 = CARTESIAN_POINT('',(1.87976867793E-02,-5.322509809904E-03,
    3.118723288673E-02));
#914 = CARTESIAN_POINT('',(1.942185130403E-02,-1.974491923097E-03,
    3.131694953529E-02));
#915 = CARTESIAN_POINT('',(1.934928368205E-02,1.511862749978E-03,
    3.145034898111E-02));
#916 = CARTESIAN_POINT('',(1.85580836583E-02,4.988870832421E-03,
    3.158759013101E-02));
#917 = CARTESIAN_POINT('',(1.708476552642E-02,8.268385648922E-03,
    3.172789869721E-02));
#918 = CARTESIAN_POINT('',(1.504030627771E-02,1.111466246208E-02,
    3.186927575174E-02));
#919 = CARTESIAN_POINT('',(1.228053629278E-02,1.489685024319E-02,
    3.205803184771E-02));
#920 = CARTESIAN_POINT('',(8.457685655969E-03,1.797977293102E-02,
    3.224692261661E-02));
#921 = CARTESIAN_POINT('',(3.79989801931E-03,1.993424543821E-02,
    3.243621712204E-02));
#922 = CARTESIAN_POINT('',(-1.330700694546E-03,2.051372687787E-02,
    3.262599489383E-02));
#923 = CARTESIAN_POINT('',(-6.495409663788E-03,1.963669477658E-02,
    3.281620555763E-02));
#924 = CARTESIAN_POINT('',(-1.123636053888E-02,1.736901928717E-02,
    3.300672846475E-02));
#925 = CARTESIAN_POINT('',(-1.513392481403E-02,1.390633740181E-02,
    3.319743232163E-02));
#926 = CARTESIAN_POINT('',(-1.786412119862E-02,9.556427164725E-03,
    3.33882348197E-02));
#927 = CARTESIAN_POINT('',(-1.925602298869E-02,4.721581885268E-03,
    3.357916226493E-02));
#928 = CARTESIAN_POINT('',(-1.934916543835E-02,-1.190156492727E-04,
    3.377040920756E-02));
#929 = CARTESIAN_POINT('',(-1.942261457286E-02,-3.744754943513E-03,
    3.391377999711E-02));
#930 = CARTESIAN_POINT('',(-1.870852080937E-02,-7.433524474672E-03,
    3.405713103878E-02));
#931 = CARTESIAN_POINT('',(-1.723579220361E-02,-1.097098804568E-02,
    3.420045059026E-02));
#932 = CARTESIAN_POINT('',(-1.505889333047E-02,-1.417368741643E-02,
    3.434370684759E-02));
#933 = CARTESIAN_POINT('',(-1.225784528402E-02,-1.688904230376E-02,
    3.448684794505E-02));
#934 = CARTESIAN_POINT('',(-8.938225677544E-03,-1.899535038143E-02,
    3.462980195527E-02));
#935 = CARTESIAN_POINT('',(-5.231168643454E-03,-2.040178728022E-02,
    3.477247688913E-02));
#936 = CARTESIAN_POINT('',(-1.293364833407E-03,-2.104840658778E-02,
    3.491476069585E-02));
#937 = CARTESIAN_POINT('',(2.692938581806E-03,-2.090613984876E-02,
    3.505652126293E-02));
#938 = CARTESIAN_POINT('',(6.519937912179E-03,-1.997679656475E-02,
    3.519760641617E-02));
#939 = CARTESIAN_POINT('',(1.040672174652E-02,-1.899908663558E-02,
    3.533842745282E-02));
#940 = CARTESIAN_POINT('',(1.399496740904E-02,-1.751826973873E-02,
    3.548109540295E-02));
#941 = CARTESIAN_POINT('',(1.776714972927E-02,-1.474356570078E-02,
    3.562175882776E-02));
#942 = CARTESIAN_POINT('',(2.049062132942E-02,-1.168021100003E-02,
    3.573752444037E-02));
#943 = CARTESIAN_POINT('',(2.298269885257E-02,-8.153853003246E-03,
    3.59120569059E-02));
#944 = CARTESIAN_POINT('',(2.538829999394E-02,-3.669127288389E-03,
    3.6098748738E-02));
#945 = CARTESIAN_POINT('',(2.609856037409E-02,1.427691942635E-03,
    3.610921652343E-02));
#946 = CARTESIAN_POINT('',(2.441577550538E-02,6.130974773998E-03,
    3.591233374731E-02));
#947 = CARTESIAN_POINT('',(2.304692931634E-02,1.007085463802E-02,
    3.58264645337E-02));
#948 = CARTESIAN_POINT('',(2.048498691145E-02,1.380798277465E-02,
    3.568501665732E-02));
#949 = CARTESIAN_POINT('',(1.465712549843E-02,2.234464899108E-02,
    3.537646205508E-02));
#950 = CARTESIAN_POINT('',(4.979480731586E-03,2.814095014478E-02,
    3.506912628306E-02));
#951 = CARTESIAN_POINT('',(-7.385689465474E-03,2.926768106442E-02,
    3.476157706775E-02));
#952 = CARTESIAN_POINT('',(-1.954610153333E-02,2.430257728783E-02,
    3.445465135874E-02));
#953 = CARTESIAN_POINT('',(-2.822628977086E-02,1.389849935688E-02,
    3.414874254744E-02));
#954 = CARTESIAN_POINT('',(-3.105730120066E-02,6.761050217465E-04,
    3.384342800975E-02));
#955 = CARTESIAN_POINT('',(-2.750025523919E-02,-1.187880438489E-02,
    3.353827247248E-02));
#956 = CARTESIAN_POINT('',(-1.909478160427E-02,-2.083307714539E-02,
    3.32336427026E-02));
#957 = CARTESIAN_POINT('',(-8.723349893999E-03,-2.485895766677E-02,
    3.293036901907E-02));
#958 = CARTESIAN_POINT('',(1.417495730459E-03,-2.424160004292E-02,
    3.262708912653E-02));
#959 = CARTESIAN_POINT('',(2.163042909569E-02,-2.300204767688E-02,
    3.202079842568E-02));
#960 = CARTESIAN_POINT('',(4.091402244808E-02,-2.541045863678E-03,
    3.141741634638E-02));
#961 = CARTESIAN_POINT('',(3.753583763529E-02,3.318857219667E-02,
    3.081524013938E-02));
#962 = CARTESIAN_POINT('',(1.758184478541E-03,6.778225287068E-02,
    3.021867647184E-02));
#963 = CARTESIAN_POINT('',(-7.362925423484E-02,3.653830747731E-02,
    2.962058547308E-02));
#964 = CARTESIAN_POINT('',(-5.210477077451E-02,-4.116058952699E-02,
    2.902909909444E-02));
#965 = CARTESIAN_POINT('',(-4.652097008404E-03,-4.856918825755E-02,
    2.843813319689E-02));
#966 = CARTESIAN_POINT('',(2.529903765087E-02,-3.06989799543E-02,
    2.785107433799E-02));
#967 = CARTESIAN_POINT('',(3.015910263816E-02,-4.006944219339E-03,
    2.726659310803E-02));
#968 = CARTESIAN_POINT('',(1.97327834073E-02,1.236976172088E-02,
    2.66851811958E-02));
#969 = CARTESIAN_POINT('',(1.008162316311E-02,2.772786482753E-02,
    2.614513304763E-02));
#970 = CARTESIAN_POINT('',(-1.303467975091E-02,3.382578458814E-02,
    2.560859163901E-02));
#971 = CARTESIAN_POINT('',(-3.927510690297E-02,2.194995746588E-02,
    2.507229812717E-02));
#972 = CARTESIAN_POINT('',(-5.329564753247E-02,-2.123245239606E-02,
    2.454212115651E-02));
#973 = CARTESIAN_POINT('',(-1.514227095981E-02,-5.674273361051E-02,
    2.401204868269E-02));
#974 = CARTESIAN_POINT('',(3.515847184966E-02,-4.424793145113E-02,
    2.348455164799E-02));
#975 = CARTESIAN_POINT('',(4.359193955183E-02,-9.417519495967E-04,
    2.29624697167E-02));
#976 = CARTESIAN_POINT('',(2.761611126197E-02,2.16362436649E-02,
    2.244009211855E-02));
#977 = CARTESIAN_POINT('',(5.414050535927E-03,2.780586418876E-02,
    2.192244738198E-02));
#978 = CARTESIAN_POINT('',(-9.965935029844E-03,1.987265705738E-02,
    2.140697436735E-02));
#979 = CARTESIAN_POINT('',(-2.673207128324E-02,1.1478122378E-02,
    2.085193827809E-02));
#980 = CARTESIAN_POINT('',(-3.384674745188E-02,-1.269803023037E-02,
    2.030028295643E-02));
#981 = CARTESIAN_POINT('',(-2.347826542805E-02,-4.141389228179E-02,
    1.975178288947E-02));
#982 = CARTESIAN_POINT('',(3.067821341683E-02,-5.732533139748E-02,
    1.92069026426E-02));
#983 = CARTESIAN_POINT('',(6.550699303321E-02,-3.526302435297E-03,
    1.8665160949E-02));
#984 = CARTESIAN_POINT('',(3.580911455749E-02,5.286362852559E-02,
    1.812678822119E-02));
#985 = CARTESIAN_POINT('',(-1.764559909132E-02,4.206952076748E-02,
    1.759206711291E-02));
#986 = CARTESIAN_POINT('',(-3.063138788654E-02,1.635523553782E-02,
    1.70605419264E-02));
#987 = CARTESIAN_POINT('',(-2.666541967744E-02,-7.463538745233E-03,
    1.653251447901E-02));
#988 = CARTESIAN_POINT('',(-1.193325693121E-02,-1.729625189212E-02,
    1.600791151473E-02));
#989 = CARTESIAN_POINT('',(1.561628364797E-03,-2.65526927894E-02,
    1.552077363906E-02));
#990 = CARTESIAN_POINT('',(2.287693443027E-02,-2.331752452469E-02,
    1.503653951715E-02));
#991 = CARTESIAN_POINT('',(4.029615461167E-02,-4.072298895002E-03,
    1.455551746337E-02));
#992 = CARTESIAN_POINT('',(3.634236887062E-02,3.659648225942E-02,
    1.407687471258E-02));
#993 = CARTESIAN_POINT('',(-7.817473741542E-03,5.211920163379E-02,
    1.360183295054E-02));
#994 = CARTESIAN_POINT('',(-4.470590791243E-02,2.38196647052E-02,
    1.312956718512E-02));
#995 = CARTESIAN_POINT('',(-3.612047728554E-02,-1.471505803741E-02,
    1.265964945637E-02));
#996 = CARTESIAN_POINT('',(-1.501124369145E-02,-2.758766043201E-02,
    1.219362465523E-02));
#997 = CARTESIAN_POINT('',(5.420542859651E-03,-2.474467128386E-02,
    1.172975290727E-02));
#998 = CARTESIAN_POINT('',(1.521998096554E-02,-1.277894851767E-02,
    1.126910157955E-02));
#999 = CARTESIAN_POINT('',(2.599045333261E-02,6.705236728041E-05,
    1.077295114059E-02));
#1000 = CARTESIAN_POINT('',(2.325905107129E-02,2.238595420857E-02,
    1.028010025741E-02));
#1001 = CARTESIAN_POINT('',(4.506587416201E-03,4.231245085529E-02,
    9.790811401569E-03));
#1002 = CARTESIAN_POINT('',(-4.543134319604E-02,3.596653939354E-02,
    9.30430887297E-03));
#1003 = CARTESIAN_POINT('',(-5.48092892714E-02,-2.033650090459E-02,
    8.821624421728E-03));
#1004 = CARTESIAN_POINT('',(-1.055094186785E-02,-5.583856202598E-02,
    8.342161209681E-03));
#1005 = CARTESIAN_POINT('',(2.929708348781E-02,-2.818184140209E-02,
    7.865377719688E-03));
#1006 = CARTESIAN_POINT('',(3.081491198414E-02,-2.512743823805E-03,
    7.392334659097E-03));
#1007 = CARTESIAN_POINT('',(1.915001523715E-02,1.5519625748E-02,
    6.922088954236E-03));
#1008 = CARTESIAN_POINT('',(3.635842752531E-03,1.835092160893E-02,
    6.455059598733E-03));
#1009 = CARTESIAN_POINT('',(-1.167779317076E-02,2.127200892502E-02,
    5.987982954178E-03));
#1010 = CARTESIAN_POINT('',(-3.001954830933E-02,9.846102938541E-03,
    5.524116207514E-03));
#1011 = CARTESIAN_POINT('',(-3.401038625361E-02,-1.78584935687E-02,
    5.062721089739E-03));
#1012 = CARTESIAN_POINT('',(-1.449394165767E-02,-4.947253706704E-02,
    4.605768948327E-03));
#1013 = CARTESIAN_POINT('',(4.822841622506E-02,-4.131457511295E-02,
    4.148756784351E-03));
#1014 = CARTESIAN_POINT('',(4.55326338129E-02,2.091468465266E-02,
    3.699173617367E-03));
#1015 = CARTESIAN_POINT('',(1.298263182653E-02,3.470359960519E-02,
    3.247615348295E-03));
#1016 = CARTESIAN_POINT('',(-1.295593752031E-02,2.742931643193E-02,
    2.802101895037E-03));
#1017 = CARTESIAN_POINT('',(-2.139137143048E-02,8.64733744955E-03,
    2.357774799376E-03));
#1018 = CARTESIAN_POINT('',(-1.684609875546E-02,-5.355193091567E-03,
    1.916514306485E-03));
#1019 = CARTESIAN_POINT('',(-1.455442898686E-02,-1.236270061952E-02,
    1.695977011809E-03));
#1020 = CARTESIAN_POINT('',(-9.013841186783E-03,-1.834854069966E-02,
    1.47564068701E-03));
#1021 = CARTESIAN_POINT('',(-8.415116881948E-04,-2.148071353851E-02,
    1.256363066404E-03));
#1022 = CARTESIAN_POINT('',(8.525276031863E-03,-2.051240443901E-02,
    1.03789467649E-03));
#1023 = CARTESIAN_POINT('',(1.657692358289E-02,-1.517002351466E-02,
    8.196729615533E-04));
#1024 = CARTESIAN_POINT('',(2.105851776402E-02,-6.649459422112E-03,
    6.018625556998E-04));
#1025 = CARTESIAN_POINT('',(2.108175165395E-02,2.673013506578E-03,
    3.851137023675E-04));
#1026 = CARTESIAN_POINT('',(1.722982137803E-02,1.037724877751E-02,
    1.692669089143E-04));
#1027 = CARTESIAN_POINT('',(1.086569481801E-02,1.521374936661E-02,
    -4.701198775313E-05));
#1028 = CARTESIAN_POINT('',(3.856490105888E-03,1.679529836817E-02,
    -2.619260819812E-04));
#1029 = CARTESIAN_POINT('',(8.402719460982E-04,1.741963840515E-02,
    -3.539427168411E-04));
#1030 = CARTESIAN_POINT('',(-2.278315783098E-03,1.759192712156E-02,
    -4.455149452106E-04));
#1031 = CARTESIAN_POINT('',(-5.431970194755E-03,1.700705115737E-02,
    -5.390555402658E-04));
#1032 = CARTESIAN_POINT('',(-8.454893026439E-03,1.575066804696E-02,
    -6.315265196126E-04));
#1033 = CARTESIAN_POINT('',(-1.116470356355E-02,1.399603119478E-02,
    -7.212416532803E-04));
#1034 = CARTESIAN_POINT('',(-1.34204227626E-02,1.183526687891E-02,
    -8.104910676237E-04));
#1035 = CARTESIAN_POINT('',(-1.515652857446E-02,9.245103282149E-03,
    -9.039879445244E-04));
#1036 = CARTESIAN_POINT('',(-1.639308246758E-02,6.187051551067E-03,
    -1.003137316644E-03));
#1037 = CARTESIAN_POINT('',(-1.722192715123E-02,2.842038882579E-03,
    -1.096126957973E-03));
#1038 = CARTESIAN_POINT('',(-1.776895549857E-02,-2.050636160018E-05,
    -1.143840370292E-03));
#1039 = CARTESIAN_POINT('',(-1.844402979782E-02,-3.845795815523E-03,
    -1.209446996661E-03));
#1040 = CARTESIAN_POINT('',(-1.866608921365E-02,-7.441061203114E-03,
    -1.231027686581E-03));
#1041 = CARTESIAN_POINT('',(-1.796249649104E-02,-9.161408753279E-03,
    -1.162649517069E-03));
#1042 = CARTESIAN_POINT('',(-1.850925276864E-02,-1.58771568333E-02,
    -1.215785645728E-03));
#1043 = CARTESIAN_POINT('',(-1.846834297907E-02,-1.748231888921E-02,
    -1.211809856274E-03));
#1044 = CARTESIAN_POINT('',(-1.814400353414E-02,-1.970880223386E-02,
    -1.180289152845E-03));
#1045 = CARTESIAN_POINT('',(-1.84936704539E-02,-2.660204911167E-02,
    -1.214271289303E-03));
#1046 = CARTESIAN_POINT('',(-1.830081390102E-02,-2.713591003255E-02,
    -1.195528659314E-03));
#1047 = CARTESIAN_POINT('',(-1.836130682252E-02,-3.377383540431E-02,
    -1.201407621826E-03));
#1048 = CARTESIAN_POINT('',(-1.83524110774E-02,-4.432E-02,
    -1.200543095022E-03));
#1049 = CARTESIAN_POINT('',(1.466181325701E-02,-4.432E-02,
    -3.420202289842E-03));
#1050 = CARTESIAN_POINT('',(1.46597112923E-02,-3.639926417818E-02,
    -3.41991462754E-03));
#1051 = CARTESIAN_POINT('',(1.467344874753E-02,-3.074238637214E-02,
    -3.421794653391E-03));
#1052 = CARTESIAN_POINT('',(1.46354244466E-02,-2.807767630219E-02,
    -3.416590875288E-03));
#1053 = CARTESIAN_POINT('',(1.468251793231E-02,-2.481994354481E-02,
    -3.423035807704E-03));
#1054 = CARTESIAN_POINT('',(1.468518353766E-02,-2.201368612975E-02,
    -3.423400606493E-03));
#1055 = CARTESIAN_POINT('',(1.461058660316E-02,-2.01092224791E-02,
    -3.413191716781E-03));
#1056 = CARTESIAN_POINT('',(1.464185037596E-02,-1.638194480298E-02,
    -3.417470289496E-03));
#1057 = CARTESIAN_POINT('',(1.47960969661E-02,-9.743590474749E-03,
    -3.438579554068E-03));
#1058 = CARTESIAN_POINT('',(1.460458057223E-02,-5.633146315416E-03,
    -3.412369767358E-03));
#1059 = CARTESIAN_POINT('',(1.423882602893E-02,-1.613719125197E-03,
    -3.362314790994E-03));
#1060 = CARTESIAN_POINT('',(1.387248700041E-02,2.264849051197E-03,
    -3.311951968133E-03));
#1061 = CARTESIAN_POINT('',(1.31899463166E-02,5.261402239471E-03,
    -3.223421305576E-03));
#1062 = CARTESIAN_POINT('',(1.242258447658E-02,7.164755946375E-03,
    -3.125257915094E-03));
#1063 = CARTESIAN_POINT('',(1.122765877611E-02,8.913398156553E-03,
    -3.029276024936E-03));
#1064 = CARTESIAN_POINT('',(9.488848647515E-03,1.084048058259E-02,
    -2.93675690541E-03));
#1065 = CARTESIAN_POINT('',(7.405198934916E-03,1.253455661334E-02,
    -2.844661286003E-03));
#1066 = CARTESIAN_POINT('',(5.220608223848E-03,1.35099721018E-02,
    -2.750604467856E-03));
#1067 = CARTESIAN_POINT('',(2.946009344201E-03,1.388081513316E-02,
    -2.655332335612E-03));
#1068 = CARTESIAN_POINT('',(4.263891653432E-04,1.423233091446E-02,
    -2.561436472401E-03));
#1069 = CARTESIAN_POINT('',(-1.895205197435E-03,1.388370792643E-02,
    -2.467046582002E-03));
#1070 = CARTESIAN_POINT('',(-7.384757211919E-03,1.314545567247E-02,
    -2.246652629329E-03));
#1071 = CARTESIAN_POINT('',(-1.263395231789E-02,1.014094822275E-02,
    -2.025220723045E-03));
#1072 = CARTESIAN_POINT('',(-1.637531183564E-02,4.644207264106E-03,
    -1.802833716345E-03));
#1073 = CARTESIAN_POINT('',(-1.745370262949E-02,-2.319375271009E-03,
    -1.579490936599E-03));
#1074 = CARTESIAN_POINT('',(-1.533988684619E-02,-9.18635803765E-03,
    -1.355160182531E-03));
#1075 = CARTESIAN_POINT('',(-1.036420763153E-02,-1.44204072817E-02,
    -1.129812144548E-03));
#1076 = CARTESIAN_POINT('',(-3.670410825513E-03,-1.692929001315E-02,
    -9.034372485E-04));
#1077 = CARTESIAN_POINT('',(3.110397364237E-03,-1.633370334936E-02,
    -6.760449225393E-04));
#1078 = CARTESIAN_POINT('',(8.465656710705E-03,-1.308794002843E-02,
    -4.476452874001E-04));
#1079 = CARTESIAN_POINT('',(1.188712333725E-02,-8.452390092519E-03,
    -2.182132698443E-04));
#1080 = CARTESIAN_POINT('',(1.875993781849E-02,8.84911113978E-04,
    2.406273408289E-04));
#1081 = CARTESIAN_POINT('',(1.675548490213E-02,1.637211369542E-02,
    7.036619827743E-04));
#1082 = CARTESIAN_POINT('',(3.288691732022E-03,2.927656086978E-02,
    1.170718848388E-03));
#1083 = CARTESIAN_POINT('',(-2.781631847885E-02,2.758987836367E-02,
    1.642189785301E-03));
#1084 = CARTESIAN_POINT('',(-4.018711052066E-02,-7.195186185392E-03,
    2.117726410173E-03));
#1085 = CARTESIAN_POINT('',(-1.706531009086E-02,-3.640923062163E-02,
    2.597504053806E-03));
#1086 = CARTESIAN_POINT('',(1.446768188626E-02,-2.758460138711E-02,
    3.081752343558E-03));
#1087 = CARTESIAN_POINT('',(2.293238081453E-02,-9.411791463723E-03,
    3.570140832006E-03));
#1088 = CARTESIAN_POINT('',(1.898213183478E-02,6.742396383438E-03,
    4.062864582672E-03));
#1089 = CARTESIAN_POINT('',(8.334598581357E-03,1.342315802162E-02,
    4.559898023199E-03));
#1090 = CARTESIAN_POINT('',(-1.685270050617E-03,1.970850354539E-02,
    5.021393331334E-03));
#1091 = CARTESIAN_POINT('',(-1.554045263833E-02,1.75293625238E-02,
    5.486706391972E-03));
#1092 = CARTESIAN_POINT('',(-3.087067090745E-02,4.398724588088E-03,
    5.955488290438E-03));
#1093 = CARTESIAN_POINT('',(-2.68214314558E-02,-2.259141426976E-02,
    6.428171823456E-03));
#1094 = CARTESIAN_POINT('',(-1.489738487323E-03,-3.799541279985E-02,
    6.90453643538E-03));
#1095 = CARTESIAN_POINT('',(2.555052822566E-02,-2.495453230773E-02,
    7.384368859331E-03));
#1096 = CARTESIAN_POINT('',(3.236324305701E-02,2.220746599629E-03,
    7.867892150491E-03));
#1097 = CARTESIAN_POINT('',(1.736527992132E-02,1.759788043457E-02,
    8.355235482754E-03));
#1098 = CARTESIAN_POINT('',(2.843916451394E-03,2.076795883846E-02,
    8.845816763245E-03));
#1099 = CARTESIAN_POINT('',(-8.28112484046E-03,1.475683092414E-02,
    9.340109803126E-03));
#1100 = CARTESIAN_POINT('',(-2.010796429462E-02,8.354253967799E-03,
    9.872383663561E-03));
#1101 = CARTESIAN_POINT('',(-2.562783994806E-02,-8.89181673495E-03,
    1.040866733971E-02));
#1102 = CARTESIAN_POINT('',(-1.787733668698E-02,-2.902442621965E-02,
    1.094926184004E-02));
#1103 = CARTESIAN_POINT('',(1.560583232137E-02,-4.251007484594E-02,
    1.149318946618E-02));
#1104 = CARTESIAN_POINT('',(4.54472919534E-02,-1.209742578672E-02,
    1.204167650882E-02));
#1105 = CARTESIAN_POINT('',(3.54556845222E-02,2.96342406333E-02,
    1.259396664085E-02));
#1106 = CARTESIAN_POINT('',(-1.595366824527E-03,3.556688670988E-02,
    1.314935806467E-02));
#1107 = CARTESIAN_POINT('',(-1.911465796046E-02,2.093534779441E-02,
    1.370909805635E-02));
#1108 = CARTESIAN_POINT('',(-2.288282097194E-02,2.294755851012E-03,
    1.427201965681E-02));
#1109 = CARTESIAN_POINT('',(-1.513970821232E-02,-9.756485186584E-03,
    1.483856688933E-02));
#1110 = CARTESIAN_POINT('',(-8.074034122415E-03,-2.097254314208E-02,
    1.536479966622E-02));
#1111 = CARTESIAN_POINT('',(8.435206624215E-03,-2.61265946905E-02,
    1.589283704279E-02));
#1112 = CARTESIAN_POINT('',(2.768334639404E-02,-1.829518459025E-02,
    1.642706970536E-02));
#1113 = CARTESIAN_POINT('',(4.005523551691E-02,9.270806757299E-03,
    1.695896261077E-02));
#1114 = CARTESIAN_POINT('',(1.964861898512E-02,3.809187293656E-02,
    1.749788165284E-02));
#1115 = CARTESIAN_POINT('',(-1.586816597373E-02,3.855445272273E-02,
    1.80393087069E-02));
#1116 = CARTESIAN_POINT('',(-3.192935702132E-02,1.200684751418E-02,
    1.85790407664E-02));
#1117 = CARTESIAN_POINT('',(-2.687434687063E-02,-8.914605473803E-03,
    1.912669506386E-02));
#1118 = CARTESIAN_POINT('',(-1.255314645622E-02,-1.969107001637E-02,
    1.967300100755E-02));
#1119 = CARTESIAN_POINT('',(1.275318421178E-03,-1.877859891496E-02,
    2.022295146503E-02));
#1120 = CARTESIAN_POINT('',(1.621138158922E-02,-1.793572688207E-02,
    2.081497861422E-02));
#1121 = CARTESIAN_POINT('',(2.986782076477E-02,-3.206393545478E-03,
    2.140940115231E-02));
#1122 = CARTESIAN_POINT('',(3.156795556898E-02,2.066173357668E-02,
    2.20068855409E-02));
#1123 = CARTESIAN_POINT('',(4.141892120071E-03,4.970521420647E-02,
    2.260543325864E-02));
#1124 = CARTESIAN_POINT('',(-3.95525448813E-02,3.300563512467E-02,
    2.320740787991E-02));
#1125 = CARTESIAN_POINT('',(-4.864881161793E-02,-1.304182248198E-02,
    2.38113911846E-02));
#1126 = CARTESIAN_POINT('',(-1.47649680317E-02,-3.558807513278E-02,
    2.441600026559E-02));
#1127 = CARTESIAN_POINT('',(9.016850388436E-03,-2.93312109429E-02,
    2.502361524705E-02));
#1128 = CARTESIAN_POINT('',(2.126400623498E-02,-1.280787868183E-02,
    2.563212337545E-02));
#1129 = CARTESIAN_POINT('',(1.923864685047E-02,2.481547801108E-03,
    2.624227989653E-02));
#1130 = CARTESIAN_POINT('',(1.749507110762E-02,1.665456865166E-02,
    2.680909819521E-02));
#1131 = CARTESIAN_POINT('',(3.789947225483E-03,2.917569304794E-02,
    2.737534217041E-02));
#1132 = CARTESIAN_POINT('',(-1.849076534549E-02,3.034214593405E-02,
    2.794749443582E-02));
#1133 = CARTESIAN_POINT('',(-4.284420435853E-02,9.061019295578E-03,
    2.851319132075E-02));
#1134 = CARTESIAN_POINT('',(-3.592189185861E-02,-2.779346124753E-02,
    2.908568609415E-02));
#1135 = CARTESIAN_POINT('',(-1.997490109799E-03,-4.389697702874E-02,
    2.965883452792E-02));
#1136 = CARTESIAN_POINT('',(2.49517998895E-02,-2.563635729948E-02,
    3.022657391261E-02));
#1137 = CARTESIAN_POINT('',(2.94275643559E-02,-3.581230325272E-03,
    3.080222081816E-02));
#1138 = CARTESIAN_POINT('',(2.065254521647E-02,1.296275640457E-02,
    3.137321771995E-02));
#1139 = CARTESIAN_POINT('',(7.21273048454E-03,1.823440597344E-02,
    3.194621408384E-02));
#1140 = CARTESIAN_POINT('',(-1.309287226518E-05,2.103144017473E-02,
    3.225462328939E-02));
#1141 = CARTESIAN_POINT('',(-8.446383383036E-03,2.087291024882E-02,
    3.256298354884E-02));
#1142 = CARTESIAN_POINT('',(-1.665564476326E-02,1.665874607125E-02,
    3.287137629521E-02));
#1143 = CARTESIAN_POINT('',(-2.256190946523E-02,8.917115818277E-03,
    3.317981434674E-02));
#1144 = CARTESIAN_POINT('',(-2.451912837313E-02,-7.665311080292E-04,
    3.3488265398E-02));
#1145 = CARTESIAN_POINT('',(-2.195544598628E-02,-1.030601267352E-02,
    3.379667508513E-02));
#1146 = CARTESIAN_POINT('',(-1.557536109106E-02,-1.765655432421E-02,
    3.410498962551E-02));
#1147 = CARTESIAN_POINT('',(-7.122772920902E-03,-2.134252061696E-02,
    3.441317803148E-02));
#1148 = CARTESIAN_POINT('',(1.295087195204E-03,-2.097073836903E-02,
    3.472125389851E-02));
#1149 = CARTESIAN_POINT('',(8.322838695861E-03,-1.772941132593E-02,
    3.502929676748E-02));
#1150 = CARTESIAN_POINT('',(1.133488916676E-02,-1.629229660467E-02,
    3.51622968963E-02));
#1151 = CARTESIAN_POINT('',(1.405257779898E-02,-1.432693618841E-02,
    3.529335399073E-02));
#1152 = CARTESIAN_POINT('',(1.640159494999E-02,-1.186986097915E-02,
    3.542387612794E-02));
#1153 = CARTESIAN_POINT('',(1.828445727932E-02,-8.977016049074E-03,
    3.555517072132E-02));
#1154 = CARTESIAN_POINT('',(1.959751225528E-02,-5.726083916149E-03,
    3.568835647613E-02));
#1155 = CARTESIAN_POINT('',(2.024794266154E-02,-2.218807819723E-03,
    3.582427534516E-02));
#1156 = CARTESIAN_POINT('',(2.017077110392E-02,1.416685003998E-03,
    3.596340448437E-02));
#1157 = CARTESIAN_POINT('',(1.934586451689E-02,5.023560046237E-03,
    3.610576820854E-02));
#1158 = CARTESIAN_POINT('',(1.781493867038E-02,8.41395225022E-03,
    3.625084994692E-02));
#1159 = CARTESIAN_POINT('',(1.569856267635E-02,1.136664273549E-02,
    3.639750419887E-02));
#1160 = CARTESIAN_POINT('',(1.283928145995E-02,1.528744271409E-02,
    3.659314800945E-02));
#1161 = CARTESIAN_POINT('',(8.883647916107E-03,1.847067301878E-02,
    3.678835967813E-02));
#1162 = CARTESIAN_POINT('',(4.078915102588E-03,2.047880484872E-02,
    3.698345690822E-02));
#1163 = CARTESIAN_POINT('',(-1.196083633263E-03,2.106577903537E-02,
    3.717853768122E-02));
#1164 = CARTESIAN_POINT('',(-6.489050326776E-03,2.015706732144E-02,
    3.737354982118E-02));
#1165 = CARTESIAN_POINT('',(-1.133233806827E-02,1.782973363996E-02,
    3.756836055852E-02));
#1166 = CARTESIAN_POINT('',(-1.530106667531E-02,1.429249539329E-02,
    3.776282609448E-02));
#1167 = CARTESIAN_POINT('',(-1.807123836504E-02,9.865784732103E-03,
    3.795686116499E-02));
#1168 = CARTESIAN_POINT('',(-1.947785342642E-02,4.961809834425E-03,
    3.815050860499E-02));
#1169 = CARTESIAN_POINT('',(-1.957302589255E-02,6.461618464544E-05,
    3.834400891245E-02));
#1170 = CARTESIAN_POINT('',(-1.964776334224E-02,-3.604943216093E-03,
    3.848907294788E-02));
#1171 = CARTESIAN_POINT('',(-1.892464429721E-02,-7.329028696285E-03,
    3.863383043431E-02));
#1172 = CARTESIAN_POINT('',(-1.743746249E-02,-1.08928804683E-02,
    3.877827824563E-02));
#1173 = CARTESIAN_POINT('',(-1.524471486321E-02,-1.411323293415E-02,
    3.892239463322E-02));
#1174 = CARTESIAN_POINT('',(-1.242960156953E-02,-1.683831468543E-02,
    3.906613922601E-02));
#1175 = CARTESIAN_POINT('',(-9.100025971706E-03,-1.894784850337E-02,
    3.920945303036E-02));
#1176 = CARTESIAN_POINT('',(-5.388594642563E-03,-2.035305135883E-02,
    3.935225843022E-02));
#1177 = CARTESIAN_POINT('',(-1.45261736503E-03,-2.099663441226E-02,
    3.949445918695E-02));
#1178 = CARTESIAN_POINT('',(2.525892867928E-03,-2.085280301375E-02,
    3.963594043948E-02));
#1179 = CARTESIAN_POINT('',(6.340219853241E-03,-1.9927256703E-02,
    3.977656870422E-02));
#1180 = CARTESIAN_POINT('',(1.021268015333E-02,-1.894761967928E-02,
    3.991687175357E-02));
#1181 = CARTESIAN_POINT('',(1.378965262116E-02,-1.749923129132E-02,
    4.005895811193E-02));
#1182 = CARTESIAN_POINT('',(1.754780852158E-02,-1.467858644278E-02,
    4.019974912624E-02));
#1183 = CARTESIAN_POINT('',(2.02206962284E-02,-1.168232994347E-02,
    4.031245216333E-02));
#1184 = CARTESIAN_POINT('',(2.27033838088E-02,-8.226451570681E-03,
    4.048612019719E-02));
#1185 = CARTESIAN_POINT('',(2.51593402055E-02,-3.687145073636E-03,
    4.067605126652E-02));
#1186 = CARTESIAN_POINT('',(2.588700113289E-02,1.501173540085E-03,
    4.068750121742E-02));
#1187 = CARTESIAN_POINT('',(2.414815496878E-02,6.18658422299E-03,
    4.04865036494E-02));
#1188 = CARTESIAN_POINT('',(2.280497309154E-02,1.010640452744E-02,
    4.040291149025E-02));
#1189 = CARTESIAN_POINT('',(2.025719827733E-02,1.381863270848E-02,
    4.026209512846E-02));
#1190 = CARTESIAN_POINT('',(1.447305074371E-02,2.229248531433E-02,
    3.995582532327E-02));
#1191 = CARTESIAN_POINT('',(4.84964474249E-03,2.806606566759E-02,
    3.964996793079E-02));
#1192 = CARTESIAN_POINT('',(-7.473608862444E-03,2.92160378958E-02,
    3.934309921712E-02));
#1193 = CARTESIAN_POINT('',(-1.964456503344E-02,2.428511482103E-02,
    3.903607587209E-02));
#1194 = CARTESIAN_POINT('',(-2.838362014523E-02,1.387979306259E-02,
    3.872928397285E-02));
#1195 = CARTESIAN_POINT('',(-3.12740833224E-02,5.924368686343E-04,
    3.842227980691E-02));
#1196 = CARTESIAN_POINT('',(-2.772026766131E-02,-1.208127878193E-02,
    3.811462443572E-02));
#1197 = CARTESIAN_POINT('',(-1.923592546755E-02,-2.115855526471E-02,
    3.780671388E-02));
#1198 = CARTESIAN_POINT('',(-8.725651642614E-03,-2.524827704196E-02,
    3.749940680798E-02));
#1199 = CARTESIAN_POINT('',(1.578120648951E-03,-2.462142749828E-02,
    3.71912516076E-02));
#1200 = CARTESIAN_POINT('',(2.211256230742E-02,-2.336491745561E-02,
    3.657528394421E-02));
#1201 = CARTESIAN_POINT('',(4.182949618529E-02,-2.554657625208E-03,
    3.595881549986E-02));
#1202 = CARTESIAN_POINT('',(3.852018098383E-02,3.395766479533E-02,
    3.534129750572E-02));
#1203 = CARTESIAN_POINT('',(2.273075827782E-03,6.973411150147E-02,
    3.472410534361E-02));
#1204 = CARTESIAN_POINT('',(-7.60055259693E-02,3.884717171393E-02,
    3.410597653924E-02));
#1205 = CARTESIAN_POINT('',(-5.528924141502E-02,-4.284035783948E-02,
    3.348660709393E-02));
#1206 = CARTESIAN_POINT('',(-4.847358973963E-03,-5.128411229814E-02,
    3.286902952962E-02));
#1207 = CARTESIAN_POINT('',(2.67527165035E-02,-3.245096795752E-02,
    3.224950029276E-02));
#1208 = CARTESIAN_POINT('',(3.204342003053E-02,-4.152457328033E-03,
    3.163075103836E-02));
#1209 = CARTESIAN_POINT('',(2.093447743255E-02,1.328558306119E-02,
    3.101170996102E-02));
#1210 = CARTESIAN_POINT('',(1.066564112051E-02,2.963728882093E-02,
    3.043666221983E-02));
#1211 = CARTESIAN_POINT('',(-1.403050979329E-02,3.620543794084E-02,
    2.98632644828E-02));
#1212 = CARTESIAN_POINT('',(-4.208828447377E-02,2.360157456263E-02,
    2.928549596248E-02));
#1213 = CARTESIAN_POINT('',(-5.770972249162E-02,-2.257529944489E-02,
    2.871461332517E-02));
#1214 = CARTESIAN_POINT('',(-1.682236386647E-02,-6.162854168078E-02,
    2.813853478189E-02));
#1215 = CARTESIAN_POINT('',(3.819051664344E-02,-4.869478201178E-02,
    2.756270780804E-02));
#1216 = CARTESIAN_POINT('',(4.810545777168E-02,-1.094369666577E-03,
    2.699261649776E-02));
#1217 = CARTESIAN_POINT('',(3.042619383098E-02,2.393877863239E-02,
    2.641621077416E-02));
#1218 = CARTESIAN_POINT('',(5.903998164529E-03,3.082249760545E-02,
    2.584466758517E-02));
#1219 = CARTESIAN_POINT('',(-1.118553676035E-02,2.201172525222E-02,
    2.527202382249E-02));
#1220 = CARTESIAN_POINT('',(-2.980846091748E-02,1.27083387844E-02,
    2.46555779864E-02));
#1221 = CARTESIAN_POINT('',(-3.778943328806E-02,-1.430619932049E-02,
    2.403997649963E-02));
#1222 = CARTESIAN_POINT('',(-2.636255867176E-02,-4.611647905886E-02,
    2.342444284393E-02));
#1223 = CARTESIAN_POINT('',(3.405142721507E-02,-6.497379346379E-02,
    2.281092739521E-02));
#1224 = CARTESIAN_POINT('',(7.434087283398E-02,-4.511514746769E-03,
    2.219706914357E-02));
#1225 = CARTESIAN_POINT('',(4.142198595394E-02,6.014784675275E-02,
    2.158415198529E-02));
#1226 = CARTESIAN_POINT('',(-2.024756300277E-02,4.851130964223E-02,
    2.097346639463E-02));
#1227 = CARTESIAN_POINT('',(-3.532072830499E-02,1.879473447603E-02,
    2.036265177437E-02));
#1228 = CARTESIAN_POINT('',(-3.080591250319E-02,-8.712476277759E-03,
    1.975363059182E-02));
#1229 = CARTESIAN_POINT('',(-1.373233805229E-02,-2.011041905991E-02,
    1.914565253105E-02));
#1230 = CARTESIAN_POINT('',(1.903978697159E-03,-3.084279749094E-02,
    1.858089806675E-02));
#1231 = CARTESIAN_POINT('',(2.6682275954E-02,-2.711551209565E-02,
    1.801865013351E-02));
#1232 = CARTESIAN_POINT('',(4.700880923413E-02,-4.81630810752E-03,
    1.74537555982E-02));
#1233 = CARTESIAN_POINT('',(4.285560842499E-02,4.27182363882E-02,
    1.689575506231E-02));
#1234 = CARTESIAN_POINT('',(-8.939547129598E-03,6.156046287359E-02,
    1.633452866096E-02));
#1235 = CARTESIAN_POINT('',(-5.289212491119E-02,2.853778813969E-02,
    1.577453887441E-02));
#1236 = CARTESIAN_POINT('',(-4.31569601749E-02,-1.754497870502E-02,
    1.522042560619E-02));
#1237 = CARTESIAN_POINT('',(-1.785640252708E-02,-3.295416491365E-02,
    1.466221508714E-02));
#1238 = CARTESIAN_POINT('',(6.559076671363E-03,-2.961922832918E-02,
    1.410904600656E-02));
#1239 = CARTESIAN_POINT('',(1.832306006642E-02,-1.52572979252E-02,
    1.355609364814E-02));
#1240 = CARTESIAN_POINT('',(3.125643632285E-02,1.365942691502E-04,
    1.296079933928E-02));
#1241 = CARTESIAN_POINT('',(2.796466322871E-02,2.707107037332E-02,
    1.236745184552E-02));
#1242 = CARTESIAN_POINT('',(5.596793740342E-03,5.089262034639E-02,
    1.177546810882E-02));
#1243 = CARTESIAN_POINT('',(-5.490694183102E-02,4.406047897952E-02,
    1.118626994711E-02));
#1244 = CARTESIAN_POINT('',(-6.696022042496E-02,-2.448198234642E-02,
    1.059817015091E-02));
#1245 = CARTESIAN_POINT('',(-1.327265553993E-02,-6.843110777983E-02,
    1.001207310645E-02));
#1246 = CARTESIAN_POINT('',(3.604118112293E-02,-3.468527502014E-02,
    9.428909212103E-03));
#1247 = CARTESIAN_POINT('',(3.794901806571E-02,-3.089094645921E-03,
    8.84700222359E-03));
#1248 = CARTESIAN_POINT('',(2.360039346895E-02,1.920043507564E-02,
    8.267688255899E-03));
#1249 = CARTESIAN_POINT('',(4.426464017035E-03,2.26926195706E-02,
    7.690464487691E-03));
#1250 = CARTESIAN_POINT('',(-1.45057700371E-02,2.633007901336E-02,
    7.113208620817E-03));
#1251 = CARTESIAN_POINT('',(-3.715684413201E-02,1.206009458482E-02,
    6.538500303537E-03));
#1252 = CARTESIAN_POINT('',(-4.245053604196E-02,-2.179767892834E-02,
    5.964990694778E-03));
#1253 = CARTESIAN_POINT('',(-1.779950260175E-02,-6.201570339264E-02,
    5.396178144323E-03));
#1254 = CARTESIAN_POINT('',(5.940363156023E-02,-5.136383237901E-02,
    4.826230945113E-03));
#1255 = CARTESIAN_POINT('',(5.78460422561E-02,2.57115611305E-02,
    4.262086002501E-03));
#1256 = CARTESIAN_POINT('',(1.591017508981E-02,4.377971550375E-02,
    3.698078410125E-03));
#1257 = CARTESIAN_POINT('',(-1.614103692471E-02,3.441591804562E-02,
    3.137709363947E-03));
#1258 = CARTESIAN_POINT('',(-2.695639673881E-02,1.086359761328E-02,
    2.579390789885E-03));
#1259 = CARTESIAN_POINT('',(-2.120237399867E-02,-6.774002895981E-03,
    2.023720454583E-03));
#1260 = CARTESIAN_POINT('',(-1.831219498048E-02,-1.561524378716E-02,
    1.745783394236E-03));
#1261 = CARTESIAN_POINT('',(-1.13661551148E-02,-2.309510322524E-02,
    1.468854560489E-03));
#1262 = CARTESIAN_POINT('',(-1.009367425633E-03,-2.712292450101E-02,
    1.192019437901E-03));
#1263 = CARTESIAN_POINT('',(1.076963157914E-02,-2.589340966281E-02,
    9.160875899652E-04));
#1264 = CARTESIAN_POINT('',(2.090263805665E-02,-1.911044586062E-02,
    6.409768180801E-04));
#1265 = CARTESIAN_POINT('',(2.661856684431E-02,-8.382094088087E-03,
    3.663073933567E-04));
#1266 = CARTESIAN_POINT('',(2.667186334748E-02,3.361755835839E-03,
    9.218783613281E-05));
#1267 = CARTESIAN_POINT('',(2.172446131792E-02,1.314958816833E-02,
    -1.810593481911E-04));
#1268 = CARTESIAN_POINT('',(1.374653055657E-02,1.923887411442E-02,
    -4.537166364077E-04));
#1269 = CARTESIAN_POINT('',(4.864582586047E-03,2.124167472017E-02,
    -7.257528834735E-04));
#1270 = CARTESIAN_POINT('',(1.045392558441E-03,2.209530473873E-02,
    -8.410873230346E-04));
#1271 = CARTESIAN_POINT('',(-2.908906562249E-03,2.21647344864E-02,
    -9.601645244864E-04));
#1272 = CARTESIAN_POINT('',(-6.86946620239E-03,2.146697940783E-02,
    -1.076708366687E-03));
#1273 = CARTESIAN_POINT('',(-1.067048360847E-02,2.000464647861E-02,
    -1.190443244204E-03));
#1274 = CARTESIAN_POINT('',(-1.412029170807E-02,1.779885432545E-02,
    -1.304400303362E-03));
#1275 = CARTESIAN_POINT('',(-1.702791700167E-02,1.491735256915E-02,
    -1.421960119064E-03));
#1276 = CARTESIAN_POINT('',(-1.924510548542E-02,1.149784039132E-02,
    -1.543631812695E-03));
#1277 = CARTESIAN_POINT('',(-2.072381660465E-02,7.766484324019E-03,
    -1.663568610774E-03));
#1278 = CARTESIAN_POINT('',(-2.158918523836E-02,4.051635262853E-03,
    -1.76581984465E-03));
#1279 = CARTESIAN_POINT('',(-2.222795171452E-02,7.927447032894E-04,
    -1.820319391023E-03));
#1280 = CARTESIAN_POINT('',(-2.299869076519E-02,-3.480185173524E-03,
    -1.895223129739E-03));
#1281 = CARTESIAN_POINT('',(-2.323601121492E-02,-7.965937864175E-03,
    -1.918286952626E-03));
#1282 = CARTESIAN_POINT('',(-2.242662246775E-02,-9.199836866384E-03,
    -1.839627070035E-03));
#1283 = CARTESIAN_POINT('',(-2.307992306102E-02,-1.54863419124E-02,
    -1.90311763392E-03));
#1284 = CARTESIAN_POINT('',(-2.301478361545E-02,-1.762244476389E-02,
    -1.896787102205E-03));
#1285 = CARTESIAN_POINT('',(-2.263193899154E-02,-1.995241449712E-02,
    -1.859580613629E-03));
#1286 = CARTESIAN_POINT('',(-2.305981540899E-02,-2.629273074936E-02,
    -1.901163485745E-03));
#1287 = CARTESIAN_POINT('',(-2.28181400305E-02,-2.728986921574E-02,
    -1.87767643213E-03));
#1288 = CARTESIAN_POINT('',(-2.289547704182E-02,-3.374113737676E-02,
    -1.885192375801E-03));
#1289 = CARTESIAN_POINT('',(-2.288390557446E-02,-4.432E-02,
    -1.884067810791E-03));
#1290 = CARTESIAN_POINT('',(1.836E-02,-4.432E-02,-2.990777536028E-03));
#1291 = CARTESIAN_POINT('',(1.835812715942E-02,-3.641005375609E-02,
    -2.990521230283E-03));
#1292 = CARTESIAN_POINT('',(1.837073300174E-02,-3.070290856082E-02,
    -2.992246390369E-03));
#1293 = CARTESIAN_POINT('',(1.83350390306E-02,-2.812864932277E-02,
    -2.987361527243E-03));
#1294 = CARTESIAN_POINT('',(1.838007403636E-02,-2.482228341919E-02,
    -2.993524748424E-03));
#1295 = CARTESIAN_POINT('',(1.838225773098E-02,-2.195317504311E-02,
    -2.993823595795E-03));
#1296 = CARTESIAN_POINT('',(1.831042282224E-02,-2.011840327898E-02,
    -2.983992700386E-03));
#1297 = CARTESIAN_POINT('',(1.834013407274E-02,-1.646093829732E-02,
    -2.988058804197E-03));
#1298 = CARTESIAN_POINT('',(1.849069506453E-02,-9.729606525386E-03,
    -3.008663679851E-03));
#1299 = CARTESIAN_POINT('',(1.831176556526E-02,-5.553892116947E-03,
    -2.984176460156E-03));
#1300 = CARTESIAN_POINT('',(1.792004456772E-02,-1.262698511321E-03,
    -2.930567870373E-03));
#1301 = CARTESIAN_POINT('',(1.750370154046E-02,2.881843660436E-03,
    -2.875588005604E-03));
#1302 = CARTESIAN_POINT('',(1.686553616887E-02,6.2972169115E-03,
    -2.785209568949E-03));
#1303 = CARTESIAN_POINT('',(1.57810159927E-02,8.994521472721E-03,
    -2.650975869493E-03));
#1304 = CARTESIAN_POINT('',(1.416080373979E-02,1.142969059183E-02,
    -2.518793404425E-03));
#1305 = CARTESIAN_POINT('',(1.203023540294E-02,1.373777073113E-02,
    -2.406896379265E-03));
#1306 = CARTESIAN_POINT('',(9.489261455765E-03,1.568682571518E-02,
    -2.299259236363E-03));
#1307 = CARTESIAN_POINT('',(6.66721451778E-03,1.699518954671E-02,
    -2.176589903555E-03));
#1308 = CARTESIAN_POINT('',(3.686766778391E-03,1.76557926067E-02,
    -2.047036474645E-03));
#1309 = CARTESIAN_POINT('',(6.514404898425E-04,1.791128595737E-02,
    -1.938740033618E-03));
#1310 = CARTESIAN_POINT('',(-2.328965161002E-03,1.752368846407E-02,
    -1.816366334268E-03));
#1311 = CARTESIAN_POINT('',(-9.253465684611E-03,1.65936785095E-02,
    -1.538337383162E-03));
#1312 = CARTESIAN_POINT('',(-1.586291511566E-02,1.280561141933E-02,
    -1.259542553816E-03));
#1313 = CARTESIAN_POINT('',(-2.055780117159E-02,5.886308719174E-03,
    -9.799777226601E-04));
#1314 = CARTESIAN_POINT('',(-2.189718764398E-02,-2.859478459291E-03,
    -6.996315767214E-04));
#1315 = CARTESIAN_POINT('',(-1.923354031402E-02,-1.145969465164E-02,
    -4.185062709284E-04));
#1316 = CARTESIAN_POINT('',(-1.299785051668E-02,-1.799168559884E-02,
    -1.366247767425E-04));
#1317 = CARTESIAN_POINT('',(-4.635056353357E-03,-2.110498405054E-02,
    1.459750780048E-04));
#1318 = CARTESIAN_POINT('',(3.810238446648E-03,-2.035017583294E-02,
    4.292598779234E-04));
#1319 = CARTESIAN_POINT('',(1.045774801628E-02,-1.631384618194E-02,
    7.132331976587E-04));
#1320 = CARTESIAN_POINT('',(1.470519019202E-02,-1.055960634099E-02,
    9.979814881712E-04));
#1321 = CARTESIAN_POINT('',(2.32375888057E-02,1.027172797433E-03,
    1.567433736977E-03));
#1322 = CARTESIAN_POINT('',(2.070108826199E-02,2.018619140807E-02,
    2.139518192547E-03));
#1323 = CARTESIAN_POINT('',(4.045063086192E-03,3.609538149454E-02,
    2.714758335299E-03));
#1324 = CARTESIAN_POINT('',(-3.432239167809E-02,3.362194761753E-02,
    3.291565156114E-03));
#1325 = CARTESIAN_POINT('',(-4.884373132135E-02,-9.059427995826E-03,
    3.871835864063E-03));
#1326 = CARTESIAN_POINT('',(-2.027960528416E-02,-4.417904114727E-02,
    4.454426813457E-03));
#1327 = CARTESIAN_POINT('',(1.739515376317E-02,-3.293426084159E-02,
    5.038231987607E-03));
#1328 = CARTESIAN_POINT('',(2.740522655561E-02,-1.13439355713E-02,
    5.625165058929E-03));
#1329 = CARTESIAN_POINT('',(2.264894086373E-02,7.960443827568E-03,
    6.213511995414E-03));
#1330 = CARTESIAN_POINT('',(1.000103072915E-02,1.588252459298E-02,
    6.803892401458E-03));
#1331 = CARTESIAN_POINT('',(-1.899311367463E-03,2.333669834968E-02,
    7.352094480559E-03));
#1332 = CARTESIAN_POINT('',(-1.829097398106E-02,2.077739478697E-02,
    7.90173594664E-03));
#1333 = CARTESIAN_POINT('',(-3.633338144985E-02,5.050014733105E-03,
    8.452985237562E-03));
#1334 = CARTESIAN_POINT('',(-3.12086251721E-02,-2.649133401656E-02,
    9.005637019199E-03));
#1335 = CARTESIAN_POINT('',(-1.47725719006E-03,-4.407653315544E-02,
    9.559414503565E-03));
#1336 = CARTESIAN_POINT('',(2.954610233814E-02,-2.862403383449E-02,
    1.011427276922E-02));
#1337 = CARTESIAN_POINT('',(3.697661524987E-02,2.686735469602E-03,
    1.067030228036E-02));
#1338 = CARTESIAN_POINT('',(1.979460737356E-02,1.992394048493E-02,
    1.122733308208E-02));
#1339 = CARTESIAN_POINT('',(3.337359540138E-03,2.354645105653E-02,
    1.17848414303E-02));
#1340 = CARTESIAN_POINT('',(-9.235012429353E-03,1.673980010753E-02,
    1.234326189562E-02));
#1341 = CARTESIAN_POINT('',(-2.259860095828E-02,9.501823399053E-03,
    1.294461603562E-02));
#1342 = CARTESIAN_POINT('',(-2.87330191963E-02,-9.893087140779E-03,
    1.354653518479E-02));
#1343 = CARTESIAN_POINT('',(-1.99602020561E-02,-3.252538858334E-02,
    1.414972206843E-02));
#1344 = CARTESIAN_POINT('',(1.773353482156E-02,-4.695408348437E-02,
    1.475211968766E-02));
#1345 = CARTESIAN_POINT('',(4.998231074126E-02,-1.285384290714E-02,
    1.535611389691E-02));
#1346 = CARTESIAN_POINT('',(3.822274855109E-02,3.259820763985E-02,
    1.596028684439E-02));
#1347 = CARTESIAN_POINT('',(-1.817810276022E-03,3.819107050468E-02,
    1.656323207707E-02));
#1348 = CARTESIAN_POINT('',(-2.045804019431E-02,2.254987049458E-02,
    1.716734385222E-02));
#1349 = CARTESIAN_POINT('',(-2.444022914097E-02,2.557018729802E-03,
    1.777053691342E-02));
#1350 = CARTESIAN_POINT('',(-1.619429730096E-02,-1.025928442878E-02,
    1.83735386829E-02));
#1351 = CARTESIAN_POINT('',(-8.669559025178E-03,-2.21998495976E-02,
    1.89336979022E-02));
#1352 = CARTESIAN_POINT('',(8.822829510981E-03,-2.759322692193E-02,
    1.949186937519E-02));
#1353 = CARTESIAN_POINT('',(2.917096696293E-02,-1.924890304444E-02,
    2.005390886981E-02));
#1354 = CARTESIAN_POINT('',(4.174072782389E-02,9.962066807676E-03,
    2.060875612459E-02));
#1355 = CARTESIAN_POINT('',(2.006666532291E-02,3.953197682377E-02,
    2.11681220789E-02));
#1356 = CARTESIAN_POINT('',(-1.653061810391E-02,3.940309522365E-02,
    2.172669544866E-02));
#1357 = CARTESIAN_POINT('',(-3.244800725384E-02,1.217035912582E-02,
    2.22790645378E-02));
#1358 = CARTESIAN_POINT('',(-2.726272817887E-02,-8.960209908472E-03,
    2.283685786531E-02));
#1359 = CARTESIAN_POINT('',(-1.275923913247E-02,-1.979943093568E-02,
    2.338924470302E-02));
#1360 = CARTESIAN_POINT('',(1.133541050498E-03,-1.888000075756E-02,
    2.39419039585E-02));
#1361 = CARTESIAN_POINT('',(1.614804296701E-02,-1.802534565375E-02,
    2.453684064374E-02));
#1362 = CARTESIAN_POINT('',(2.973174392993E-02,-3.281298089137E-03,
    2.513007361448E-02));
#1363 = CARTESIAN_POINT('',(3.137849203496E-02,2.064634233365E-02,
    2.572223419456E-02));
#1364 = CARTESIAN_POINT('',(3.586941326202E-03,4.8943847751E-02,
    2.631153108063E-02));
#1365 = CARTESIAN_POINT('',(-3.88121465594E-02,3.182175972584E-02,
    2.689998779181E-02));
#1366 = CARTESIAN_POINT('',(-4.680147689273E-02,-1.303691100725E-02,
    2.748641798607E-02));
#1367 = CARTESIAN_POINT('',(-1.401439134548E-02,-3.398001827413E-02,
    2.806961642431E-02));
#1368 = CARTESIAN_POINT('',(8.522329551028E-03,-2.799385406397E-02,
    2.865160397079E-02));
#1369 = CARTESIAN_POINT('',(2.012041451078E-02,-1.223863810871E-02,
    2.923066790884E-02));
#1370 = CARTESIAN_POINT('',(1.820134581128E-02,2.207631894155E-03,
    2.980738402337E-02));
#1371 = CARTESIAN_POINT('',(1.655019217383E-02,1.560587441658E-02,
    3.034307952161E-02));
#1372 = CARTESIAN_POINT('',(3.623608582298E-03,2.734598938328E-02,
    3.087543041533E-02));
#1373 = CARTESIAN_POINT('',(-1.731751013518E-02,2.835801957014E-02,
    3.140859270998E-02));
#1374 = CARTESIAN_POINT('',(-3.979279919236E-02,8.152402979708E-03,
    3.193485865193E-02));
#1375 = CARTESIAN_POINT('',(-3.287349665407E-02,-2.575641131347E-02,
    3.246219651149E-02));
#1376 = CARTESIAN_POINT('',(-1.565568306615E-03,-4.003908030192E-02,
    3.298715111778E-02));
#1377 = CARTESIAN_POINT('',(2.257117307631E-02,-2.316587996979E-02,
    3.350596690499E-02));
#1378 = CARTESIAN_POINT('',(2.656295636805E-02,-3.304022743228E-03,
    3.40263698671E-02));
#1379 = CARTESIAN_POINT('',(1.860938953536E-02,1.156810547554E-02,
    3.454134785767E-02));
#1380 = CARTESIAN_POINT('',(6.57461940495E-03,1.628700693111E-02,
    3.505450011077E-02));
#1381 = CARTESIAN_POINT('',(1.042817978813E-04,1.879258037401E-02,
    3.5330758914E-02));
#1382 = CARTESIAN_POINT('',(-7.437671436623E-03,1.864182583761E-02,
    3.560613847803E-02));
#1383 = CARTESIAN_POINT('',(-1.47400361544E-02,1.487038961605E-02,
    3.588071773806E-02));
#1384 = CARTESIAN_POINT('',(-1.996094771127E-02,7.979625116161E-03,
    3.615449757483E-02));
#1385 = CARTESIAN_POINT('',(-2.166564003557E-02,-5.975070969337E-04,
    3.642744723574E-02));
#1386 = CARTESIAN_POINT('',(-1.937830067302E-02,-9.005767944393E-03,
    3.669953591237E-02));
#1387 = CARTESIAN_POINT('',(-1.374802180388E-02,-1.545219716879E-02,
    3.697074947451E-02));
#1388 = CARTESIAN_POINT('',(-6.328847232407E-03,-1.866589935914E-02,
    3.724109236058E-02));
#1389 = CARTESIAN_POINT('',(1.026084651491E-03,-1.833305866667E-02,
    3.751057462452E-02));
#1390 = CARTESIAN_POINT('',(7.156301938164E-03,-1.550718221053E-02,
    3.777918413913E-02));
#1391 = CARTESIAN_POINT('',(9.78144934338E-03,-1.427480155738E-02,
    3.789421900318E-02));
#1392 = CARTESIAN_POINT('',(1.215144872097E-02,-1.253032169577E-02,
    3.800976922471E-02));
#1393 = CARTESIAN_POINT('',(1.419605963706E-02,-1.037319294158E-02,
    3.812415296202E-02));
#1394 = CARTESIAN_POINT('',(1.582923811588E-02,-7.8734768096E-03,
    3.823761611107E-02));
#1395 = CARTESIAN_POINT('',(1.696262289863E-02,-5.089288434559E-03,
    3.835157634104E-02));
#1396 = CARTESIAN_POINT('',(1.751902170238E-02,-2.084238992146E-03,
    3.846786712987E-02));
#1397 = CARTESIAN_POINT('',(1.7445897479E-02,1.055121880038E-03,
    3.858798179975E-02));
#1398 = CARTESIAN_POINT('',(1.672885467403E-02,4.201863661371E-03,
    3.871231755276E-02));
#1399 = CARTESIAN_POINT('',(1.540512548561E-02,7.171232527296E-03,
    3.883941950632E-02));
#1400 = CARTESIAN_POINT('',(1.357705612337E-02,9.703208928239E-03,
    3.896522472878E-02));
#1401 = CARTESIAN_POINT('',(1.111405644814E-02,1.307983880256E-02,
    3.913364823623E-02));
#1402 = CARTESIAN_POINT('',(7.71000035903E-03,1.581561730843E-02,
    3.930159969808E-02));
#1403 = CARTESIAN_POINT('',(3.583083534986E-03,1.753714245746E-02,
    3.946916880279E-02));
#1404 = CARTESIAN_POINT('',(-9.391745848021E-04,1.80368480162E-02,
    3.963638562366E-02));
#1405 = CARTESIAN_POINT('',(-5.46904494972E-03,1.725498719139E-02,
    3.980323975667E-02));
#1406 = CARTESIAN_POINT('',(-9.607703046488E-03,1.526161631523E-02,
    3.996969945812E-02));
#1407 = CARTESIAN_POINT('',(-1.299434304804E-02,1.223857853057E-02,
    4.013573078252E-02));
#1408 = CARTESIAN_POINT('',(-1.535529196224E-02,8.461487476171E-03,
    4.030131672019E-02));
#1409 = CARTESIAN_POINT('',(-1.655312378079E-02,4.281710971925E-03,
    4.046647633513E-02));
#1410 = CARTESIAN_POINT('',(-1.663577362794E-02,1.083547041112E-04,
    4.063128390272E-02));
#1411 = CARTESIAN_POINT('',(-1.669766442079E-02,-3.018742981511E-03,
    4.075488110639E-02));
#1412 = CARTESIAN_POINT('',(-1.608179413226E-02,-6.191235120561E-03,
    4.087822405737E-02));
#1413 = CARTESIAN_POINT('',(-1.481574949946E-02,-9.227990469629E-03,
    4.100131823209E-02));
#1414 = CARTESIAN_POINT('',(-1.29479952993E-02,-1.19739364044E-02,
    4.112416684953E-02));
#1415 = CARTESIAN_POINT('',(-1.054787434852E-02,-1.430005891968E-02,
    4.124677087113E-02));
#1416 = CARTESIAN_POINT('',(-7.705607503632E-03,-1.610340262931E-02,
    4.136912900091E-02));
#1417 = CARTESIAN_POINT('',(-4.532293660962E-03,-1.730707076631E-02,
    4.149123768534E-02));
#1418 = CARTESIAN_POINT('',(-1.159909756658E-03,-1.786022518271E-02,
    4.161309111347E-02));
#1419 = CARTESIAN_POINT('',(2.258689233358E-03,-1.773808634971E-02,
    4.173468121683E-02));
#1420 = CARTESIAN_POINT('',(5.549770293339E-03,-1.694193335755E-02,
    4.185599766948E-02));
#1421 = CARTESIAN_POINT('',(8.861077042148E-03,-1.614992745185E-02,
    4.197557410046E-02));
#1422 = CARTESIAN_POINT('',(1.206720416873E-02,-1.466650939843E-02,
    4.210466154367E-02));
#1423 = CARTESIAN_POINT('',(1.513775503493E-02,-1.260421243826E-02,
    4.221507857576E-02));
#1424 = CARTESIAN_POINT('',(1.762582084045E-02,-9.851650733056E-03,
    4.232318609802E-02));
#1425 = CARTESIAN_POINT('',(1.993579636093E-02,-6.468283737796E-03,
    4.248253503602E-02));
#1426 = CARTESIAN_POINT('',(2.187004890397E-02,-2.640269424338E-03,
    4.263466463699E-02));
#1427 = CARTESIAN_POINT('',(2.235292258064E-02,1.402287461274E-03,
    4.263711239624E-02));
#1428 = CARTESIAN_POINT('',(2.109621446207E-02,5.369614343531E-03,
    4.248061202854E-02));
#1429 = CARTESIAN_POINT('',(1.983591366074E-02,8.924227618177E-03,
    4.240037128204E-02));
#1430 = CARTESIAN_POINT('',(1.763564884802E-02,1.210994638101E-02,
    4.227923677673E-02));
#1431 = CARTESIAN_POINT('',(1.258797465629E-02,1.949838018947E-02,
    4.201216426689E-02));
#1432 = CARTESIAN_POINT('',(4.186493122951E-03,2.455716659966E-02,
    4.174460020013E-02));
#1433 = CARTESIAN_POINT('',(-6.592670996702E-03,2.556876768977E-02,
    4.147630102555E-02));
#1434 = CARTESIAN_POINT('',(-1.726213073731E-02,2.126009986452E-02,
    4.120743068753E-02));
#1435 = CARTESIAN_POINT('',(-2.494479745926E-02,1.21489446564E-02,
    4.093805173544E-02));
#1436 = CARTESIAN_POINT('',(-2.750572850426E-02,4.809747936551E-04,
    4.066807166007E-02));
#1437 = CARTESIAN_POINT('',(-2.439820984488E-02,-1.068831503184E-02,
    4.039741097091E-02));
#1438 = CARTESIAN_POINT('',(-1.692802160013E-02,-1.871248326312E-02,
    4.012615952783E-02));
#1439 = CARTESIAN_POINT('',(-7.639834291832E-03,-2.231953301048E-02,
    3.985448764127E-02));
#1440 = CARTESIAN_POINT('',(1.470316286033E-03,-2.176953058361E-02,
    3.958207845466E-02));
#1441 = CARTESIAN_POINT('',(1.962123979629E-02,-2.064709863937E-02,
    3.903737164637E-02));
#1442 = CARTESIAN_POINT('',(3.71883051865E-02,-2.302213876957E-03,
    3.849019326546E-02));
#1443 = CARTESIAN_POINT('',(3.411870102298E-02,3.031110578816E-02,
    3.794125398237E-02));
#1444 = CARTESIAN_POINT('',(2.58325083277E-03,6.19264833788E-02,
    3.738867541245E-02));
#1445 = CARTESIAN_POINT('',(-6.825186137554E-02,3.556493677959E-02,
    3.683634568932E-02));
#1446 = CARTESIAN_POINT('',(-4.995191932302E-02,-3.857265925907E-02,
    3.627831323657E-02));
#1447 = CARTESIAN_POINT('',(-4.576665557035E-03,-4.647257923999E-02,
    3.572148377148E-02));
#1448 = CARTESIAN_POINT('',(2.437111110864E-02,-2.946507348168E-02,
    3.516021593015E-02));
#1449 = CARTESIAN_POINT('',(2.917614225701E-02,-3.715405165069E-03,
    3.459782789829E-02));
#1450 = CARTESIAN_POINT('',(1.905087027083E-02,1.219719537234E-02,
    3.40330386595E-02));
#1451 = CARTESIAN_POINT('',(9.687057373663E-03,2.711243595677E-02,
    3.350851156126E-02));
#1452 = CARTESIAN_POINT('',(-1.291508954304E-02,3.317278322156E-02,
    3.298297543716E-02));
#1453 = CARTESIAN_POINT('',(-3.856363198045E-02,2.166809885368E-02,
    3.245344397913E-02));
#1454 = CARTESIAN_POINT('',(-5.331869579403E-02,-2.056003452414E-02,
    3.192565724471E-02));
#1455 = CARTESIAN_POINT('',(-1.584102475441E-02,-5.705104609974E-02,
    3.139325391548E-02));
#1456 = CARTESIAN_POINT('',(3.537075628231E-02,-4.554843304791E-02,
    3.085926985885E-02));
#1457 = CARTESIAN_POINT('',(4.507441590741E-02,-1.076567238807E-03,
    3.032651515808E-02));
#1458 = CARTESIAN_POINT('',(2.850727624948E-02,2.249661819506E-02,
    2.978844557859E-02));
#1459 = CARTESIAN_POINT('',(5.477347706994E-03,2.899965363909E-02,
    2.925131886593E-02));
#1460 = CARTESIAN_POINT('',(-1.063209066736E-02,2.069900360904E-02,
    2.871171132499E-02));
#1461 = CARTESIAN_POINT('',(-2.818327528624E-02,1.193805366163E-02,
    2.813074987538E-02));
#1462 = CARTESIAN_POINT('',(-3.577823013555E-02,-1.361427611343E-02,
    2.754816297721E-02));
#1463 = CARTESIAN_POINT('',(-2.505248619025E-02,-4.361537551891E-02,
    2.69634292837E-02));
#1464 = CARTESIAN_POINT('',(3.205083614869E-02,-6.221430021306E-02,
    2.6377929473E-02));
#1465 = CARTESIAN_POINT('',(7.133747608566E-02,-4.759400466105E-03,
    2.578993546767E-02));
#1466 = CARTESIAN_POINT('',(4.042153073188E-02,5.778174714233E-02,
    2.520040886276E-02));
#1467 = CARTESIAN_POINT('',(-1.959678712597E-02,4.730493589612E-02,
    2.461028047899E-02));
#1468 = CARTESIAN_POINT('',(-3.440830829105E-02,1.821209547353E-02,
    2.401780472228E-02));
#1469 = CARTESIAN_POINT('',(-3.004729662221E-02,-8.573095181089E-03,
    2.342445165741E-02));
#1470 = CARTESIAN_POINT('',(-1.3345268506E-02,-1.973681736496E-02,
    2.282961639421E-02));
#1471 = CARTESIAN_POINT('',(1.947551290403E-03,-3.023803428022E-02,
    2.227709607602E-02));
#1472 = CARTESIAN_POINT('',(2.628777868193E-02,-2.662567672504E-02,
    2.172473731656E-02));
#1473 = CARTESIAN_POINT('',(4.625328029051E-02,-4.789499835008E-03,
    2.116781841711E-02));
#1474 = CARTESIAN_POINT('',(4.266237489823E-02,4.207616245773E-02,
    2.061526436317E-02));
#1475 = CARTESIAN_POINT('',(-8.608406530906E-03,6.135512728746E-02,
    2.005737170765E-02));
#1476 = CARTESIAN_POINT('',(-5.283215686879E-02,2.886959528843E-02,
    1.949861946539E-02));
#1477 = CARTESIAN_POINT('',(-4.352596496619E-02,-1.763906195491E-02,
    1.894336419872E-02));
#1478 = CARTESIAN_POINT('',(-1.795551697898E-02,-3.326967737768E-02,
    1.838180423266E-02));
#1479 = CARTESIAN_POINT('',(6.716870928602E-03,-2.994879883088E-02,
    1.782314734081E-02));
#1480 = CARTESIAN_POINT('',(1.86513210066E-02,-1.538504415438E-02,
    1.726242828782E-02));
#1481 = CARTESIAN_POINT('',(3.177162704457E-02,2.137298169636E-04,
    1.665879065663E-02));
#1482 = CARTESIAN_POINT('',(2.845405476461E-02,2.766592923922E-02,
    1.605454840431E-02));
#1483 = CARTESIAN_POINT('',(5.83804515341E-03,5.182528004394E-02,
    1.544900816248E-02));
#1484 = CARTESIAN_POINT('',(-5.608345614102E-02,4.56979185247E-02,
    1.48439555908E-02));
#1485 = CARTESIAN_POINT('',(-6.937816125312E-02,-2.488316581684E-02,
    1.423719393279E-02));
#1486 = CARTESIAN_POINT('',(-1.432329997271E-02,-7.109017126056E-02,
    1.362993132501E-02));
#1487 = CARTESIAN_POINT('',(3.771234628004E-02,-3.645297355613E-02,
    1.302335997052E-02));
#1488 = CARTESIAN_POINT('',(3.977445404793E-02,-3.165592886102E-03,
    1.241527245479E-02));
#1489 = CARTESIAN_POINT('',(2.476046305211E-02,2.024312226231E-02,
    1.180749652031E-02));
#1490 = CARTESIAN_POINT('',(4.555803509699E-03,2.393049629898E-02,
    1.119929952316E-02));
#1491 = CARTESIAN_POINT('',(-1.539090385622E-02,2.776953344338E-02,
    1.059110752136E-02));
#1492 = CARTESIAN_POINT('',(-3.934285439957E-02,1.271466709388E-02,
    9.982898895022E-03));
#1493 = CARTESIAN_POINT('',(-4.510662917388E-02,-2.301312213654E-02,
    9.374010344656E-03));
#1494 = CARTESIAN_POINT('',(-1.921999186873E-02,-6.600653442664E-02,
    8.766122644936E-03));
#1495 = CARTESIAN_POINT('',(6.307074805146E-02,-5.556549404007E-02,
    8.157284724638E-03));
#1496 = CARTESIAN_POINT('',(6.302124407055E-02,2.735204172017E-02,
    7.548326305948E-03));
#1497 = CARTESIAN_POINT('',(1.71630546427E-02,4.759406825201E-02,
    6.940868956118E-03));
#1498 = CARTESIAN_POINT('',(-1.752682629707E-02,3.740294277597E-02,
    6.332366863024E-03));
#1499 = CARTESIAN_POINT('',(-2.944160261158E-02,1.17803129923E-02,
    5.724828309668E-03));
#1500 = CARTESIAN_POINT('',(-2.314162854093E-02,-7.501360979098E-03,
    5.117461368822E-03));
#1501 = CARTESIAN_POINT('',(-1.998092007269E-02,-1.717058773933E-02,
    4.813623808305E-03));
#1502 = CARTESIAN_POINT('',(-1.239600723269E-02,-2.5342204455E-02,
    4.510527370805E-03));
#1503 = CARTESIAN_POINT('',(-1.021824772445E-03,-2.980212041398E-02,
    4.206772647404E-03));
#1504 = CARTESIAN_POINT('',(1.190909000686E-02,-2.847283344376E-02,
    3.903241984907E-03));
#1505 = CARTESIAN_POINT('',(2.307246109385E-02,-2.101321067397E-02,
    3.600256836291E-03));
#1506 = CARTESIAN_POINT('',(2.943102317131E-02,-9.196956555051E-03,
    3.297370039765E-03));
#1507 = CARTESIAN_POINT('',(2.952451263648E-02,3.781096667174E-03,
    2.994221849304E-03));
#1508 = CARTESIAN_POINT('',(2.402174780376E-02,1.46550488619E-02,
    2.691205793011E-03));
#1509 = CARTESIAN_POINT('',(1.519813737386E-02,2.141182319269E-02,
    2.389007688717E-03));
#1510 = CARTESIAN_POINT('',(5.314447768053E-03,2.363967748981E-02,
    2.086398399794E-03));
#1511 = CARTESIAN_POINT('',(1.067017522797E-03,2.461873840642E-02,
    1.958696246232E-03));
#1512 = CARTESIAN_POINT('',(-3.340386254715E-03,2.462697989691E-02,
    1.824561814781E-03));
#1513 = CARTESIAN_POINT('',(-7.737921578445E-03,2.38708119479E-02,
    1.695596996825E-03));
#1514 = CARTESIAN_POINT('',(-1.196242997692E-02,2.230224080503E-02,
    1.570418508426E-03));
#1515 = CARTESIAN_POINT('',(-1.582077546023E-02,1.985019147576E-02,
    1.443129592688E-03));
#1516 = CARTESIAN_POINT('',(-1.909423240801E-02,1.656525959577E-02,
    1.309675232113E-03));
#1517 = CARTESIAN_POINT('',(-2.158392237838E-02,1.267789265889E-02,
    1.172080871118E-03));
#1518 = CARTESIAN_POINT('',(-2.319729983788E-02,8.570000610614E-03,
    1.040574648504E-03));
#1519 = CARTESIAN_POINT('',(-2.407568681241E-02,4.659995805206E-03,
    9.335931400926E-04));
#1520 = CARTESIAN_POINT('',(-2.476285645907E-02,1.201262326357E-03,
    8.756706113536E-04));
#1521 = CARTESIAN_POINT('',(-2.558165045678E-02,-3.296529231484E-03,
    7.960966860247E-04));
#1522 = CARTESIAN_POINT('',(-2.582663692942E-02,-8.229597360285E-03,
    7.722878460281E-04));
#1523 = CARTESIAN_POINT('',(-2.496410402745E-02,-9.219140328874E-03,
    8.561125063583E-04));
#1524 = CARTESIAN_POINT('',(-2.567092466203E-02,-1.529002519122E-02,
    7.87420634458E-04));
#1525 = CARTESIAN_POINT('',(-2.559361401631E-02,-1.769283371477E-02,
    7.949340158159E-04));
#1526 = CARTESIAN_POINT('',(-2.518138068617E-02,-2.007478741126E-02,
    8.349966253543E-04));
#1527 = CARTESIAN_POINT('',(-2.564854381281E-02,-2.613735191544E-02,
    7.895957017352E-04));
#1528 = CARTESIAN_POINT('',(-2.53823454408E-02,-2.736720700511E-02,
    8.154660054173E-04));
#1529 = CARTESIAN_POINT('',(-2.546814368609E-02,-3.372471228853E-02,
    8.071277626091E-04));
#1530 = CARTESIAN_POINT('',(-2.545522813233E-02,-4.432E-02,
    8.083829517198E-04));
#1531 = CARTESIAN_POINT('',(1.836E-02,-4.432E-02,3.469446951954E-18));
#1532 = CARTESIAN_POINT('',(1.835810139144E-02,-3.640884032777E-02,
    2.598321976119E-07));
#1533 = CARTESIAN_POINT('',(1.837083449834E-02,-3.070734835401E-02,
    -1.482744557073E-06));
#1534 = CARTESIAN_POINT('',(1.833487845131E-02,-2.812291674384E-02,
    3.437984704941E-06));
#1535 = CARTESIAN_POINT('',(1.83801449599E-02,-2.482202026989E-02,
    -2.756918567885E-06));
#1536 = CARTESIAN_POINT('',(1.838238285167E-02,-2.195998030159E-02,
    -3.063183033187E-06));
#1537 = CARTESIAN_POINT('',(1.83102373172E-02,-2.011737077866E-02,
    6.810222749856E-06));
#1538 = CARTESIAN_POINT('',(1.834012316903E-02,-1.645205445178E-02,
    2.72022404748E-06));
#1539 = CARTESIAN_POINT('',(1.849109865426E-02,-9.731179202316E-03,
    -1.794137669796E-05));
#1540 = CARTESIAN_POINT('',(1.831075359504E-02,-5.562805282056E-03,
    6.739568055244E-06));
#1541 = CARTESIAN_POINT('',(1.792195286291E-02,-1.302175343443E-03,
    5.994850780339E-05));
#1542 = CARTESIAN_POINT('',(1.750525468356E-02,2.818990273204E-03,
    1.148618219382E-04));
#1543 = CARTESIAN_POINT('',(1.688268069494E-02,6.17164277692E-03,
    2.033042454209E-04));
#1544 = CARTESIAN_POINT('',(1.580875266429E-02,8.857316777544E-03,
    3.366844368768E-04));
#1545 = CARTESIAN_POINT('',(1.418944356598E-02,1.130275456424E-02,
    4.689591942619E-04));
#1546 = CARTESIAN_POINT('',(1.205858675618E-02,1.360874490211E-02,
    5.809109846416E-04));
#1547 = CARTESIAN_POINT('',(9.527270908662E-03,1.554036642794E-02,
    6.879517330369E-04));
#1548 = CARTESIAN_POINT('',(6.727814154565E-03,1.683324810985E-02,
    8.095040563169E-04));
#1549 = CARTESIAN_POINT('',(3.773910868546E-03,1.749045923483E-02,
    9.38011128123E-04));
#1550 = CARTESIAN_POINT('',(7.585445439974E-04,1.774464138925E-02,
    1.045626360825E-03));
#1551 = CARTESIAN_POINT('',(-2.188739800005E-03,1.735999489632E-02,
    1.166634090475E-03));
#1552 = CARTESIAN_POINT('',(-9.041309411553E-03,1.644073910047E-02,
    1.44184352884E-03));
#1553 = CARTESIAN_POINT('',(-1.556810288641E-02,1.269024592251E-02,
    1.716979218973E-03));
#1554 = CARTESIAN_POINT('',(-2.01733246105E-02,5.867738597502E-03,
    1.992080998727E-03));
#1555 = CARTESIAN_POINT('',(-2.146078948776E-02,-2.719968242343E-03,
    2.267154447717E-03));
#1556 = CARTESIAN_POINT('',(-1.882843945099E-02,-1.112730253393E-02,
    2.542183795423E-03));
#1557 = CARTESIAN_POINT('',(-1.272757235156E-02,-1.747929632394E-02,
    2.817143757051E-03));
#1558 = CARTESIAN_POINT('',(-4.586783228041E-03,-2.048147488388E-02,
    3.092010296963E-03));
#1559 = CARTESIAN_POINT('',(3.599382046221E-03,-1.973027339919E-02,
    3.366770319916E-03));
#1560 = CARTESIAN_POINT('',(1.001706073674E-02,-1.582398123303E-02,
    3.641430289856E-03));
#1561 = CARTESIAN_POINT('',(1.411499484246E-02,-1.027421376413E-02,
    3.916023776493E-03));
#1562 = CARTESIAN_POINT('',(2.234082390535E-02,9.076623847309E-04,
    4.465198342347E-03));
#1563 = CARTESIAN_POINT('',(1.98646246651E-02,1.927151395525E-02,
    5.013834321412E-03));
#1564 = CARTESIAN_POINT('',(3.796670919955E-03,3.455980552829E-02,
    5.562282216377E-03));
#1565 = CARTESIAN_POINT('',(-3.278546710962E-02,3.160322955723E-02,
    6.109537077483E-03));
#1566 = CARTESIAN_POINT('',(-4.588360858673E-02,-8.832769382476E-03,
    6.656744422949E-03));
#1567 = CARTESIAN_POINT('',(-1.861837831524E-02,-4.136525328702E-02,
    7.203229504829E-03));
#1568 = CARTESIAN_POINT('',(1.614491311075E-02,-3.046774217461E-02,
    7.748312450466E-03));
#1569 = CARTESIAN_POINT('',(2.533861339825E-02,-1.054481157415E-02,
    8.293139183593E-03));
#1570 = CARTESIAN_POINT('',(2.089989139128E-02,7.268297482693E-03,
    8.83672923434E-03));
#1571 = CARTESIAN_POINT('',(9.274704326392E-03,1.454690661015E-02,
    9.379416587057E-03));
#1572 = CARTESIAN_POINT('',(-1.662578902338E-03,2.138807851736E-02,
    9.883352501401E-03));
#1573 = CARTESIAN_POINT('',(-1.669180339671E-02,1.906182137777E-02,
    1.038630044284E-02));
#1574 = CARTESIAN_POINT('',(-3.311757481771E-02,4.499586975774E-03,
    1.088850677398E-02));
#1575 = CARTESIAN_POINT('',(-2.819194422923E-02,-2.407963671309E-02,
    1.138966777622E-02));
#1576 = CARTESIAN_POINT('',(-1.161593172311E-03,-3.971824597658E-02,
    1.188973978775E-02));
#1577 = CARTESIAN_POINT('',(2.656560216305E-02,-2.559038344642E-02,
    1.238879645999E-02));
#1578 = CARTESIAN_POINT('',(3.296065153044E-02,2.478870114E-03,
    1.288678338224E-02));
#1579 = CARTESIAN_POINT('',(1.763469107705E-02,1.766012180334E-02,
    1.338355336972E-02));
#1580 = CARTESIAN_POINT('',(3.024389976073E-03,2.088879341561E-02,
    1.387909875596E-02));
#1581 = CARTESIAN_POINT('',(-8.106979202207E-03,1.485546774041E-02,
    1.437343007553E-02));
#1582 = CARTESIAN_POINT('',(-1.993755837995E-02,8.439371968968E-03,
    1.490579454815E-02));
#1583 = CARTESIAN_POINT('',(-2.532109253033E-02,-8.658092907075E-03,
    1.543662877504E-02));
#1584 = CARTESIAN_POINT('',(-1.752642674739E-02,-2.869015279577E-02,
    1.596616141235E-02));
#1585 = CARTESIAN_POINT('',(1.573230512214E-02,-4.095861461386E-02,
    1.64937670877E-02));
#1586 = CARTESIAN_POINT('',(4.354225482606E-02,-1.099549218274E-02,
    1.702012916878E-02));
#1587 = CARTESIAN_POINT('',(3.295898963171E-02,2.835597339792E-02,
    1.754485409215E-02));
#1588 = CARTESIAN_POINT('',(-1.574793105768E-03,3.293119876204E-02,
    1.80675294174E-02));
#1589 = CARTESIAN_POINT('',(-1.761360331373E-02,1.944295740586E-02,
    1.858883333689E-02));
#1590 = CARTESIAN_POINT('',(-2.100508375171E-02,2.240230940003E-03,
    1.91082118779E-02));
#1591 = CARTESIAN_POINT('',(-1.392819365725E-02,-8.762199847947E-03,
    1.962584148326E-02));
#1592 = CARTESIAN_POINT('',(-7.467892714078E-03,-1.901013619687E-02,
    2.010654698834E-02));
#1593 = CARTESIAN_POINT('',(7.532912188124E-03,-2.3625128263E-02,
    2.058539739369E-02));
#1594 = CARTESIAN_POINT('',(2.492866777697E-02,-1.642618441828E-02,
    2.106344171327E-02));
#1595 = CARTESIAN_POINT('',(3.555111389239E-02,8.563044592236E-03,
    2.15388086831E-02));
#1596 = CARTESIAN_POINT('',(1.697724285065E-02,3.361133806667E-02,
    2.201333010341E-02));
#1597 = CARTESIAN_POINT('',(-1.407748091178E-02,3.336111202301E-02,
    2.248629820504E-02));
#1598 = CARTESIAN_POINT('',(-2.741121086494E-02,1.028701808741E-02,
    2.295680962199E-02));
#1599 = CARTESIAN_POINT('',(-2.305800282319E-02,-7.555582997233E-03,
    2.342653893307E-02));
#1600 = CARTESIAN_POINT('',(-1.078444445753E-02,-1.67002725677E-02,
    2.389406891411E-02));
#1601 = CARTESIAN_POINT('',(9.310023989348E-04,-1.592553718943E-02,
    2.436008261554E-02));
#1602 = CARTESIAN_POINT('',(1.359837188912E-02,-1.519844104821E-02,
    2.486192471458E-02));
#1603 = CARTESIAN_POINT('',(2.503230967701E-02,-2.79180779045E-03,
    2.536179071325E-02));
#1604 = CARTESIAN_POINT('',(2.641768288778E-02,1.743396177976E-02,
    2.585970586465E-02));
#1605 = CARTESIAN_POINT('',(2.943405807299E-03,4.109980384829E-02,
    2.635564743006E-02));
#1606 = CARTESIAN_POINT('',(-3.259805290705E-02,2.668881224368E-02,
    2.684959288473E-02));
#1607 = CARTESIAN_POINT('',(-3.923338128879E-02,-1.092562903352E-02,
    2.734157022497E-02));
#1608 = CARTESIAN_POINT('',(-1.179899728786E-02,-2.852450388239E-02,
    2.783158155084E-02));
#1609 = CARTESIAN_POINT('',(7.168329537194E-03,-2.348561673343E-02,
    2.831959542735E-02));
#1610 = CARTESIAN_POINT('',(1.688246728191E-02,-1.027052823539E-02,
    2.880568196857E-02));
#1611 = CARTESIAN_POINT('',(1.527641518352E-02,1.858869921412E-03,
    2.928979714259E-02));
#1612 = CARTESIAN_POINT('',(1.388978796381E-02,1.310268640844E-02,
    2.973931168977E-02));
#1613 = CARTESIAN_POINT('',(3.033638647862E-03,2.298283195489E-02,
    3.018734747654E-02));
#1614 = CARTESIAN_POINT('',(-1.454325964755E-02,2.379695884012E-02,
    3.063311752687E-02));
#1615 = CARTESIAN_POINT('',(-3.345287616178E-02,6.893977552381E-03,
    3.10782364918E-02));
#1616 = CARTESIAN_POINT('',(-2.769646681051E-02,-2.16493794416E-02,
    3.152082054808E-02));
#1617 = CARTESIAN_POINT('',(-1.361997663625E-03,-3.377395856625E-02,
    3.196186734021E-02));
#1618 = CARTESIAN_POINT('',(1.905260533343E-02,-1.957887455511E-02,
    3.240218114608E-02));
#1619 = CARTESIAN_POINT('',(2.248318272476E-02,-2.785724634779E-03,
    3.283972329995E-02));
#1620 = CARTESIAN_POINT('',(1.574415777359E-02,9.820184406332E-03,
    3.327655853451E-02));
#1621 = CARTESIAN_POINT('',(5.54142981037E-03,1.382251664343E-02,
    3.37115343057E-02));
#1622 = CARTESIAN_POINT('',(5.438409030255E-05,1.594657480702E-02,
    3.39457818738E-02));
#1623 = CARTESIAN_POINT('',(-6.347506658527E-03,1.582108593066E-02,
    3.417959428275E-02));
#1624 = CARTESIAN_POINT('',(-1.255589209724E-02,1.262258301095E-02,
    3.441297555232E-02));
#1625 = CARTESIAN_POINT('',(-1.700398005661E-02,6.766096620102E-03,
    3.464592030925E-02));
#1626 = CARTESIAN_POINT('',(-1.846513305682E-02,-5.387462366211E-04,
    3.487842725124E-02));
#1627 = CARTESIAN_POINT('',(-1.652454259217E-02,-7.715048298852E-03,
    3.511050508194E-02));
#1628 = CARTESIAN_POINT('',(-1.172398118086E-02,-1.322939326417E-02,
    3.534217091756E-02));
#1629 = CARTESIAN_POINT('',(-5.379632179547E-03,-1.598602203625E-02,
    3.557344116443E-02));
#1630 = CARTESIAN_POINT('',(9.270026370622E-04,-1.570443400842E-02,
    3.580431486814E-02));
#1631 = CARTESIAN_POINT('',(6.185117731625E-03,-1.328041338222E-02,
    3.603474953381E-02));
#1632 = CARTESIAN_POINT('',(8.435480699955E-03,-1.224463347023E-02,
    3.61324542496E-02));
#1633 = CARTESIAN_POINT('',(1.047349019759E-02,-1.071422032971E-02,
    3.62331003194E-02));
#1634 = CARTESIAN_POINT('',(1.223240427553E-02,-8.842310657934E-03,
    3.633222984114E-02));
#1635 = CARTESIAN_POINT('',(1.363556197068E-02,-6.709168620771E-03,
    3.642913331959E-02));
#1636 = CARTESIAN_POINT('',(1.460681239898E-02,-4.353321993581E-03,
    3.65254960085E-02));
#1637 = CARTESIAN_POINT('',(1.508094384841E-02,-1.802698302054E-03,
    3.662404425245E-02));
#1638 = CARTESIAN_POINT('',(1.501411287226E-02,8.942390369644E-04,
    3.672719182906E-02));
#1639 = CARTESIAN_POINT('',(1.439427338203E-02,3.637354574561E-03,
    3.683568629084E-02));
#1640 = CARTESIAN_POINT('',(1.325160574071E-02,6.243704688973E-03,
    3.694725530738E-02));
#1641 = CARTESIAN_POINT('',(1.16689458558E-02,8.416401444679E-03,
    3.705525300725E-02));
#1642 = CARTESIAN_POINT('',(9.54378846606E-03,1.132755296242E-02,
    3.720042887598E-02));
#1643 = CARTESIAN_POINT('',(6.605432768981E-03,1.369141568352E-02,
    3.7345555757E-02));
#1644 = CARTESIAN_POINT('',(3.037941862766E-03,1.518310931773E-02,
    3.749053577758E-02));
#1645 = CARTESIAN_POINT('',(-8.779399061184E-04,1.561984308062E-02,
    3.763534000849E-02));
#1646 = CARTESIAN_POINT('',(-4.80745687413E-03,1.494598851263E-02,
    3.777998677355E-02));
#1647 = CARTESIAN_POINT('',(-8.404511991866E-03,1.321815229774E-02,
    3.792451995912E-02));
#1648 = CARTESIAN_POINT('',(-1.135433675527E-02,1.059024908264E-02,
    3.806898732364E-02));
#1649 = CARTESIAN_POINT('',(-1.341616113681E-02,7.298574295384E-03,
    3.821341880711E-02));
#1650 = CARTESIAN_POINT('',(-1.446588351673E-02,3.64687696449E-03,
    3.835780484066E-02));
#1651 = CARTESIAN_POINT('',(-1.453874061418E-02,-8.567462291269E-06,
    3.850207465602E-02));
#1652 = CARTESIAN_POINT('',(-1.459121459648E-02,-2.746415390955E-03,
    3.861030044958E-02));
#1653 = CARTESIAN_POINT('',(-1.405258852954E-02,-5.530428364319E-03,
    3.871853342649E-02));
#1654 = CARTESIAN_POINT('',(-1.294252120296E-02,-8.201788808365E-03,
    3.882677785806E-02));
#1655 = CARTESIAN_POINT('',(-1.129972564781E-02,-1.062369704198E-02,
    3.893504531307E-02));
#1656 = CARTESIAN_POINT('',(-9.181969136682E-03,-1.268137127692E-02,
    3.904335465786E-02));
#1657 = CARTESIAN_POINT('',(-6.66607318365E-03,-1.428204761785E-02,
    3.915173205622E-02));
#1658 = CARTESIAN_POINT('',(-3.847913544275E-03,-1.535498006231E-02,
    3.92602109695E-02));
#1659 = CARTESIAN_POINT('',(-8.424202156505E-04,-1.585144050073E-02,
    3.93688321565E-02));
#1660 = CARTESIAN_POINT('',(2.216422563669E-03,-1.574471871644E-02,
    3.947764367359E-02));
#1661 = CARTESIAN_POINT('',(5.175576313606E-03,-1.503012238563E-02,
    3.958670087461E-02));
#1662 = CARTESIAN_POINT('',(8.131489507865E-03,-1.43622702851E-02,
    3.969314181762E-02));
#1663 = CARTESIAN_POINT('',(1.110418244836E-02,-1.283026255547E-02,
    3.981419463251E-02));
#1664 = CARTESIAN_POINT('',(1.373646163858E-02,-1.129998873519E-02,
    3.990465957014E-02));
#1665 = CARTESIAN_POINT('',(1.614381866537E-02,-8.653526606136E-03,
    4.00121904287E-02));
#1666 = CARTESIAN_POINT('',(1.83483582495E-02,-5.26170242784E-03,
    4.01628660498E-02));
#1667 = CARTESIAN_POINT('',(1.990174901833E-02,-1.94180408389E-03,
    4.028772367252E-02));
#1668 = CARTESIAN_POINT('',(2.021085338041E-02,1.2794343037E-03,
    4.028350977057E-02));
#1669 = CARTESIAN_POINT('',(1.931367009579E-02,4.791617341523E-03,
    4.015935117256E-02));
#1670 = CARTESIAN_POINT('',(1.80872003522E-02,8.123443569619E-03,
    4.007949644071E-02));
#1671 = CARTESIAN_POINT('',(1.61028253708E-02,1.098479116521E-02,
    3.997072465893E-02));
#1672 = CARTESIAN_POINT('',(1.150183688825E-02,1.771361945548E-02,
    3.972745919735E-02));
#1673 = CARTESIAN_POINT('',(3.855969105656E-03,2.232325412783E-02,
    3.948375038241E-02));
#1674 = CARTESIAN_POINT('',(-5.947265550742E-03,2.322600628032E-02,
    3.924011920814E-02));
#1675 = CARTESIAN_POINT('',(-1.562706342414E-02,1.92969306082E-02,
    3.899626123148E-02));
#1676 = CARTESIAN_POINT('',(-2.2572679418E-02,1.103256686824E-02,
    3.875203335506E-02));
#1677 = CARTESIAN_POINT('',(-2.487113506375E-02,4.744260751904E-04,
    3.850758930972E-02));
#1678 = CARTESIAN_POINT('',(-2.205273530677E-02,-9.617501791788E-03,
    3.826308742747E-02));
#1679 = CARTESIAN_POINT('',(-1.530784444963E-02,-1.685594179469E-02,
    3.801839429567E-02));
#1680 = CARTESIAN_POINT('',(-6.928371694839E-03,-2.009695297703E-02,
    3.777320788316E-02));
#1681 = CARTESIAN_POINT('',(1.272583273917E-03,-1.960469546039E-02,
    3.752802372919E-02));
#1682 = CARTESIAN_POINT('',(1.761099318834E-02,-1.858332765463E-02,
    3.703755754102E-02));
#1683 = CARTESIAN_POINT('',(3.342963284466E-02,-2.126442825505E-03,
    3.654603333253E-02));
#1684 = CARTESIAN_POINT('',(3.046212101995E-02,2.731846833952E-02,
    3.605407048417E-02));
#1685 = CARTESIAN_POINT('',(2.377972983782E-03,5.527715937886E-02,
    3.556006605678E-02));
#1686 = CARTESIAN_POINT('',(-6.130150569787E-02,3.159030831193E-02,
    3.506661720097E-02));
#1687 = CARTESIAN_POINT('',(-4.394036370524E-02,-3.445246630271E-02,
    3.457076589363E-02));
#1688 = CARTESIAN_POINT('',(-4.245030018477E-03,-4.117671729994E-02,
    3.407472525965E-02));
#1689 = CARTESIAN_POINT('',(2.16627296851E-02,-2.612538090441E-02,
    3.357726342796E-02));
#1690 = CARTESIAN_POINT('',(2.580911576326E-02,-3.314465817835E-03,
    3.307886397558E-02));
#1691 = CARTESIAN_POINT('',(1.686762652496E-02,1.07601913273E-02,
    3.257934804913E-02));
#1692 = CARTESIAN_POINT('',(8.584732863415E-03,2.394930798316E-02,
    3.211557209043E-02));
#1693 = CARTESIAN_POINT('',(-1.139702039459E-02,2.930517612702E-02,
    3.165052054409E-02));
#1694 = CARTESIAN_POINT('',(-3.403095926155E-02,1.909574992774E-02,
    3.118537882451E-02));
#1695 = CARTESIAN_POINT('',(-4.69512707478E-02,-1.817889760594E-02,
    3.071801219368E-02));
#1696 = CARTESIAN_POINT('',(-1.386838326946E-02,-5.018795836766E-02,
    3.025060755179E-02));
#1697 = CARTESIAN_POINT('',(3.112533995425E-02,-3.996849935293E-02,
    2.978226608574E-02));
#1698 = CARTESIAN_POINT('',(3.951701483718E-02,-9.440000298743E-04,
    2.931195485867E-02));
#1699 = CARTESIAN_POINT('',(2.502648814966E-02,1.972959037792E-02,
    2.884175118134E-02));
#1700 = CARTESIAN_POINT('',(4.810280778416E-03,2.541798636682E-02,
    2.836982591061E-02));
#1701 = CARTESIAN_POINT('',(-9.303987262609E-03,1.814609989214E-02,
    2.789711066913E-02));
#1702 = CARTESIAN_POINT('',(-2.4683438041E-02,1.045982361417E-02,
    2.738800045342E-02));
#1703 = CARTESIAN_POINT('',(-3.133966777877E-02,-1.188777467732E-02,
    2.687766047277E-02));
#1704 = CARTESIAN_POINT('',(-2.19108067517E-02,-3.825450142205E-02,
    2.636617275821E-02));
#1705 = CARTESIAN_POINT('',(2.807045192959E-02,-5.435027980577E-02,
    2.585336832261E-02));
#1706 = CARTESIAN_POINT('',(6.237474160696E-02,-4.140736795821E-03,
    2.533942222831E-02));
#1707 = CARTESIAN_POINT('',(3.532011095445E-02,5.04634524612E-02,
    2.482425066202E-02));
#1708 = CARTESIAN_POINT('',(-1.710970693972E-02,4.141211360679E-02,
    2.430775080753E-02));
#1709 = CARTESIAN_POINT('',(-3.009621864552E-02,1.589828154685E-02,
    2.379008842637E-02));
#1710 = CARTESIAN_POINT('',(-2.627062608987E-02,-7.492359692984E-03,
    2.32711537315E-02));
#1711 = CARTESIAN_POINT('',(-1.166672863724E-02,-1.72627378485E-02,
    2.275097337004E-02));
#1712 = CARTESIAN_POINT('',(1.704754112404E-03,-2.64433639607E-02,
    2.226795113189E-02));
#1713 = CARTESIAN_POINT('',(2.301464853806E-02,-2.329606530287E-02,
    2.17838726441E-02));
#1714 = CARTESIAN_POINT('',(4.044047812061E-02,-4.182435545178E-03,
    2.129862575633E-02));
#1715 = CARTESIAN_POINT('',(3.737507637024E-02,3.680573132736E-02,
    2.081251338956E-02));
#1716 = CARTESIAN_POINT('',(-7.502871702449E-03,5.373979135082E-02,
    2.032509115171E-02));
#1717 = CARTESIAN_POINT('',(-4.630630775824E-02,2.534786619748E-02,
    1.983665913628E-02));
#1718 = CARTESIAN_POINT('',(-3.819150720527E-02,-1.545815625809E-02,
    1.934737301506E-02));
#1719 = CARTESIAN_POINT('',(-1.576582490178E-02,-2.92235297517E-02,
    1.885667082908E-02));
#1720 = CARTESIAN_POINT('',(5.917837696113E-03,-2.630165192001E-02,
    1.836518546318E-02));
#1721 = CARTESIAN_POINT('',(1.640701538565E-02,-1.350471969126E-02,
    1.78725286592E-02));
#1722 = CARTESIAN_POINT('',(2.793563164038E-02,2.09037811725E-04,
    1.73419986014E-02));
#1723 = CARTESIAN_POINT('',(2.504522913564E-02,2.434227282526E-02,
    1.681026831973E-02));
#1724 = CARTESIAN_POINT('',(5.131849661483E-03,4.56360022737E-02,
    1.627724233932E-02));
#1725 = CARTESIAN_POINT('',(-4.934402322889E-02,4.035453398262E-02,
    1.574320282353E-02));
#1726 = CARTESIAN_POINT('',(-6.133016551807E-02,-2.186053221354E-02,
    1.520777446999E-02));
#1727 = CARTESIAN_POINT('',(-1.285329917665E-02,-6.284983192135E-02,
    1.467117438049E-02));
#1728 = CARTESIAN_POINT('',(3.346060122244E-02,-3.245501731929E-02,
    1.413359953357E-02));
#1729 = CARTESIAN_POINT('',(3.531449522757E-02,-2.758895262749E-03,
    1.359466409361E-02));
#1730 = CARTESIAN_POINT('',(2.199220498226E-02,1.800794548274E-02,
    1.305471110662E-02));
#1731 = CARTESIAN_POINT('',(4.013855181061E-03,2.129920618726E-02,
    1.251358816235E-02));
#1732 = CARTESIAN_POINT('',(-1.372853153578E-02,2.470234056629E-02,
    1.197248241962E-02));
#1733 = CARTESIAN_POINT('',(-3.511602231869E-02,1.138812511182E-02,
    1.143020906636E-02));
#1734 = CARTESIAN_POINT('',(-4.015465562978E-02,-2.068611653483E-02,
    1.088703665025E-02));
#1735 = CARTESIAN_POINT('',(-1.752907077573E-02,-5.867570284089E-02,
    1.034224808739E-02));
#1736 = CARTESIAN_POINT('',(5.661229939692E-02,-5.034859396726E-02,
    9.797481357926E-03));
#1737 = CARTESIAN_POINT('',(5.664651834902E-02,2.462319658451E-02,
    9.250012307251E-03));
#1738 = CARTESIAN_POINT('',(1.566212831327E-02,4.289514659677E-02,
    8.703261706216E-03));
#1739 = CARTESIAN_POINT('',(-1.590867922911E-02,3.381902397832E-02,
    8.154312284262E-03));
#1740 = CARTESIAN_POINT('',(-2.665615824709E-02,1.062329761147E-02,
    7.604931320965E-03));
#1741 = CARTESIAN_POINT('',(-2.095717484474E-02,-6.852480427423E-03,
    7.054434871185E-03));
#1742 = CARTESIAN_POINT('',(-1.809391246718E-02,-1.560981190105E-02,
    6.779152834794E-03));
#1743 = CARTESIAN_POINT('',(-1.120512534251E-02,-2.304968594946E-02,
    6.503797694972E-03));
#1744 = CARTESIAN_POINT('',(-8.969594984983E-04,-2.708229778351E-02,
    6.228057448145E-03));
#1745 = CARTESIAN_POINT('',(1.087538648437E-02,-2.589478066845E-02,
    5.952022841079E-03));
#1746 = CARTESIAN_POINT('',(2.106291200482E-02,-1.913442570098E-02,
    5.67589850522E-03));
#1747 = CARTESIAN_POINT('',(2.686339728354E-02,-8.356593789366E-03,
    5.399624554363E-03));
#1748 = CARTESIAN_POINT('',(2.695933372036E-02,3.509407063669E-03,
    5.122964460422E-03));
#1749 = CARTESIAN_POINT('',(2.196164833442E-02,1.344217921009E-02,
    4.84597623933E-03));
#1750 = CARTESIAN_POINT('',(1.386410022218E-02,1.964250070741E-02,
    4.569145197157E-03));
#1751 = CARTESIAN_POINT('',(4.809658332683E-03,2.168364487515E-02,
    4.291817703767E-03));
#1752 = CARTESIAN_POINT('',(9.186155440585E-04,2.256299493926E-02,
    4.174509338245E-03));
#1753 = CARTESIAN_POINT('',(-3.122708602343E-03,2.261275085842E-02,
    4.052328815053E-03));
#1754 = CARTESIAN_POINT('',(-7.166448809432E-03,2.19078510384E-02,
    3.933473724264E-03));
#1755 = CARTESIAN_POINT('',(-1.105117834174E-02,2.043303972065E-02,
    3.817665483826E-03));
#1756 = CARTESIAN_POINT('',(-1.459015958935E-02,1.817753824737E-02,
    3.7008725001E-03));
#1757 = CARTESIAN_POINT('',(-1.7586144449E-02,1.520004698411E-02,
    3.579463029894E-03));
#1758 = CARTESIAN_POINT('',(-1.987272452235E-02,1.166407789903E-02,
    3.453787744123E-03));
#1759 = CARTESIAN_POINT('',(-2.138223113135E-02,7.843617799958E-03,
    3.331191992952E-03));
#1760 = CARTESIAN_POINT('',(-2.224018515083E-02,4.09912222805E-03,
    3.228457772551E-03));
#1761 = CARTESIAN_POINT('',(-2.28862966582E-02,8.238400090534E-04,
    3.173675393369E-03));
#1762 = CARTESIAN_POINT('',(-2.366069352725E-02,-3.466205757825E-03,
    3.098416172118E-03));
#1763 = CARTESIAN_POINT('',(-2.389859749483E-02,-7.986006943661E-03,
    3.075295640452E-03));
#1764 = CARTESIAN_POINT('',(-2.308516355194E-02,-9.201306196065E-03,
    3.154348652582E-03));
#1765 = CARTESIAN_POINT('',(-2.374253795244E-02,-1.547139879091E-02,
    3.090462178565E-03));
#1766 = CARTESIAN_POINT('',(-2.367647206657E-02,-1.762780258893E-02,
    3.096882745747E-03));
#1767 = CARTESIAN_POINT('',(-2.329139045029E-02,-1.996172920711E-02,
    3.134306634862E-03));
#1768 = CARTESIAN_POINT('',(-2.372225727051E-02,-2.628090371405E-02,
    3.092433142537E-03));
#1769 = CARTESIAN_POINT('',(-2.347871526513E-02,-2.72957559684E-02,
    3.116101602986E-03));
#1770 = CARTESIAN_POINT('',(-2.355669632371E-02,-3.373988714149E-02,
    3.10852306803E-03));
#1771 = CARTESIAN_POINT('',(-2.354502254797E-02,-4.432E-02,
    3.109657575809E-03));
#1772 = DEFINITIONAL_REPRESENTATION('',(#1773),#1777);
#1773 = LINE('',#1774,#1775);
#1774 = CARTESIAN_POINT('',(0.,0.));
#1775 = VECTOR('',#1776,1.);
#1776 = DIRECTION('',(1.,0.));
#1777 = ( GEOMETRIC_REPRESENTATION_CONTEXT(2) 
PARAMETRIC_REPRESENTATION_CONTEXT() REPRESENTATION_CONTEXT('2D SPACE',''
  ) );
#1778 = ADVANCED_FACE('',(#1779),#84,.F.);
#1779 = FACE_BOUND('',#1780,.F.);
#1780 = EDGE_LOOP('',(#1781,#2041,#2075,#2076));
#1781 = ORIENTED_EDGE('',*,*,#1782,.T.);
#1782 = EDGE_CURVE('',#56,#1783,#1785,.T.);
#1783 = VERTEX_POINT('',#1784);
#1784 = CARTESIAN_POINT('',(-2.354502254797E-02,-4.432E-02,
    3.109657575809E-03));
#1785 = SEAM_CURVE('',#1786,(#2028,#2034),.PCURVE_S1.);
#1786 = ( BOUNDED_CURVE() B_SPLINE_CURVE(10,(#1787,#1788,#1789,#1790,
    #1791,#1792,#1793,#1794,#1795,#1796,#1797,#1798,#1799,#1800,#1801,
    #1802,#1803,#1804,#1805,#1806,#1807,#1808,#1809,#1810,#1811,#1812,
    #1813,#1814,#1815,#1816,#1817,#1818,#1819,#1820,#1821,#1822,#1823,
    #1824,#1825,#1826,#1827,#1828,#1829,#1830,#1831,#1832,#1833,#1834,
    #1835,#1836,#1837,#1838,#1839,#1840,#1841,#1842,#1843,#1844,#1845,
    #1846,#1847,#1848,#1849,#1850,#1851,#1852,#1853,#1854,#1855,#1856,
    #1857,#1858,#1859,#1860,#1861,#1862,#1863,#1864,#1865,#1866,#1867,
    #1868,#1869,#1870,#1871,#1872,#1873,#1874,#1875,#1876,#1877,#1878,
    #1879,#1880,#1881,#1882,#1883,#1884,#1885,#1886,#1887,#1888,#1889,
    #1890,#1891,#1892,#1893,#1894,#1895,#1896,#1897,#1898,#1899,#1900,
    #1901,#1902,#1903,#1904,#1905,#1906,#1907,#1908,#1909,#1910,#1911,
    #1912,#1913,#1914,#1915,#1916,#1917,#1918,#1919,#1920,#1921,#1922,
    #1923,#1924,#1925,#1926,#1927,#1928,#1929,#1930,#1931,#1932,#1933,
    #1934,#1935,#1936,#1937,#1938,#1939,#1940,#1941,#1942,#1943,#1944,
    #1945,#1946,#1947,#1948,#1949,#1950,#1951,#1952,#1953,#1954,#1955,
    #1956,#1957,#1958,#1959,#1960,#1961,#1962,#1963,#1964,#1965,#1966,
    #1967,#1968,#1969,#1970,#1971,#1972,#1973,#1974,#1975,#1976,#1977,
    #1978,#1979,#1980,#1981,#1982,#1983,#1984,#1985,#1986,#1987,#1988,
    #1989,#1990,#1991,#1992,#1993,#1994,#1995,#1996,#1997,#1998,#1999,
    #2000,#2001,#2002,#2003,#2004,#2005,#2006,#2007,#2008,#2009,#2010,
    #2011,#2012,#2013,#2014,#2015,#2016,#2017,#2018,#2019,#2020,#2021,
    #2022,#2023,#2024,#2025,#2026,#2027),.UNSPECIFIED.,.F.,.F.) 
B_SPLINE_CURVE_WITH_KNOTS((11,10,10,10,10,10,10,10,10,10,10,10,10,10,10,
    10,10,10,10,10,10,10,10,10,11),(0.,3.,6.,13.,27.,40.,54.,67.,81.,94.
    ,101.,104.,108.,111.,114.,121.,135.,148.,162.,175.,189.,203.,210.,
213.,217.),.UNSPECIFIED.) CURVE() GEOMETRIC_REPRESENTATION_ITEM() 
RATIONAL_B_SPLINE_CURVE((1.669078461068,1.669078461068,1.669078461068,
    1.669078461068,1.669078461069,1.669078461068,1.669078461069,
    1.669078461068,1.669078461068,1.669078461068,1.669078461068,
    1.669078461068,1.669078461069,1.669078461067,1.669078461069,
    1.669078461067,1.669078461069,1.669078461068,1.669078461068,
    1.669078461068,1.669078461068,1.669078461068,1.669078461069,
    1.669078461068,1.669078461069,1.669078461067,1.669078461069,
    1.669078461068,1.669078461068,1.669078461068,1.669078461068,
    1.669078461068,1.669078461069,1.669078461068,1.669078461069,
    1.669078461067,1.669078461069,1.669078461068,1.669078461068,
    1.669078461068,1.669078461068,1.669078461068,1.669078461068,
    1.669078461068,1.669078461068,1.669078461068,1.669078461068,
    1.669078461068,1.669078461068,1.669078461068,1.669078461068,
    1.669078461068,1.669078461068,1.669078461068,1.669078461069,
    1.669078461068,1.669078461069,1.669078461068,1.669078461068,
    1.669078461068,1.669078461068,1.669078461068,1.669078461068,
    1.669078461068,1.669078461068,1.669078461068,1.669078461068,
    1.669078461068,1.669078461068,1.669078461068,1.669078461068,
    1.669078461068,1.669078461068,1.669078461069,1.669078461067,
    1.66907846107,1.669078461067,1.669078461069,1.669078461068,
    1.669078461068,1.669078461068,1.669078461068,1.669078461068,
    1.669078461069,1.669078461068,1.669078461069,1.669078461068,
    1.669078461069,1.669078461068,1.669078461068,1.669078461068,
    1.669078461068,1.669078461069,1.669078461067,1.66907846107,
    1.669078461067,1.669078461069,1.669078461068,1.669078461068,
    1.669078461068,1.669078461068,1.669078461068,1.669078461069,
    1.669078461067,1.66907846107,1.669078461067,1.669078461069,
    1.669078461068,1.669078461068,1.669078461068,1.669078461068,
    1.669078461068,1.669078461068,1.669078461068,1.669078461069,
    1.669078461068,1.669078461068,1.669078461068,1.669078461068,
    1.669078461068,1.669078461068,1.669078461068,1.669078461069,
    1.669078461067,1.66907846107,1.669078461067,1.669078461069,
    1.669078461068,1.669078461068,1.669078461068,1.669078461068,
    1.669078461068,1.669078461069,1.669078461067,1.66907846107,
    1.669078461067,1.669078461069,1.669078461068,1.669078461068,
    1.669078461068,1.669078461068,1.669078461068,1.669078461069,
    1.669078461067,1.66907846107,1.669078461067,1.669078461069,
    1.669078461068,1.669078461068,1.669078461068,1.669078461068,
    1.669078461068,1.669078461068,1.669078461069,1.669078461067,
    1.66907846107,1.669078461067,1.669078461069,1.669078461068,
    1.669078461068,1.669078461068,1.669078461068,1.669078461068,
    1.669078461069,1.669078461067,1.669078461069,1.669078461067,
    1.669078461069,1.669078461068,1.669078461068,1.669078461068,
    1.669078461068,1.669078461069,1.669078461067,1.66907846107,
    1.669078461067,1.669078461069,1.669078461068,1.669078461068,
    1.669078461068,1.669078461068,1.669078461068,1.669078461068,
    1.669078461069,1.669078461067,1.66907846107,1.669078461067,
    1.669078461069,1.669078461068,1.669078461068,1.669078461068,
    1.669078461068,1.669078461069,1.669078461067,1.66907846107,
    1.669078461067,1.669078461069,1.669078461068,1.669078461068,
    1.669078461068,1.669078461068,1.669078461068,1.669078461069,
    1.669078461067,1.66907846107,1.669078461067,1.669078461069,
    1.669078461068,1.669078461068,1.669078461068,1.669078461068,
    1.669078461068,1.669078461068,1.669078461068,1.669078461069,
    1.669078461068,1.669078461069,1.669078461068,1.669078461068,
    1.669078461068,1.669078461068,1.669078461068,1.669078461068,
    1.669078461068,1.669078461069,1.669078461068,1.669078461068,
    1.669078461068,1.669078461068,1.669078461068,1.669078461068,
    1.669078461068,1.669078461068,1.669078461068,1.669078461068,
    1.669078461068,1.669078461068,1.669078461068,1.669078461068,
1.669078461068,1.669078461068)) REPRESENTATION_ITEM('') );
#1787 = CARTESIAN_POINT('',(1.836E-02,-4.432E-02,3.469446951954E-18));
#1788 = CARTESIAN_POINT('',(1.835810139144E-02,-3.640884032777E-02,
    2.598321976119E-07));
#1789 = CARTESIAN_POINT('',(1.837083449834E-02,-3.070734835401E-02,
    -1.482744557073E-06));
#1790 = CARTESIAN_POINT('',(1.833487845131E-02,-2.812291674384E-02,
    3.437984704941E-06));
#1791 = CARTESIAN_POINT('',(1.83801449599E-02,-2.482202026989E-02,
    -2.756918567885E-06));
#1792 = CARTESIAN_POINT('',(1.838238285167E-02,-2.195998030159E-02,
    -3.063183033187E-06));
#1793 = CARTESIAN_POINT('',(1.83102373172E-02,-2.011737077866E-02,
    6.810222749856E-06));
#1794 = CARTESIAN_POINT('',(1.834012316903E-02,-1.645205445178E-02,
    2.72022404748E-06));
#1795 = CARTESIAN_POINT('',(1.849109865426E-02,-9.731179202316E-03,
    -1.794137669796E-05));
#1796 = CARTESIAN_POINT('',(1.831075359504E-02,-5.562805282056E-03,
    6.739568055244E-06));
#1797 = CARTESIAN_POINT('',(1.792195286291E-02,-1.302175343443E-03,
    5.994850780339E-05));
#1798 = CARTESIAN_POINT('',(1.750525468356E-02,2.818990273204E-03,
    1.148618219382E-04));
#1799 = CARTESIAN_POINT('',(1.688268069494E-02,6.17164277692E-03,
    2.033042454209E-04));
#1800 = CARTESIAN_POINT('',(1.580875266429E-02,8.857316777544E-03,
    3.366844368768E-04));
#1801 = CARTESIAN_POINT('',(1.418944356598E-02,1.130275456424E-02,
    4.689591942619E-04));
#1802 = CARTESIAN_POINT('',(1.205858675618E-02,1.360874490211E-02,
    5.809109846416E-04));
#1803 = CARTESIAN_POINT('',(9.527270908662E-03,1.554036642794E-02,
    6.879517330369E-04));
#1804 = CARTESIAN_POINT('',(6.727814154565E-03,1.683324810985E-02,
    8.095040563169E-04));
#1805 = CARTESIAN_POINT('',(3.773910868546E-03,1.749045923483E-02,
    9.38011128123E-04));
#1806 = CARTESIAN_POINT('',(7.585445439974E-04,1.774464138925E-02,
    1.045626360825E-03));
#1807 = CARTESIAN_POINT('',(-2.188739800005E-03,1.735999489632E-02,
    1.166634090475E-03));
#1808 = CARTESIAN_POINT('',(-9.041309411553E-03,1.644073910047E-02,
    1.44184352884E-03));
#1809 = CARTESIAN_POINT('',(-1.556810288641E-02,1.269024592251E-02,
    1.716979218973E-03));
#1810 = CARTESIAN_POINT('',(-2.01733246105E-02,5.867738597502E-03,
    1.992080998727E-03));
#1811 = CARTESIAN_POINT('',(-2.146078948776E-02,-2.719968242343E-03,
    2.267154447717E-03));
#1812 = CARTESIAN_POINT('',(-1.882843945099E-02,-1.112730253393E-02,
    2.542183795423E-03));
#1813 = CARTESIAN_POINT('',(-1.272757235156E-02,-1.747929632394E-02,
    2.817143757051E-03));
#1814 = CARTESIAN_POINT('',(-4.586783228041E-03,-2.048147488388E-02,
    3.092010296963E-03));
#1815 = CARTESIAN_POINT('',(3.599382046221E-03,-1.973027339919E-02,
    3.366770319916E-03));
#1816 = CARTESIAN_POINT('',(1.001706073674E-02,-1.582398123303E-02,
    3.641430289856E-03));
#1817 = CARTESIAN_POINT('',(1.411499484246E-02,-1.027421376413E-02,
    3.916023776493E-03));
#1818 = CARTESIAN_POINT('',(2.234082390535E-02,9.076623847309E-04,
    4.465198342347E-03));
#1819 = CARTESIAN_POINT('',(1.98646246651E-02,1.927151395525E-02,
    5.013834321412E-03));
#1820 = CARTESIAN_POINT('',(3.796670919955E-03,3.455980552829E-02,
    5.562282216377E-03));
#1821 = CARTESIAN_POINT('',(-3.278546710962E-02,3.160322955723E-02,
    6.109537077483E-03));
#1822 = CARTESIAN_POINT('',(-4.588360858673E-02,-8.832769382476E-03,
    6.656744422949E-03));
#1823 = CARTESIAN_POINT('',(-1.861837831524E-02,-4.136525328702E-02,
    7.203229504829E-03));
#1824 = CARTESIAN_POINT('',(1.614491311075E-02,-3.046774217461E-02,
    7.748312450466E-03));
#1825 = CARTESIAN_POINT('',(2.533861339825E-02,-1.054481157415E-02,
    8.293139183593E-03));
#1826 = CARTESIAN_POINT('',(2.089989139128E-02,7.268297482693E-03,
    8.83672923434E-03));
#1827 = CARTESIAN_POINT('',(9.274704326392E-03,1.454690661015E-02,
    9.379416587057E-03));
#1828 = CARTESIAN_POINT('',(-1.662578902338E-03,2.138807851736E-02,
    9.883352501401E-03));
#1829 = CARTESIAN_POINT('',(-1.669180339671E-02,1.906182137777E-02,
    1.038630044284E-02));
#1830 = CARTESIAN_POINT('',(-3.311757481771E-02,4.499586975774E-03,
    1.088850677398E-02));
#1831 = CARTESIAN_POINT('',(-2.819194422923E-02,-2.407963671309E-02,
    1.138966777622E-02));
#1832 = CARTESIAN_POINT('',(-1.161593172311E-03,-3.971824597658E-02,
    1.188973978775E-02));
#1833 = CARTESIAN_POINT('',(2.656560216305E-02,-2.559038344642E-02,
    1.238879645999E-02));
#1834 = CARTESIAN_POINT('',(3.296065153044E-02,2.478870114E-03,
    1.288678338224E-02));
#1835 = CARTESIAN_POINT('',(1.763469107705E-02,1.766012180334E-02,
    1.338355336972E-02));
#1836 = CARTESIAN_POINT('',(3.024389976073E-03,2.088879341561E-02,
    1.387909875596E-02));
#1837 = CARTESIAN_POINT('',(-8.106979202207E-03,1.485546774041E-02,
    1.437343007553E-02));
#1838 = CARTESIAN_POINT('',(-1.993755837995E-02,8.439371968968E-03,
    1.490579454815E-02));
#1839 = CARTESIAN_POINT('',(-2.532109253033E-02,-8.658092907075E-03,
    1.543662877504E-02));
#1840 = CARTESIAN_POINT('',(-1.752642674739E-02,-2.869015279577E-02,
    1.596616141235E-02));
#1841 = CARTESIAN_POINT('',(1.573230512214E-02,-4.095861461386E-02,
    1.64937670877E-02));
#1842 = CARTESIAN_POINT('',(4.354225482606E-02,-1.099549218274E-02,
    1.702012916878E-02));
#1843 = CARTESIAN_POINT('',(3.295898963171E-02,2.835597339792E-02,
    1.754485409215E-02));
#1844 = CARTESIAN_POINT('',(-1.574793105768E-03,3.293119876204E-02,
    1.80675294174E-02));
#1845 = CARTESIAN_POINT('',(-1.761360331373E-02,1.944295740586E-02,
    1.858883333689E-02));
#1846 = CARTESIAN_POINT('',(-2.100508375171E-02,2.240230940003E-03,
    1.91082118779E-02));
#1847 = CARTESIAN_POINT('',(-1.392819365725E-02,-8.762199847947E-03,
    1.962584148326E-02));
#1848 = CARTESIAN_POINT('',(-7.467892714078E-03,-1.901013619687E-02,
    2.010654698834E-02));
#1849 = CARTESIAN_POINT('',(7.532912188124E-03,-2.3625128263E-02,
    2.058539739369E-02));
#1850 = CARTESIAN_POINT('',(2.492866777697E-02,-1.642618441828E-02,
    2.106344171327E-02));
#1851 = CARTESIAN_POINT('',(3.555111389239E-02,8.563044592236E-03,
    2.15388086831E-02));
#1852 = CARTESIAN_POINT('',(1.697724285065E-02,3.361133806667E-02,
    2.201333010341E-02));
#1853 = CARTESIAN_POINT('',(-1.407748091178E-02,3.336111202301E-02,
    2.248629820504E-02));
#1854 = CARTESIAN_POINT('',(-2.741121086494E-02,1.028701808741E-02,
    2.295680962199E-02));
#1855 = CARTESIAN_POINT('',(-2.305800282319E-02,-7.555582997233E-03,
    2.342653893307E-02));
#1856 = CARTESIAN_POINT('',(-1.078444445753E-02,-1.67002725677E-02,
    2.389406891411E-02));
#1857 = CARTESIAN_POINT('',(9.310023989348E-04,-1.592553718943E-02,
    2.436008261554E-02));
#1858 = CARTESIAN_POINT('',(1.359837188912E-02,-1.519844104821E-02,
    2.486192471458E-02));
#1859 = CARTESIAN_POINT('',(2.503230967701E-02,-2.79180779045E-03,
    2.536179071325E-02));
#1860 = CARTESIAN_POINT('',(2.641768288778E-02,1.743396177976E-02,
    2.585970586465E-02));
#1861 = CARTESIAN_POINT('',(2.943405807299E-03,4.109980384829E-02,
    2.635564743006E-02));
#1862 = CARTESIAN_POINT('',(-3.259805290705E-02,2.668881224368E-02,
    2.684959288473E-02));
#1863 = CARTESIAN_POINT('',(-3.923338128879E-02,-1.092562903352E-02,
    2.734157022497E-02));
#1864 = CARTESIAN_POINT('',(-1.179899728786E-02,-2.852450388239E-02,
    2.783158155084E-02));
#1865 = CARTESIAN_POINT('',(7.168329537194E-03,-2.348561673343E-02,
    2.831959542735E-02));
#1866 = CARTESIAN_POINT('',(1.688246728191E-02,-1.027052823539E-02,
    2.880568196857E-02));
#1867 = CARTESIAN_POINT('',(1.527641518352E-02,1.858869921412E-03,
    2.928979714259E-02));
#1868 = CARTESIAN_POINT('',(1.388978796381E-02,1.310268640844E-02,
    2.973931168977E-02));
#1869 = CARTESIAN_POINT('',(3.033638647862E-03,2.298283195489E-02,
    3.018734747654E-02));
#1870 = CARTESIAN_POINT('',(-1.454325964755E-02,2.379695884012E-02,
    3.063311752687E-02));
#1871 = CARTESIAN_POINT('',(-3.345287616178E-02,6.893977552381E-03,
    3.10782364918E-02));
#1872 = CARTESIAN_POINT('',(-2.769646681051E-02,-2.16493794416E-02,
    3.152082054808E-02));
#1873 = CARTESIAN_POINT('',(-1.361997663625E-03,-3.377395856625E-02,
    3.196186734021E-02));
#1874 = CARTESIAN_POINT('',(1.905260533343E-02,-1.957887455511E-02,
    3.240218114608E-02));
#1875 = CARTESIAN_POINT('',(2.248318272476E-02,-2.785724634779E-03,
    3.283972329995E-02));
#1876 = CARTESIAN_POINT('',(1.574415777359E-02,9.820184406332E-03,
    3.327655853451E-02));
#1877 = CARTESIAN_POINT('',(5.54142981037E-03,1.382251664343E-02,
    3.37115343057E-02));
#1878 = CARTESIAN_POINT('',(5.438409030255E-05,1.594657480702E-02,
    3.39457818738E-02));
#1879 = CARTESIAN_POINT('',(-6.347506658527E-03,1.582108593066E-02,
    3.417959428275E-02));
#1880 = CARTESIAN_POINT('',(-1.255589209724E-02,1.262258301095E-02,
    3.441297555232E-02));
#1881 = CARTESIAN_POINT('',(-1.700398005661E-02,6.766096620102E-03,
    3.464592030925E-02));
#1882 = CARTESIAN_POINT('',(-1.846513305682E-02,-5.387462366211E-04,
    3.487842725124E-02));
#1883 = CARTESIAN_POINT('',(-1.652454259217E-02,-7.715048298852E-03,
    3.511050508194E-02));
#1884 = CARTESIAN_POINT('',(-1.172398118086E-02,-1.322939326417E-02,
    3.534217091756E-02));
#1885 = CARTESIAN_POINT('',(-5.379632179547E-03,-1.598602203625E-02,
    3.557344116443E-02));
#1886 = CARTESIAN_POINT('',(9.270026370622E-04,-1.570443400842E-02,
    3.580431486814E-02));
#1887 = CARTESIAN_POINT('',(6.185117731625E-03,-1.328041338222E-02,
    3.603474953381E-02));
#1888 = CARTESIAN_POINT('',(8.435480699955E-03,-1.224463347023E-02,
    3.61324542496E-02));
#1889 = CARTESIAN_POINT('',(1.047349019759E-02,-1.071422032971E-02,
    3.62331003194E-02));
#1890 = CARTESIAN_POINT('',(1.223240427553E-02,-8.842310657934E-03,
    3.633222984114E-02));
#1891 = CARTESIAN_POINT('',(1.363556197068E-02,-6.709168620771E-03,
    3.642913331959E-02));
#1892 = CARTESIAN_POINT('',(1.460681239898E-02,-4.353321993581E-03,
    3.65254960085E-02));
#1893 = CARTESIAN_POINT('',(1.508094384841E-02,-1.802698302054E-03,
    3.662404425245E-02));
#1894 = CARTESIAN_POINT('',(1.501411287226E-02,8.942390369644E-04,
    3.672719182906E-02));
#1895 = CARTESIAN_POINT('',(1.439427338203E-02,3.637354574561E-03,
    3.683568629084E-02));
#1896 = CARTESIAN_POINT('',(1.325160574071E-02,6.243704688973E-03,
    3.694725530738E-02));
#1897 = CARTESIAN_POINT('',(1.16689458558E-02,8.416401444679E-03,
    3.705525300725E-02));
#1898 = CARTESIAN_POINT('',(9.54378846606E-03,1.132755296242E-02,
    3.720042887598E-02));
#1899 = CARTESIAN_POINT('',(6.605432768981E-03,1.369141568352E-02,
    3.7345555757E-02));
#1900 = CARTESIAN_POINT('',(3.037941862766E-03,1.518310931773E-02,
    3.749053577758E-02));
#1901 = CARTESIAN_POINT('',(-8.779399061184E-04,1.561984308062E-02,
    3.763534000849E-02));
#1902 = CARTESIAN_POINT('',(-4.80745687413E-03,1.494598851263E-02,
    3.777998677355E-02));
#1903 = CARTESIAN_POINT('',(-8.404511991866E-03,1.321815229774E-02,
    3.792451995912E-02));
#1904 = CARTESIAN_POINT('',(-1.135433675527E-02,1.059024908264E-02,
    3.806898732364E-02));
#1905 = CARTESIAN_POINT('',(-1.341616113681E-02,7.298574295384E-03,
    3.821341880711E-02));
#1906 = CARTESIAN_POINT('',(-1.446588351673E-02,3.64687696449E-03,
    3.835780484066E-02));
#1907 = CARTESIAN_POINT('',(-1.453874061418E-02,-8.567462291269E-06,
    3.850207465602E-02));
#1908 = CARTESIAN_POINT('',(-1.459121459648E-02,-2.746415390955E-03,
    3.861030044958E-02));
#1909 = CARTESIAN_POINT('',(-1.405258852954E-02,-5.530428364319E-03,
    3.871853342649E-02));
#1910 = CARTESIAN_POINT('',(-1.294252120296E-02,-8.201788808365E-03,
    3.882677785806E-02));
#1911 = CARTESIAN_POINT('',(-1.129972564781E-02,-1.062369704198E-02,
    3.893504531307E-02));
#1912 = CARTESIAN_POINT('',(-9.181969136682E-03,-1.268137127692E-02,
    3.904335465786E-02));
#1913 = CARTESIAN_POINT('',(-6.66607318365E-03,-1.428204761785E-02,
    3.915173205622E-02));
#1914 = CARTESIAN_POINT('',(-3.847913544275E-03,-1.535498006231E-02,
    3.92602109695E-02));
#1915 = CARTESIAN_POINT('',(-8.424202156505E-04,-1.585144050073E-02,
    3.93688321565E-02));
#1916 = CARTESIAN_POINT('',(2.216422563669E-03,-1.574471871644E-02,
    3.947764367359E-02));
#1917 = CARTESIAN_POINT('',(5.175576313606E-03,-1.503012238563E-02,
    3.958670087461E-02));
#1918 = CARTESIAN_POINT('',(8.131489507865E-03,-1.43622702851E-02,
    3.969314181762E-02));
#1919 = CARTESIAN_POINT('',(1.110418244836E-02,-1.283026255547E-02,
    3.981419463251E-02));
#1920 = CARTESIAN_POINT('',(1.373646163858E-02,-1.129998873519E-02,
    3.990465957014E-02));
#1921 = CARTESIAN_POINT('',(1.614381866537E-02,-8.653526606136E-03,
    4.00121904287E-02));
#1922 = CARTESIAN_POINT('',(1.83483582495E-02,-5.26170242784E-03,
    4.01628660498E-02));
#1923 = CARTESIAN_POINT('',(1.990174901833E-02,-1.94180408389E-03,
    4.028772367252E-02));
#1924 = CARTESIAN_POINT('',(2.021085338041E-02,1.2794343037E-03,
    4.028350977057E-02));
#1925 = CARTESIAN_POINT('',(1.931367009579E-02,4.791617341523E-03,
    4.015935117256E-02));
#1926 = CARTESIAN_POINT('',(1.80872003522E-02,8.123443569619E-03,
    4.007949644071E-02));
#1927 = CARTESIAN_POINT('',(1.61028253708E-02,1.098479116521E-02,
    3.997072465893E-02));
#1928 = CARTESIAN_POINT('',(1.150183688825E-02,1.771361945548E-02,
    3.972745919735E-02));
#1929 = CARTESIAN_POINT('',(3.855969105656E-03,2.232325412783E-02,
    3.948375038241E-02));
#1930 = CARTESIAN_POINT('',(-5.947265550742E-03,2.322600628032E-02,
    3.924011920814E-02));
#1931 = CARTESIAN_POINT('',(-1.562706342414E-02,1.92969306082E-02,
    3.899626123148E-02));
#1932 = CARTESIAN_POINT('',(-2.2572679418E-02,1.103256686824E-02,
    3.875203335506E-02));
#1933 = CARTESIAN_POINT('',(-2.487113506375E-02,4.744260751904E-04,
    3.850758930972E-02));
#1934 = CARTESIAN_POINT('',(-2.205273530677E-02,-9.617501791788E-03,
    3.826308742747E-02));
#1935 = CARTESIAN_POINT('',(-1.530784444963E-02,-1.685594179469E-02,
    3.801839429567E-02));
#1936 = CARTESIAN_POINT('',(-6.928371694839E-03,-2.009695297703E-02,
    3.777320788316E-02));
#1937 = CARTESIAN_POINT('',(1.272583273917E-03,-1.960469546039E-02,
    3.752802372919E-02));
#1938 = CARTESIAN_POINT('',(1.761099318834E-02,-1.858332765463E-02,
    3.703755754102E-02));
#1939 = CARTESIAN_POINT('',(3.342963284466E-02,-2.126442825505E-03,
    3.654603333253E-02));
#1940 = CARTESIAN_POINT('',(3.046212101995E-02,2.731846833952E-02,
    3.605407048417E-02));
#1941 = CARTESIAN_POINT('',(2.377972983782E-03,5.527715937886E-02,
    3.556006605678E-02));
#1942 = CARTESIAN_POINT('',(-6.130150569787E-02,3.159030831193E-02,
    3.506661720097E-02));
#1943 = CARTESIAN_POINT('',(-4.394036370524E-02,-3.445246630271E-02,
    3.457076589363E-02));
#1944 = CARTESIAN_POINT('',(-4.245030018477E-03,-4.117671729994E-02,
    3.407472525965E-02));
#1945 = CARTESIAN_POINT('',(2.16627296851E-02,-2.612538090441E-02,
    3.357726342796E-02));
#1946 = CARTESIAN_POINT('',(2.580911576326E-02,-3.314465817835E-03,
    3.307886397558E-02));
#1947 = CARTESIAN_POINT('',(1.686762652496E-02,1.07601913273E-02,
    3.257934804913E-02));
#1948 = CARTESIAN_POINT('',(8.584732863415E-03,2.394930798316E-02,
    3.211557209043E-02));
#1949 = CARTESIAN_POINT('',(-1.139702039459E-02,2.930517612702E-02,
    3.165052054409E-02));
#1950 = CARTESIAN_POINT('',(-3.403095926155E-02,1.909574992774E-02,
    3.118537882451E-02));
#1951 = CARTESIAN_POINT('',(-4.69512707478E-02,-1.817889760594E-02,
    3.071801219368E-02));
#1952 = CARTESIAN_POINT('',(-1.386838326946E-02,-5.018795836766E-02,
    3.025060755179E-02));
#1953 = CARTESIAN_POINT('',(3.112533995425E-02,-3.996849935293E-02,
    2.978226608574E-02));
#1954 = CARTESIAN_POINT('',(3.951701483718E-02,-9.440000298743E-04,
    2.931195485867E-02));
#1955 = CARTESIAN_POINT('',(2.502648814966E-02,1.972959037792E-02,
    2.884175118134E-02));
#1956 = CARTESIAN_POINT('',(4.810280778416E-03,2.541798636682E-02,
    2.836982591061E-02));
#1957 = CARTESIAN_POINT('',(-9.303987262609E-03,1.814609989214E-02,
    2.789711066913E-02));
#1958 = CARTESIAN_POINT('',(-2.4683438041E-02,1.045982361417E-02,
    2.738800045342E-02));
#1959 = CARTESIAN_POINT('',(-3.133966777877E-02,-1.188777467732E-02,
    2.687766047277E-02));
#1960 = CARTESIAN_POINT('',(-2.19108067517E-02,-3.825450142205E-02,
    2.636617275821E-02));
#1961 = CARTESIAN_POINT('',(2.807045192959E-02,-5.435027980577E-02,
    2.585336832261E-02));
#1962 = CARTESIAN_POINT('',(6.237474160696E-02,-4.140736795821E-03,
    2.533942222831E-02));
#1963 = CARTESIAN_POINT('',(3.532011095445E-02,5.04634524612E-02,
    2.482425066202E-02));
#1964 = CARTESIAN_POINT('',(-1.710970693972E-02,4.141211360679E-02,
    2.430775080753E-02));
#1965 = CARTESIAN_POINT('',(-3.009621864552E-02,1.589828154685E-02,
    2.379008842637E-02));
#1966 = CARTESIAN_POINT('',(-2.627062608987E-02,-7.492359692984E-03,
    2.32711537315E-02));
#1967 = CARTESIAN_POINT('',(-1.166672863724E-02,-1.72627378485E-02,
    2.275097337004E-02));
#1968 = CARTESIAN_POINT('',(1.704754112404E-03,-2.64433639607E-02,
    2.226795113189E-02));
#1969 = CARTESIAN_POINT('',(2.301464853806E-02,-2.329606530287E-02,
    2.17838726441E-02));
#1970 = CARTESIAN_POINT('',(4.044047812061E-02,-4.182435545178E-03,
    2.129862575633E-02));
#1971 = CARTESIAN_POINT('',(3.737507637024E-02,3.680573132736E-02,
    2.081251338956E-02));
#1972 = CARTESIAN_POINT('',(-7.502871702449E-03,5.373979135082E-02,
    2.032509115171E-02));
#1973 = CARTESIAN_POINT('',(-4.630630775824E-02,2.534786619748E-02,
    1.983665913628E-02));
#1974 = CARTESIAN_POINT('',(-3.819150720527E-02,-1.545815625809E-02,
    1.934737301506E-02));
#1975 = CARTESIAN_POINT('',(-1.576582490178E-02,-2.92235297517E-02,
    1.885667082908E-02));
#1976 = CARTESIAN_POINT('',(5.917837696113E-03,-2.630165192001E-02,
    1.836518546318E-02));
#1977 = CARTESIAN_POINT('',(1.640701538565E-02,-1.350471969126E-02,
    1.78725286592E-02));
#1978 = CARTESIAN_POINT('',(2.793563164038E-02,2.09037811725E-04,
    1.73419986014E-02));
#1979 = CARTESIAN_POINT('',(2.504522913564E-02,2.434227282526E-02,
    1.681026831973E-02));
#1980 = CARTESIAN_POINT('',(5.131849661483E-03,4.56360022737E-02,
    1.627724233932E-02));
#1981 = CARTESIAN_POINT('',(-4.934402322889E-02,4.035453398262E-02,
    1.574320282353E-02));
#1982 = CARTESIAN_POINT('',(-6.133016551807E-02,-2.186053221354E-02,
    1.520777446999E-02));
#1983 = CARTESIAN_POINT('',(-1.285329917665E-02,-6.284983192135E-02,
    1.467117438049E-02));
#1984 = CARTESIAN_POINT('',(3.346060122244E-02,-3.245501731929E-02,
    1.413359953357E-02));
#1985 = CARTESIAN_POINT('',(3.531449522757E-02,-2.758895262749E-03,
    1.359466409361E-02));
#1986 = CARTESIAN_POINT('',(2.199220498226E-02,1.800794548274E-02,
    1.305471110662E-02));
#1987 = CARTESIAN_POINT('',(4.013855181061E-03,2.129920618726E-02,
    1.251358816235E-02));
#1988 = CARTESIAN_POINT('',(-1.372853153578E-02,2.470234056629E-02,
    1.197248241962E-02));
#1989 = CARTESIAN_POINT('',(-3.511602231869E-02,1.138812511182E-02,
    1.143020906636E-02));
#1990 = CARTESIAN_POINT('',(-4.015465562978E-02,-2.068611653483E-02,
    1.088703665025E-02));
#1991 = CARTESIAN_POINT('',(-1.752907077573E-02,-5.867570284089E-02,
    1.034224808739E-02));
#1992 = CARTESIAN_POINT('',(5.661229939692E-02,-5.034859396726E-02,
    9.797481357926E-03));
#1993 = CARTESIAN_POINT('',(5.664651834902E-02,2.462319658451E-02,
    9.250012307251E-03));
#1994 = CARTESIAN_POINT('',(1.566212831327E-02,4.289514659677E-02,
    8.703261706216E-03));
#1995 = CARTESIAN_POINT('',(-1.590867922911E-02,3.381902397832E-02,
    8.154312284262E-03));
#1996 = CARTESIAN_POINT('',(-2.665615824709E-02,1.062329761147E-02,
    7.604931320965E-03));
#1997 = CARTESIAN_POINT('',(-2.095717484474E-02,-6.852480427423E-03,
    7.054434871185E-03));
#1998 = CARTESIAN_POINT('',(-1.809391246718E-02,-1.560981190105E-02,
    6.779152834794E-03));
#1999 = CARTESIAN_POINT('',(-1.120512534251E-02,-2.304968594946E-02,
    6.503797694972E-03));
#2000 = CARTESIAN_POINT('',(-8.969594984983E-04,-2.708229778351E-02,
    6.228057448145E-03));
#2001 = CARTESIAN_POINT('',(1.087538648437E-02,-2.589478066845E-02,
    5.952022841079E-03));
#2002 = CARTESIAN_POINT('',(2.106291200482E-02,-1.913442570098E-02,
    5.67589850522E-03));
#2003 = CARTESIAN_POINT('',(2.686339728354E-02,-8.356593789366E-03,
    5.399624554363E-03));
#2004 = CARTESIAN_POINT('',(2.695933372036E-02,3.509407063669E-03,
    5.122964460422E-03));
#2005 = CARTESIAN_POINT('',(2.196164833442E-02,1.344217921009E-02,
    4.84597623933E-03));
#2006 = CARTESIAN_POINT('',(1.386410022218E-02,1.964250070741E-02,
    4.569145197157E-03));
#2007 = CARTESIAN_POINT('',(4.809658332683E-03,2.168364487515E-02,
    4.291817703767E-03));
#2008 = CARTESIAN_POINT('',(9.186155440585E-04,2.256299493926E-02,
    4.174509338245E-03));
#2009 = CARTESIAN_POINT('',(-3.122708602343E-03,2.261275085842E-02,
    4.052328815053E-03));
#2010 = CARTESIAN_POINT('',(-7.166448809432E-03,2.19078510384E-02,
    3.933473724264E-03));
#2011 = CARTESIAN_POINT('',(-1.105117834174E-02,2.043303972065E-02,
    3.817665483826E-03));
#2012 = CARTESIAN_POINT('',(-1.459015958935E-02,1.817753824737E-02,
    3.7008725001E-03));
#2013 = CARTESIAN_POINT('',(-1.7586144449E-02,1.520004698411E-02,
    3.579463029894E-03));
#2014 = CARTESIAN_POINT('',(-1.987272452235E-02,1.166407789903E-02,
    3.453787744123E-03));
#2015 = CARTESIAN_POINT('',(-2.138223113135E-02,7.843617799958E-03,
    3.331191992952E-03));
#2016 = CARTESIAN_POINT('',(-2.224018515083E-02,4.09912222805E-03,
    3.228457772551E-03));
#2017 = CARTESIAN_POINT('',(-2.28862966582E-02,8.238400090534E-04,
    3.173675393369E-03));
#2018 = CARTESIAN_POINT('',(-2.366069352725E-02,-3.466205757825E-03,
    3.098416172118E-03));
#2019 = CARTESIAN_POINT('',(-2.389859749483E-02,-7.986006943661E-03,
    3.075295640452E-03));
#2020 = CARTESIAN_POINT('',(-2.308516355194E-02,-9.201306196065E-03,
    3.154348652582E-03));
#2021 = CARTESIAN_POINT('',(-2.374253795244E-02,-1.547139879091E-02,
    3.090462178565E-03));
#2022 = CARTESIAN_POINT('',(-2.367647206657E-02,-1.762780258893E-02,
    3.096882745747E-03));
#2023 = CARTESIAN_POINT('',(-2.329139045029E-02,-1.996172920711E-02,
    3.134306634862E-03));
#2024 = CARTESIAN_POINT('',(-2.372225727051E-02,-2.628090371405E-02,
    3.092433142537E-03));
#2025 = CARTESIAN_POINT('',(-2.347871526513E-02,-2.72957559684E-02,
    3.116101602986E-03));
#2026 = CARTESIAN_POINT('',(-2.355669632371E-02,-3.373988714149E-02,
    3.10852306803E-03));
#2027 = CARTESIAN_POINT('',(-2.354502254797E-02,-4.432E-02,
    3.109657575809E-03));
#2028 = PCURVE('',#84,#2029);
#2029 = DEFINITIONAL_REPRESENTATION('',(#2030),#2033);
#2030 = B_SPLINE_CURVE_WITH_KNOTS('',1,(#2031,#2032),.UNSPECIFIED.,.F.,
  .F.,(2,2),(0.,217.),.PIECEWISE_BEZIER_KNOTS.);
#2031 = CARTESIAN_POINT('',(6.28318530718,0.));
#2032 = CARTESIAN_POINT('',(6.28318530718,217.));
#2033 = ( GEOMETRIC_REPRESENTATION_CONTEXT(2) 
PARAMETRIC_REPRESENTATION_CONTEXT() REPRESENTATION_CONTEXT('2D SPACE',''
  ) );
#2034 = PCURVE('',#84,#2035);
#2035 = DEFINITIONAL_REPRESENTATION('',(#2036),#2040);
#2036 = LINE('',#2037,#2038);
#2037 = CARTESIAN_POINT('',(0.,0.));
#2038 = VECTOR('',#2039,1.);
#2039 = DIRECTION('',(0.,1.));
#2040 = ( GEOMETRIC_REPRESENTATION_CONTEXT(2) 
PARAMETRIC_REPRESENTATION_CONTEXT() REPRESENTATION_CONTEXT('2D SPACE',''
  ) );
#2041 = ORIENTED_EDGE('',*,*,#2042,.F.);
#2042 = EDGE_CURVE('',#1783,#1783,#2043,.T.);
#2043 = SURFACE_CURVE('',#2044,(#2052,#2059),.PCURVE_S1.);
#2044 = ( BOUNDED_CURVE() B_SPLINE_CURVE(6,(#2045,#2046,#2047,#2048,
#2049,#2050,#2051),.UNSPECIFIED.,.T.,.F.) B_SPLINE_CURVE_WITH_KNOTS((1,6
    ,6,1),(-6.28318530718,0.,6.28318530718,12.566370614359),
.UNSPECIFIED.) CURVE() GEOMETRIC_REPRESENTATION_ITEM() 
RATIONAL_B_SPLINE_CURVE((1.669078461068,1.03672962321,1.038346699848,
    0.853534330196,1.038346699848,1.03672962321,1.669078461068)) 
REPRESENTATION_ITEM('') );
#2045 = CARTESIAN_POINT('',(-2.354502254797E-02,-4.432E-02,
    3.109657575809E-03));
#2046 = CARTESIAN_POINT('',(-2.163481696361E-02,-4.432E-02,
    5.410932199898E-03));
#2047 = CARTESIAN_POINT('',(-1.851494838188E-02,-4.432E-02,
    3.379329178153E-03));
#2048 = CARTESIAN_POINT('',(-1.83524110774E-02,-4.432E-02,
    -1.200543095022E-03));
#2049 = CARTESIAN_POINT('',(-2.288390557446E-02,-4.432E-02,
    -1.884067810791E-03));
#2050 = CARTESIAN_POINT('',(-2.545522813233E-02,-4.432E-02,
    8.083829517198E-04));
#2051 = CARTESIAN_POINT('',(-2.354502254797E-02,-4.432E-02,
    3.109657575809E-03));
#2052 = PCURVE('',#84,#2053);
#2053 = DEFINITIONAL_REPRESENTATION('',(#2054),#2058);
#2054 = LINE('',#2055,#2056);
#2055 = CARTESIAN_POINT('',(0.,217.));
#2056 = VECTOR('',#2057,1.);
#2057 = DIRECTION('',(1.,0.));
#2058 = ( GEOMETRIC_REPRESENTATION_CONTEXT(2) 
PARAMETRIC_REPRESENTATION_CONTEXT() REPRESENTATION_CONTEXT('2D SPACE',''
  ) );
#2059 = PCURVE('',#2060,#2065);
#2060 = PLANE('',#2061);
#2061 = AXIS2_PLACEMENT_3D('',#2062,#2063,#2064);
#2062 = CARTESIAN_POINT('',(-2.216E-02,-4.432E-02,1.96E-03));
#2063 = DIRECTION('',(7.090979506099E-17,1.,8.542688457673E-17));
#2064 = DIRECTION('',(-0.769456971094,0.,0.638698653227));
#2065 = DEFINITIONAL_REPRESENTATION('',(#2066),#2074);
#2066 = ( BOUNDED_CURVE() B_SPLINE_CURVE(6,(#2067,#2068,#2069,#2070,
#2071,#2072,#2073),.UNSPECIFIED.,.T.,.F.) B_SPLINE_CURVE_WITH_KNOTS((1,6
    ,6,1),(-6.28318530718,0.,6.28318530718,12.566370614359),
.UNSPECIFIED.) CURVE() GEOMETRIC_REPRESENTATION_ITEM() 
RATIONAL_B_SPLINE_CURVE((1.669078461068,1.03672962321,1.038346699848,
    0.853534330196,1.038346699848,1.03672962321,1.669078461068)) 
REPRESENTATION_ITEM('') );
#2067 = CARTESIAN_POINT('',(1.8E-03,0.));
#2068 = CARTESIAN_POINT('',(1.8E-03,2.990777536028E-03));
#2069 = CARTESIAN_POINT('',(-1.898186742987E-03,3.420202289842E-03));
#2070 = CARTESIAN_POINT('',(-4.948410457815E-03,5.20417042793E-18));
#2071 = CARTESIAN_POINT('',(-1.898186742987E-03,-3.420202289842E-03));
#2072 = CARTESIAN_POINT('',(1.8E-03,-2.990777536028E-03));
#2073 = CARTESIAN_POINT('',(1.8E-03,0.));
#2074 = ( GEOMETRIC_REPRESENTATION_CONTEXT(2) 
PARAMETRIC_REPRESENTATION_CONTEXT() REPRESENTATION_CONTEXT('2D SPACE',''
  ) );
#2075 = ORIENTED_EDGE('',*,*,#1782,.F.);
#2076 = ORIENTED_EDGE('',*,*,#55,.T.);
#2077 = ADVANCED_FACE('',(#2078),#2060,.F.);
#2078 = FACE_BOUND('',#2079,.F.);
#2079 = EDGE_LOOP('',(#2080));
#2080 = ORIENTED_EDGE('',*,*,#2042,.T.);
#2081 = ( GEOMETRIC_REPRESENTATION_CONTEXT(3) 
GLOBAL_UNCERTAINTY_ASSIGNED_CONTEXT((#2085)) 
GLOBAL_UNIT_ASSIGNED_CONTEXT((#2082,#2083,#2084)) REPRESENTATION_CONTEXT
('Context #1','3D Context with UNIT and UNCERTAINTY') );
#2082 = ( LENGTH_UNIT() NAMED_UNIT(*) SI_UNIT(.MILLI.,.METRE.) );
#2083 = ( NAMED_UNIT(*) PLANE_ANGLE_UNIT() SI_UNIT($,.RADIAN.) );
#2084 = ( NAMED_UNIT(*) SI_UNIT($,.STERADIAN.) SOLID_ANGLE_UNIT() );
#2085 = UNCERTAINTY_MEASURE_WITH_UNIT(LENGTH_MEASURE(2.E-05),#2082,
  'distance_accuracy_value','confusion accuracy');
#2086 = CONTEXT_DEPENDENT_SHAPE_REPRESENTATION(#2087,#2089);
#2087 = ( REPRESENTATION_RELATIONSHIP('','',#48,#10) 
REPRESENTATION_RELATIONSHIP_WITH_TRANSFORMATION(#2088) 
SHAPE_REPRESENTATION_RELATIONSHIP() );
#2088 = ITEM_DEFINED_TRANSFORMATION('','',#11,#15);
#2089 = PRODUCT_DEFINITION_SHAPE('Placement','Placement of an item',
  #2090);
#2090 = NEXT_ASSEMBLY_USAGE_OCCURRENCE('1','','',#5,#43,$);
#2091 = PRODUCT_RELATED_PRODUCT_CATEGORY('part',$,(#45));
#2092 = SHAPE_DEFINITION_REPRESENTATION(#2093,#2099);
#2093 = PRODUCT_DEFINITION_SHAPE('','',#2094);
#2094 = PRODUCT_DEFINITION('design','',#2095,#2098);
#2095 = PRODUCT_DEFINITION_FORMATION('','',#2096);
#2096 = PRODUCT('Open CASCADE STEP translator 7.6 1.2',
  'Open CASCADE STEP translator 7.6 1.2','',(#2097));
#2097 = PRODUCT_CONTEXT('',#2,'mechanical');
#2098 = PRODUCT_DEFINITION_CONTEXT('part definition',#2,'design');
#2099 = ADVANCED_BREP_SHAPE_REPRESENTATION('',(#11,#2100),#3046);
#2100 = MANIFOLD_SOLID_BREP('',#2101);
#2101 = CLOSED_SHELL('',(#2102,#2222,#2522,#2569,#2802,#2829,#2856,#2881
    ,#2908,#2935,#2960,#2985,#3012,#3039));
#2102 = ADVANCED_FACE('',(#2103),#2117,.F.);
#2103 = FACE_BOUND('',#2104,.F.);
#2104 = EDGE_LOOP('',(#2105,#2140,#2168,#2196));
#2105 = ORIENTED_EDGE('',*,*,#2106,.F.);
#2106 = EDGE_CURVE('',#2107,#2109,#2111,.T.);
#2107 = VERTEX_POINT('',#2108);
#2108 = CARTESIAN_POINT('',(-3.25E-02,-9.5E-03,-3.35E-02));
#2109 = VERTEX_POINT('',#2110);
#2110 = CARTESIAN_POINT('',(-3.25E-02,-9.5E-03,-1.E-03));
#2111 = SURFACE_CURVE('',#2112,(#2116,#2128),.PCURVE_S1.);
#2112 = LINE('',#2113,#2114);
#2113 = CARTESIAN_POINT('',(-3.25E-02,-9.5E-03,-3.35E-02));
#2114 = VECTOR('',#2115,1.);
#2115 = DIRECTION('',(0.,0.,1.));
#2116 = PCURVE('',#2117,#2122);
#2117 = PLANE('',#2118);
#2118 = AXIS2_PLACEMENT_3D('',#2119,#2120,#2121);
#2119 = CARTESIAN_POINT('',(-3.25E-02,-9.5E-03,-3.35E-02));
#2120 = DIRECTION('',(1.,0.,-0.));
#2121 = DIRECTION('',(0.,0.,1.));
#2122 = DEFINITIONAL_REPRESENTATION('',(#2123),#2127);
#2123 = LINE('',#2124,#2125);
#2124 = CARTESIAN_POINT('',(0.,0.));
#2125 = VECTOR('',#2126,1.);
#2126 = DIRECTION('',(1.,0.));
#2127 = ( GEOMETRIC_REPRESENTATION_CONTEXT(2) 
PARAMETRIC_REPRESENTATION_CONTEXT() REPRESENTATION_CONTEXT('2D SPACE',''
  ) );
#2128 = PCURVE('',#2129,#2134);
#2129 = PLANE('',#2130);
#2130 = AXIS2_PLACEMENT_3D('',#2131,#2132,#2133);
#2131 = CARTESIAN_POINT('',(-3.25E-02,-9.5E-03,-3.35E-02));
#2132 = DIRECTION('',(-0.,1.,0.));
#2133 = DIRECTION('',(0.,0.,1.));
#2134 = DEFINITIONAL_REPRESENTATION('',(#2135),#2139);
#2135 = LINE('',#2136,#2137);
#2136 = CARTESIAN_POINT('',(0.,0.));
#2137 = VECTOR('',#2138,1.);
#2138 = DIRECTION('',(1.,0.));
#2139 = ( GEOMETRIC_REPRESENTATION_CONTEXT(2) 
PARAMETRIC_REPRESENTATION_CONTEXT() REPRESENTATION_CONTEXT('2D SPACE',''
  ) );
#2140 = ORIENTED_EDGE('',*,*,#2141,.T.);
#2141 = EDGE_CURVE('',#2107,#2142,#2144,.T.);
#2142 = VERTEX_POINT('',#2143);
#2143 = CARTESIAN_POINT('',(-3.25E-02,9.5E-03,-3.35E-02));
#2144 = SURFACE_CURVE('',#2145,(#2149,#2156),.PCURVE_S1.);
#2145 = LINE('',#2146,#2147);
#2146 = CARTESIAN_POINT('',(-3.25E-02,-9.5E-03,-3.35E-02));
#2147 = VECTOR('',#2148,1.);
#2148 = DIRECTION('',(-0.,1.,0.));
#2149 = PCURVE('',#2117,#2150);
#2150 = DEFINITIONAL_REPRESENTATION('',(#2151),#2155);
#2151 = LINE('',#2152,#2153);
#2152 = CARTESIAN_POINT('',(0.,0.));
#2153 = VECTOR('',#2154,1.);
#2154 = DIRECTION('',(0.,-1.));
#2155 = ( GEOMETRIC_REPRESENTATION_CONTEXT(2) 
PARAMETRIC_REPRESENTATION_CONTEXT() REPRESENTATION_CONTEXT('2D SPACE',''
  ) );
#2156 = PCURVE('',#2157,#2162);
#2157 = PLANE('',#2158);
#2158 = AXIS2_PLACEMENT_3D('',#2159,#2160,#2161);
#2159 = CARTESIAN_POINT('',(-3.25E-02,-9.5E-03,-3.35E-02));
#2160 = DIRECTION('',(0.,0.,1.));
#2161 = DIRECTION('',(1.,0.,-0.));
#2162 = DEFINITIONAL_REPRESENTATION('',(#2163),#2167);
#2163 = LINE('',#2164,#2165);
#2164 = CARTESIAN_POINT('',(0.,0.));
#2165 = VECTOR('',#2166,1.);
#2166 = DIRECTION('',(0.,1.));
#2167 = ( GEOMETRIC_REPRESENTATION_CONTEXT(2) 
PARAMETRIC_REPRESENTATION_CONTEXT() REPRESENTATION_CONTEXT('2D SPACE',''
  ) );
#2168 = ORIENTED_EDGE('',*,*,#2169,.T.);
#2169 = EDGE_CURVE('',#2142,#2170,#2172,.T.);
#2170 = VERTEX_POINT('',#2171);
#2171 = CARTESIAN_POINT('',(-3.25E-02,9.5E-03,-1.E-03));
#2172 = SURFACE_CURVE('',#2173,(#2177,#2184),.PCURVE_S1.);
#2173 = LINE('',#2174,#2175);
#2174 = CARTESIAN_POINT('',(-3.25E-02,9.5E-03,-3.35E-02));
#2175 = VECTOR('',#2176,1.);
#2176 = DIRECTION('',(0.,0.,1.));
#2177 = PCURVE('',#2117,#2178);
#2178 = DEFINITIONAL_REPRESENTATION('',(#2179),#2183);
#2179 = LINE('',#2180,#2181);
#2180 = CARTESIAN_POINT('',(0.,-1.9E-02));
#2181 = VECTOR('',#2182,1.);
#2182 = DIRECTION('',(1.,0.));
#2183 = ( GEOMETRIC_REPRESENTATION_CONTEXT(2) 
PARAMETRIC_REPRESENTATION_CONTEXT() REPRESENTATION_CONTEXT('2D SPACE',''
  ) );
#2184 = PCURVE('',#2185,#2190);
#2185 = PLANE('',#2186);
#2186 = AXIS2_PLACEMENT_3D('',#2187,#2188,#2189);
#2187 = CARTESIAN_POINT('',(-3.25E-02,9.5E-03,-3.35E-02));
#2188 = DIRECTION('',(-0.,1.,0.));
#2189 = DIRECTION('',(0.,0.,1.));
#2190 = DEFINITIONAL_REPRESENTATION('',(#2191),#2195);
#2191 = LINE('',#2192,#2193);
#2192 = CARTESIAN_POINT('',(0.,0.));
#2193 = VECTOR('',#2194,1.);
#2194 = DIRECTION('',(1.,0.));
#2195 = ( GEOMETRIC_REPRESENTATION_CONTEXT(2) 
PARAMETRIC_REPRESENTATION_CONTEXT() REPRESENTATION_CONTEXT('2D SPACE',''
  ) );
#2196 = ORIENTED_EDGE('',*,*,#2197,.F.);
#2197 = EDGE_CURVE('',#2109,#2170,#2198,.T.);
#2198 = SURFACE_CURVE('',#2199,(#2203,#2210),.PCURVE_S1.);
#2199 = LINE('',#2200,#2201);
#2200 = CARTESIAN_POINT('',(-3.25E-02,-9.5E-03,-1.E-03));
#2201 = VECTOR('',#2202,1.);
#2202 = DIRECTION('',(-0.,1.,0.));
#2203 = PCURVE('',#2117,#2204);
#2204 = DEFINITIONAL_REPRESENTATION('',(#2205),#2209);
#2205 = LINE('',#2206,#2207);
#2206 = CARTESIAN_POINT('',(3.25E-02,0.));
#2207 = VECTOR('',#2208,1.);
#2208 = DIRECTION('',(0.,-1.));
#2209 = ( GEOMETRIC_REPRESENTATION_CONTEXT(2) 
PARAMETRIC_REPRESENTATION_CONTEXT() REPRESENTATION_CONTEXT('2D SPACE',''
  ) );
#2210 = PCURVE('',#2211,#2216);
#2211 = PLANE('',#2212);
#2212 = AXIS2_PLACEMENT_3D('',#2213,#2214,#2215);
#2213 = CARTESIAN_POINT('',(-3.25E-02,-9.5E-03,-1.E-03));
#2214 = DIRECTION('',(0.,0.,1.));
#2215 = DIRECTION('',(1.,0.,-0.));
#2216 = DEFINITIONAL_REPRESENTATION('',(#2217),#2221);
#2217 = LINE('',#2218,#2219);
#2218 = CARTESIAN_POINT('',(0.,0.));
#2219 = VECTOR('',#2220,1.);
#2220 = DIRECTION('',(0.,1.));
#2221 = ( GEOMETRIC_REPRESENTATION_CONTEXT(2) 
PARAMETRIC_REPRESENTATION_CONTEXT() REPRESENTATION_CONTEXT('2D SPACE',''
  ) );
#2222 = ADVANCED_FACE('',(#2223),#2129,.F.);
#2223 = FACE_BOUND('',#2224,.F.);
#2224 = EDGE_LOOP('',(#2225,#2255,#2276,#2277,#2300,#2328,#2356,#2384,
    #2412,#2440,#2468,#2496));
#2225 = ORIENTED_EDGE('',*,*,#2226,.F.);
#2226 = EDGE_CURVE('',#2227,#2229,#2231,.T.);
#2227 = VERTEX_POINT('',#2228);
#2228 = CARTESIAN_POINT('',(3.25E-02,-9.5E-03,-3.35E-02));
#2229 = VERTEX_POINT('',#2230);
#2230 = CARTESIAN_POINT('',(3.25E-02,-9.5E-03,-1.E-03));
#2231 = SURFACE_CURVE('',#2232,(#2236,#2243),.PCURVE_S1.);
#2232 = LINE('',#2233,#2234);
#2233 = CARTESIAN_POINT('',(3.25E-02,-9.5E-03,-3.35E-02));
#2234 = VECTOR('',#2235,1.);
#2235 = DIRECTION('',(0.,0.,1.));
#2236 = PCURVE('',#2129,#2237);
#2237 = DEFINITIONAL_REPRESENTATION('',(#2238),#2242);
#2238 = LINE('',#2239,#2240);
#2239 = CARTESIAN_POINT('',(0.,6.5E-02));
#2240 = VECTOR('',#2241,1.);
#2241 = DIRECTION('',(1.,0.));
#2242 = ( GEOMETRIC_REPRESENTATION_CONTEXT(2) 
PARAMETRIC_REPRESENTATION_CONTEXT() REPRESENTATION_CONTEXT('2D SPACE',''
  ) );
#2243 = PCURVE('',#2244,#2249);
#2244 = PLANE('',#2245);
#2245 = AXIS2_PLACEMENT_3D('',#2246,#2247,#2248);
#2246 = CARTESIAN_POINT('',(3.25E-02,-9.5E-03,-3.35E-02));
#2247 = DIRECTION('',(1.,0.,-0.));
#2248 = DIRECTION('',(0.,0.,1.));
#2249 = DEFINITIONAL_REPRESENTATION('',(#2250),#2254);
#2250 = LINE('',#2251,#2252);
#2251 = CARTESIAN_POINT('',(0.,0.));
#2252 = VECTOR('',#2253,1.);
#2253 = DIRECTION('',(1.,0.));
#2254 = ( GEOMETRIC_REPRESENTATION_CONTEXT(2) 
PARAMETRIC_REPRESENTATION_CONTEXT() REPRESENTATION_CONTEXT('2D SPACE',''
  ) );
#2255 = ORIENTED_EDGE('',*,*,#2256,.F.);
#2256 = EDGE_CURVE('',#2107,#2227,#2257,.T.);
#2257 = SURFACE_CURVE('',#2258,(#2262,#2269),.PCURVE_S1.);
#2258 = LINE('',#2259,#2260);
#2259 = CARTESIAN_POINT('',(-3.25E-02,-9.5E-03,-3.35E-02));
#2260 = VECTOR('',#2261,1.);
#2261 = DIRECTION('',(1.,0.,-0.));
#2262 = PCURVE('',#2129,#2263);
#2263 = DEFINITIONAL_REPRESENTATION('',(#2264),#2268);
#2264 = LINE('',#2265,#2266);
#2265 = CARTESIAN_POINT('',(0.,0.));
#2266 = VECTOR('',#2267,1.);
#2267 = DIRECTION('',(0.,1.));
#2268 = ( GEOMETRIC_REPRESENTATION_CONTEXT(2) 
PARAMETRIC_REPRESENTATION_CONTEXT() REPRESENTATION_CONTEXT('2D SPACE',''
  ) );
#2269 = PCURVE('',#2157,#2270);
#2270 = DEFINITIONAL_REPRESENTATION('',(#2271),#2275);
#2271 = LINE('',#2272,#2273);
#2272 = CARTESIAN_POINT('',(0.,0.));
#2273 = VECTOR('',#2274,1.);
#2274 = DIRECTION('',(1.,0.));
#2275 = ( GEOMETRIC_REPRESENTATION_CONTEXT(2) 
PARAMETRIC_REPRESENTATION_CONTEXT() REPRESENTATION_CONTEXT('2D SPACE',''
  ) );
#2276 = ORIENTED_EDGE('',*,*,#2106,.T.);
#2277 = ORIENTED_EDGE('',*,*,#2278,.T.);
#2278 = EDGE_CURVE('',#2109,#2279,#2281,.T.);
#2279 = VERTEX_POINT('',#2280);
#2280 = CARTESIAN_POINT('',(-2.45E-02,-9.5E-03,-1.E-03));
#2281 = SURFACE_CURVE('',#2282,(#2286,#2293),.PCURVE_S1.);
#2282 = LINE('',#2283,#2284);
#2283 = CARTESIAN_POINT('',(-3.25E-02,-9.5E-03,-1.E-03));
#2284 = VECTOR('',#2285,1.);
#2285 = DIRECTION('',(1.,0.,-0.));
#2286 = PCURVE('',#2129,#2287);
#2287 = DEFINITIONAL_REPRESENTATION('',(#2288),#2292);
#2288 = LINE('',#2289,#2290);
#2289 = CARTESIAN_POINT('',(3.25E-02,0.));
#2290 = VECTOR('',#2291,1.);
#2291 = DIRECTION('',(0.,1.));
#2292 = ( GEOMETRIC_REPRESENTATION_CONTEXT(2) 
PARAMETRIC_REPRESENTATION_CONTEXT() REPRESENTATION_CONTEXT('2D SPACE',''
  ) );
#2293 = PCURVE('',#2211,#2294);
#2294 = DEFINITIONAL_REPRESENTATION('',(#2295),#2299);
#2295 = LINE('',#2296,#2297);
#2296 = CARTESIAN_POINT('',(0.,0.));
#2297 = VECTOR('',#2298,1.);
#2298 = DIRECTION('',(1.,0.));
#2299 = ( GEOMETRIC_REPRESENTATION_CONTEXT(2) 
PARAMETRIC_REPRESENTATION_CONTEXT() REPRESENTATION_CONTEXT('2D SPACE',''
  ) );
#2300 = ORIENTED_EDGE('',*,*,#2301,.F.);
#2301 = EDGE_CURVE('',#2302,#2279,#2304,.T.);
#2302 = VERTEX_POINT('',#2303);
#2303 = CARTESIAN_POINT('',(-2.45E-02,-9.5E-03,-2.35E-02));
#2304 = SURFACE_CURVE('',#2305,(#2309,#2316),.PCURVE_S1.);
#2305 = LINE('',#2306,#2307);
#2306 = CARTESIAN_POINT('',(-2.45E-02,-9.5E-03,-2.35E-02));
#2307 = VECTOR('',#2308,1.);
#2308 = DIRECTION('',(0.,0.,1.));
#2309 = PCURVE('',#2129,#2310);
#2310 = DEFINITIONAL_REPRESENTATION('',(#2311),#2315);
#2311 = LINE('',#2312,#2313);
#2312 = CARTESIAN_POINT('',(1.E-02,8.E-03));
#2313 = VECTOR('',#2314,1.);
#2314 = DIRECTION('',(1.,0.));
#2315 = ( GEOMETRIC_REPRESENTATION_CONTEXT(2) 
PARAMETRIC_REPRESENTATION_CONTEXT() REPRESENTATION_CONTEXT('2D SPACE',''
  ) );
#2316 = PCURVE('',#2317,#2322);
#2317 = PLANE('',#2318);
#2318 = AXIS2_PLACEMENT_3D('',#2319,#2320,#2321);
#2319 = CARTESIAN_POINT('',(-2.45E-02,-9.5E-03,-2.35E-02));
#2320 = DIRECTION('',(1.,0.,-0.));
#2321 = DIRECTION('',(0.,0.,1.));
#2322 = DEFINITIONAL_REPRESENTATION('',(#2323),#2327);
#2323 = LINE('',#2324,#2325);
#2324 = CARTESIAN_POINT('',(0.,0.));
#2325 = VECTOR('',#2326,1.);
#2326 = DIRECTION('',(1.,0.));
#2327 = ( GEOMETRIC_REPRESENTATION_CONTEXT(2) 
PARAMETRIC_REPRESENTATION_CONTEXT() REPRESENTATION_CONTEXT('2D SPACE',''
  ) );
#2328 = ORIENTED_EDGE('',*,*,#2329,.T.);
#2329 = EDGE_CURVE('',#2302,#2330,#2332,.T.);
#2330 = VERTEX_POINT('',#2331);
#2331 = CARTESIAN_POINT('',(-9.5E-03,-9.5E-03,-2.35E-02));
#2332 = SURFACE_CURVE('',#2333,(#2337,#2344),.PCURVE_S1.);
#2333 = LINE('',#2334,#2335);
#2334 = CARTESIAN_POINT('',(-2.45E-02,-9.5E-03,-2.35E-02));
#2335 = VECTOR('',#2336,1.);
#2336 = DIRECTION('',(1.,0.,-0.));
#2337 = PCURVE('',#2129,#2338);
#2338 = DEFINITIONAL_REPRESENTATION('',(#2339),#2343);
#2339 = LINE('',#2340,#2341);
#2340 = CARTESIAN_POINT('',(1.E-02,8.E-03));
#2341 = VECTOR('',#2342,1.);
#2342 = DIRECTION('',(0.,1.));
#2343 = ( GEOMETRIC_REPRESENTATION_CONTEXT(2) 
PARAMETRIC_REPRESENTATION_CONTEXT() REPRESENTATION_CONTEXT('2D SPACE',''
  ) );
#2344 = PCURVE('',#2345,#2350);
#2345 = PLANE('',#2346);
#2346 = AXIS2_PLACEMENT_3D('',#2347,#2348,#2349);
#2347 = CARTESIAN_POINT('',(-2.45E-02,-9.5E-03,-2.35E-02));
#2348 = DIRECTION('',(0.,0.,1.));
#2349 = DIRECTION('',(1.,0.,-0.));
#2350 = DEFINITIONAL_REPRESENTATION('',(#2351),#2355);
#2351 = LINE('',#2352,#2353);
#2352 = CARTESIAN_POINT('',(0.,0.));
#2353 = VECTOR('',#2354,1.);
#2354 = DIRECTION('',(1.,0.));
#2355 = ( GEOMETRIC_REPRESENTATION_CONTEXT(2) 
PARAMETRIC_REPRESENTATION_CONTEXT() REPRESENTATION_CONTEXT('2D SPACE',''
  ) );
#2356 = ORIENTED_EDGE('',*,*,#2357,.T.);
#2357 = EDGE_CURVE('',#2330,#2358,#2360,.T.);
#2358 = VERTEX_POINT('',#2359);
#2359 = CARTESIAN_POINT('',(-9.5E-03,-9.5E-03,-1.E-03));
#2360 = SURFACE_CURVE('',#2361,(#2365,#2372),.PCURVE_S1.);
#2361 = LINE('',#2362,#2363);
#2362 = CARTESIAN_POINT('',(-9.5E-03,-9.5E-03,-2.35E-02));
#2363 = VECTOR('',#2364,1.);
#2364 = DIRECTION('',(0.,0.,1.));
#2365 = PCURVE('',#2129,#2366);
#2366 = DEFINITIONAL_REPRESENTATION('',(#2367),#2371);
#2367 = LINE('',#2368,#2369);
#2368 = CARTESIAN_POINT('',(1.E-02,2.3E-02));
#2369 = VECTOR('',#2370,1.);
#2370 = DIRECTION('',(1.,0.));
#2371 = ( GEOMETRIC_REPRESENTATION_CONTEXT(2) 
PARAMETRIC_REPRESENTATION_CONTEXT() REPRESENTATION_CONTEXT('2D SPACE',''
  ) );
#2372 = PCURVE('',#2373,#2378);
#2373 = PLANE('',#2374);
#2374 = AXIS2_PLACEMENT_3D('',#2375,#2376,#2377);
#2375 = CARTESIAN_POINT('',(-9.5E-03,-9.5E-03,-2.35E-02));
#2376 = DIRECTION('',(1.,0.,-0.));
#2377 = DIRECTION('',(0.,0.,1.));
#2378 = DEFINITIONAL_REPRESENTATION('',(#2379),#2383);
#2379 = LINE('',#2380,#2381);
#2380 = CARTESIAN_POINT('',(0.,0.));
#2381 = VECTOR('',#2382,1.);
#2382 = DIRECTION('',(1.,0.));
#2383 = ( GEOMETRIC_REPRESENTATION_CONTEXT(2) 
PARAMETRIC_REPRESENTATION_CONTEXT() REPRESENTATION_CONTEXT('2D SPACE',''
  ) );
#2384 = ORIENTED_EDGE('',*,*,#2385,.T.);
#2385 = EDGE_CURVE('',#2358,#2386,#2388,.T.);
#2386 = VERTEX_POINT('',#2387);
#2387 = CARTESIAN_POINT('',(9.5E-03,-9.5E-03,-1.E-03));
#2388 = SURFACE_CURVE('',#2389,(#2393,#2400),.PCURVE_S1.);
#2389 = LINE('',#2390,#2391);
#2390 = CARTESIAN_POINT('',(-3.25E-02,-9.5E-03,-1.E-03));
#2391 = VECTOR('',#2392,1.);
#2392 = DIRECTION('',(1.,0.,-0.));
#2393 = PCURVE('',#2129,#2394);
#2394 = DEFINITIONAL_REPRESENTATION('',(#2395),#2399);
#2395 = LINE('',#2396,#2397);
#2396 = CARTESIAN_POINT('',(3.25E-02,0.));
#2397 = VECTOR('',#2398,1.);
#2398 = DIRECTION('',(0.,1.));
#2399 = ( GEOMETRIC_REPRESENTATION_CONTEXT(2) 
PARAMETRIC_REPRESENTATION_CONTEXT() REPRESENTATION_CONTEXT('2D SPACE',''
  ) );
#2400 = PCURVE('',#2401,#2406);
#2401 = PLANE('',#2402);
#2402 = AXIS2_PLACEMENT_3D('',#2403,#2404,#2405);
#2403 = CARTESIAN_POINT('',(-3.25E-02,-9.5E-03,-1.E-03));
#2404 = DIRECTION('',(0.,0.,1.));
#2405 = DIRECTION('',(1.,0.,-0.));
#2406 = DEFINITIONAL_REPRESENTATION('',(#2407),#2411);
#2407 = LINE('',#2408,#2409);
#2408 = CARTESIAN_POINT('',(0.,0.));
#2409 = VECTOR('',#2410,1.);
#2410 = DIRECTION('',(1.,0.));
#2411 = ( GEOMETRIC_REPRESENTATION_CONTEXT(2) 
PARAMETRIC_REPRESENTATION_CONTEXT() REPRESENTATION_CONTEXT('2D SPACE',''
  ) );
#2412 = ORIENTED_EDGE('',*,*,#2413,.F.);
#2413 = EDGE_CURVE('',#2414,#2386,#2416,.T.);
#2414 = VERTEX_POINT('',#2415);
#2415 = CARTESIAN_POINT('',(9.5E-03,-9.5E-03,-2.35E-02));
#2416 = SURFACE_CURVE('',#2417,(#2421,#2428),.PCURVE_S1.);
#2417 = LINE('',#2418,#2419);
#2418 = CARTESIAN_POINT('',(9.5E-03,-9.5E-03,-2.35E-02));
#2419 = VECTOR('',#2420,1.);
#2420 = DIRECTION('',(0.,0.,1.));
#2421 = PCURVE('',#2129,#2422);
#2422 = DEFINITIONAL_REPRESENTATION('',(#2423),#2427);
#2423 = LINE('',#2424,#2425);
#2424 = CARTESIAN_POINT('',(1.E-02,4.2E-02));
#2425 = VECTOR('',#2426,1.);
#2426 = DIRECTION('',(1.,0.));
#2427 = ( GEOMETRIC_REPRESENTATION_CONTEXT(2) 
PARAMETRIC_REPRESENTATION_CONTEXT() REPRESENTATION_CONTEXT('2D SPACE',''
  ) );
#2428 = PCURVE('',#2429,#2434);
#2429 = PLANE('',#2430);
#2430 = AXIS2_PLACEMENT_3D('',#2431,#2432,#2433);
#2431 = CARTESIAN_POINT('',(9.5E-03,-9.5E-03,-2.35E-02));
#2432 = DIRECTION('',(1.,0.,-0.));
#2433 = DIRECTION('',(0.,0.,1.));
#2434 = DEFINITIONAL_REPRESENTATION('',(#2435),#2439);
#2435 = LINE('',#2436,#2437);
#2436 = CARTESIAN_POINT('',(0.,0.));
#2437 = VECTOR('',#2438,1.);
#2438 = DIRECTION('',(1.,0.));
#2439 = ( GEOMETRIC_REPRESENTATION_CONTEXT(2) 
PARAMETRIC_REPRESENTATION_CONTEXT() REPRESENTATION_CONTEXT('2D SPACE',''
  ) );
#2440 = ORIENTED_EDGE('',*,*,#2441,.T.);
#2441 = EDGE_CURVE('',#2414,#2442,#2444,.T.);
#2442 = VERTEX_POINT('',#2443);
#2443 = CARTESIAN_POINT('',(2.45E-02,-9.5E-03,-2.35E-02));
#2444 = SURFACE_CURVE('',#2445,(#2449,#2456),.PCURVE_S1.);
#2445 = LINE('',#2446,#2447);
#2446 = CARTESIAN_POINT('',(9.5E-03,-9.5E-03,-2.35E-02));
#2447 = VECTOR('',#2448,1.);
#2448 = DIRECTION('',(1.,0.,-0.));
#2449 = PCURVE('',#2129,#2450);
#2450 = DEFINITIONAL_REPRESENTATION('',(#2451),#2455);
#2451 = LINE('',#2452,#2453);
#2452 = CARTESIAN_POINT('',(1.E-02,4.2E-02));
#2453 = VECTOR('',#2454,1.);
#2454 = DIRECTION('',(0.,1.));
#2455 = ( GEOMETRIC_REPRESENTATION_CONTEXT(2) 
PARAMETRIC_REPRESENTATION_CONTEXT() REPRESENTATION_CONTEXT('2D SPACE',''
  ) );
#2456 = PCURVE('',#2457,#2462);
#2457 = PLANE('',#2458);
#2458 = AXIS2_PLACEMENT_3D('',#2459,#2460,#2461);
#2459 = CARTESIAN_POINT('',(9.5E-03,-9.5E-03,-2.35E-02));
#2460 = DIRECTION('',(0.,0.,1.));
#2461 = DIRECTION('',(1.,0.,-0.));
#2462 = DEFINITIONAL_REPRESENTATION('',(#2463),#2467);
#2463 = LINE('',#2464,#2465);
#2464 = CARTESIAN_POINT('',(0.,0.));
#2465 = VECTOR('',#2466,1.);
#2466 = DIRECTION('',(1.,0.));
#2467 = ( GEOMETRIC_REPRESENTATION_CONTEXT(2) 
PARAMETRIC_REPRESENTATION_CONTEXT() REPRESENTATION_CONTEXT('2D SPACE',''
  ) );
#2468 = ORIENTED_EDGE('',*,*,#2469,.T.);
#2469 = EDGE_CURVE('',#2442,#2470,#2472,.T.);
#2470 = VERTEX_POINT('',#2471);
#2471 = CARTESIAN_POINT('',(2.45E-02,-9.5E-03,-1.E-03));
#2472 = SURFACE_CURVE('',#2473,(#2477,#2484),.PCURVE_S1.);
#2473 = LINE('',#2474,#2475);
#2474 = CARTESIAN_POINT('',(2.45E-02,-9.5E-03,-2.35E-02));
#2475 = VECTOR('',#2476,1.);
#2476 = DIRECTION('',(0.,0.,1.));
#2477 = PCURVE('',#2129,#2478);
#2478 = DEFINITIONAL_REPRESENTATION('',(#2479),#2483);
#2479 = LINE('',#2480,#2481);
#2480 = CARTESIAN_POINT('',(1.E-02,5.7E-02));
#2481 = VECTOR('',#2482,1.);
#2482 = DIRECTION('',(1.,0.));
#2483 = ( GEOMETRIC_REPRESENTATION_CONTEXT(2) 
PARAMETRIC_REPRESENTATION_CONTEXT() REPRESENTATION_CONTEXT('2D SPACE',''
  ) );
#2484 = PCURVE('',#2485,#2490);
#2485 = PLANE('',#2486);
#2486 = AXIS2_PLACEMENT_3D('',#2487,#2488,#2489);
#2487 = CARTESIAN_POINT('',(2.45E-02,-9.5E-03,-2.35E-02));
#2488 = DIRECTION('',(1.,0.,-0.));
#2489 = DIRECTION('',(0.,0.,1.));
#2490 = DEFINITIONAL_REPRESENTATION('',(#2491),#2495);
#2491 = LINE('',#2492,#2493);
#2492 = CARTESIAN_POINT('',(0.,0.));
#2493 = VECTOR('',#2494,1.);
#2494 = DIRECTION('',(1.,0.));
#2495 = ( GEOMETRIC_REPRESENTATION_CONTEXT(2) 
PARAMETRIC_REPRESENTATION_CONTEXT() REPRESENTATION_CONTEXT('2D SPACE',''
  ) );
#2496 = ORIENTED_EDGE('',*,*,#2497,.T.);
#2497 = EDGE_CURVE('',#2470,#2229,#2498,.T.);
#2498 = SURFACE_CURVE('',#2499,(#2503,#2510),.PCURVE_S1.);
#2499 = LINE('',#2500,#2501);
#2500 = CARTESIAN_POINT('',(-3.25E-02,-9.5E-03,-1.E-03));
#2501 = VECTOR('',#2502,1.);
#2502 = DIRECTION('',(1.,0.,-0.));
#2503 = PCURVE('',#2129,#2504);
#2504 = DEFINITIONAL_REPRESENTATION('',(#2505),#2509);
#2505 = LINE('',#2506,#2507);
#2506 = CARTESIAN_POINT('',(3.25E-02,0.));
#2507 = VECTOR('',#2508,1.);
#2508 = DIRECTION('',(0.,1.));
#2509 = ( GEOMETRIC_REPRESENTATION_CONTEXT(2) 
PARAMETRIC_REPRESENTATION_CONTEXT() REPRESENTATION_CONTEXT('2D SPACE',''
  ) );
#2510 = PCURVE('',#2511,#2516);
#2511 = PLANE('',#2512);
#2512 = AXIS2_PLACEMENT_3D('',#2513,#2514,#2515);
#2513 = CARTESIAN_POINT('',(-3.25E-02,-9.5E-03,-1.E-03));
#2514 = DIRECTION('',(0.,0.,1.));
#2515 = DIRECTION('',(1.,0.,-0.));
#2516 = DEFINITIONAL_REPRESENTATION('',(#2517),#2521);
#2517 = LINE('',#2518,#2519);
#2518 = CARTESIAN_POINT('',(0.,0.));
#2519 = VECTOR('',#2520,1.);
#2520 = DIRECTION('',(1.,0.));
#2521 = ( GEOMETRIC_REPRESENTATION_CONTEXT(2) 
PARAMETRIC_REPRESENTATION_CONTEXT() REPRESENTATION_CONTEXT('2D SPACE',''
  ) );
#2522 = ADVANCED_FACE('',(#2523),#2211,.T.);
#2523 = FACE_BOUND('',#2524,.T.);
#2524 = EDGE_LOOP('',(#2525,#2548,#2549,#2550));
#2525 = ORIENTED_EDGE('',*,*,#2526,.F.);
#2526 = EDGE_CURVE('',#2170,#2527,#2529,.T.);
#2527 = VERTEX_POINT('',#2528);
#2528 = CARTESIAN_POINT('',(-2.45E-02,9.5E-03,-1.E-03));
#2529 = SURFACE_CURVE('',#2530,(#2534,#2541),.PCURVE_S1.);
#2530 = LINE('',#2531,#2532);
#2531 = CARTESIAN_POINT('',(-3.25E-02,9.5E-03,-1.E-03));
#2532 = VECTOR('',#2533,1.);
#2533 = DIRECTION('',(1.,0.,-0.));
#2534 = PCURVE('',#2211,#2535);
#2535 = DEFINITIONAL_REPRESENTATION('',(#2536),#2540);
#2536 = LINE('',#2537,#2538);
#2537 = CARTESIAN_POINT('',(0.,1.9E-02));
#2538 = VECTOR('',#2539,1.);
#2539 = DIRECTION('',(1.,0.));
#2540 = ( GEOMETRIC_REPRESENTATION_CONTEXT(2) 
PARAMETRIC_REPRESENTATION_CONTEXT() REPRESENTATION_CONTEXT('2D SPACE',''
  ) );
#2541 = PCURVE('',#2185,#2542);
#2542 = DEFINITIONAL_REPRESENTATION('',(#2543),#2547);
#2543 = LINE('',#2544,#2545);
#2544 = CARTESIAN_POINT('',(3.25E-02,0.));
#2545 = VECTOR('',#2546,1.);
#2546 = DIRECTION('',(0.,1.));
#2547 = ( GEOMETRIC_REPRESENTATION_CONTEXT(2) 
PARAMETRIC_REPRESENTATION_CONTEXT() REPRESENTATION_CONTEXT('2D SPACE',''
  ) );
#2548 = ORIENTED_EDGE('',*,*,#2197,.F.);
#2549 = ORIENTED_EDGE('',*,*,#2278,.T.);
#2550 = ORIENTED_EDGE('',*,*,#2551,.F.);
#2551 = EDGE_CURVE('',#2527,#2279,#2552,.T.);
#2552 = SURFACE_CURVE('',#2553,(#2557,#2563),.PCURVE_S1.);
#2553 = LINE('',#2554,#2555);
#2554 = CARTESIAN_POINT('',(-2.45E-02,-9.5E-03,-1.E-03));
#2555 = VECTOR('',#2556,1.);
#2556 = DIRECTION('',(0.,-1.,0.));
#2557 = PCURVE('',#2211,#2558);
#2558 = DEFINITIONAL_REPRESENTATION('',(#2559),#2562);
#2559 = B_SPLINE_CURVE_WITH_KNOTS('',1,(#2560,#2561),.UNSPECIFIED.,.F.,
  .F.,(2,2),(-1.9E-02,0.),.PIECEWISE_BEZIER_KNOTS.);
#2560 = CARTESIAN_POINT('',(8.E-03,1.9E-02));
#2561 = CARTESIAN_POINT('',(8.E-03,0.));
#2562 = ( GEOMETRIC_REPRESENTATION_CONTEXT(2) 
PARAMETRIC_REPRESENTATION_CONTEXT() REPRESENTATION_CONTEXT('2D SPACE',''
  ) );
#2563 = PCURVE('',#2317,#2564);
#2564 = DEFINITIONAL_REPRESENTATION('',(#2565),#2568);
#2565 = B_SPLINE_CURVE_WITH_KNOTS('',1,(#2566,#2567),.UNSPECIFIED.,.F.,
  .F.,(2,2),(-1.9E-02,0.),.PIECEWISE_BEZIER_KNOTS.);
#2566 = CARTESIAN_POINT('',(2.25E-02,-1.9E-02));
#2567 = CARTESIAN_POINT('',(2.25E-02,0.));
#2568 = ( GEOMETRIC_REPRESENTATION_CONTEXT(2) 
PARAMETRIC_REPRESENTATION_CONTEXT() REPRESENTATION_CONTEXT('2D SPACE',''
  ) );
#2569 = ADVANCED_FACE('',(#2570),#2185,.T.);
#2570 = FACE_BOUND('',#2571,.T.);
#2571 = EDGE_LOOP('',(#2572,#2597,#2618,#2619,#2620,#2643,#2666,#2689,
    #2712,#2735,#2758,#2781));
#2572 = ORIENTED_EDGE('',*,*,#2573,.F.);
#2573 = EDGE_CURVE('',#2574,#2576,#2578,.T.);
#2574 = VERTEX_POINT('',#2575);
#2575 = CARTESIAN_POINT('',(3.25E-02,9.5E-03,-3.35E-02));
#2576 = VERTEX_POINT('',#2577);
#2577 = CARTESIAN_POINT('',(3.25E-02,9.5E-03,-1.E-03));
#2578 = SURFACE_CURVE('',#2579,(#2583,#2590),.PCURVE_S1.);
#2579 = LINE('',#2580,#2581);
#2580 = CARTESIAN_POINT('',(3.25E-02,9.5E-03,-3.35E-02));
#2581 = VECTOR('',#2582,1.);
#2582 = DIRECTION('',(0.,0.,1.));
#2583 = PCURVE('',#2185,#2584);
#2584 = DEFINITIONAL_REPRESENTATION('',(#2585),#2589);
#2585 = LINE('',#2586,#2587);
#2586 = CARTESIAN_POINT('',(0.,6.5E-02));
#2587 = VECTOR('',#2588,1.);
#2588 = DIRECTION('',(1.,0.));
#2589 = ( GEOMETRIC_REPRESENTATION_CONTEXT(2) 
PARAMETRIC_REPRESENTATION_CONTEXT() REPRESENTATION_CONTEXT('2D SPACE',''
  ) );
#2590 = PCURVE('',#2244,#2591);
#2591 = DEFINITIONAL_REPRESENTATION('',(#2592),#2596);
#2592 = LINE('',#2593,#2594);
#2593 = CARTESIAN_POINT('',(0.,-1.9E-02));
#2594 = VECTOR('',#2595,1.);
#2595 = DIRECTION('',(1.,0.));
#2596 = ( GEOMETRIC_REPRESENTATION_CONTEXT(2) 
PARAMETRIC_REPRESENTATION_CONTEXT() REPRESENTATION_CONTEXT('2D SPACE',''
  ) );
#2597 = ORIENTED_EDGE('',*,*,#2598,.F.);
#2598 = EDGE_CURVE('',#2142,#2574,#2599,.T.);
#2599 = SURFACE_CURVE('',#2600,(#2604,#2611),.PCURVE_S1.);
#2600 = LINE('',#2601,#2602);
#2601 = CARTESIAN_POINT('',(-3.25E-02,9.5E-03,-3.35E-02));
#2602 = VECTOR('',#2603,1.);
#2603 = DIRECTION('',(1.,0.,-0.));
#2604 = PCURVE('',#2185,#2605);
#2605 = DEFINITIONAL_REPRESENTATION('',(#2606),#2610);
#2606 = LINE('',#2607,#2608);
#2607 = CARTESIAN_POINT('',(0.,0.));
#2608 = VECTOR('',#2609,1.);
#2609 = DIRECTION('',(0.,1.));
#2610 = ( GEOMETRIC_REPRESENTATION_CONTEXT(2) 
PARAMETRIC_REPRESENTATION_CONTEXT() REPRESENTATION_CONTEXT('2D SPACE',''
  ) );
#2611 = PCURVE('',#2157,#2612);
#2612 = DEFINITIONAL_REPRESENTATION('',(#2613),#2617);
#2613 = LINE('',#2614,#2615);
#2614 = CARTESIAN_POINT('',(0.,1.9E-02));
#2615 = VECTOR('',#2616,1.);
#2616 = DIRECTION('',(1.,0.));
#2617 = ( GEOMETRIC_REPRESENTATION_CONTEXT(2) 
PARAMETRIC_REPRESENTATION_CONTEXT() REPRESENTATION_CONTEXT('2D SPACE',''
  ) );
#2618 = ORIENTED_EDGE('',*,*,#2169,.T.);
#2619 = ORIENTED_EDGE('',*,*,#2526,.T.);
#2620 = ORIENTED_EDGE('',*,*,#2621,.F.);
#2621 = EDGE_CURVE('',#2622,#2527,#2624,.T.);
#2622 = VERTEX_POINT('',#2623);
#2623 = CARTESIAN_POINT('',(-2.45E-02,9.5E-03,-2.35E-02));
#2624 = SURFACE_CURVE('',#2625,(#2629,#2636),.PCURVE_S1.);
#2625 = LINE('',#2626,#2627);
#2626 = CARTESIAN_POINT('',(-2.45E-02,9.5E-03,-2.35E-02));
#2627 = VECTOR('',#2628,1.);
#2628 = DIRECTION('',(0.,0.,1.));
#2629 = PCURVE('',#2185,#2630);
#2630 = DEFINITIONAL_REPRESENTATION('',(#2631),#2635);
#2631 = LINE('',#2632,#2633);
#2632 = CARTESIAN_POINT('',(1.E-02,8.E-03));
#2633 = VECTOR('',#2634,1.);
#2634 = DIRECTION('',(1.,0.));
#2635 = ( GEOMETRIC_REPRESENTATION_CONTEXT(2) 
PARAMETRIC_REPRESENTATION_CONTEXT() REPRESENTATION_CONTEXT('2D SPACE',''
  ) );
#2636 = PCURVE('',#2317,#2637);
#2637 = DEFINITIONAL_REPRESENTATION('',(#2638),#2642);
#2638 = LINE('',#2639,#2640);
#2639 = CARTESIAN_POINT('',(0.,-1.9E-02));
#2640 = VECTOR('',#2641,1.);
#2641 = DIRECTION('',(1.,0.));
#2642 = ( GEOMETRIC_REPRESENTATION_CONTEXT(2) 
PARAMETRIC_REPRESENTATION_CONTEXT() REPRESENTATION_CONTEXT('2D SPACE',''
  ) );
#2643 = ORIENTED_EDGE('',*,*,#2644,.T.);
#2644 = EDGE_CURVE('',#2622,#2645,#2647,.T.);
#2645 = VERTEX_POINT('',#2646);
#2646 = CARTESIAN_POINT('',(-9.5E-03,9.5E-03,-2.35E-02));
#2647 = SURFACE_CURVE('',#2648,(#2652,#2659),.PCURVE_S1.);
#2648 = LINE('',#2649,#2650);
#2649 = CARTESIAN_POINT('',(-2.45E-02,9.5E-03,-2.35E-02));
#2650 = VECTOR('',#2651,1.);
#2651 = DIRECTION('',(1.,0.,-0.));
#2652 = PCURVE('',#2185,#2653);
#2653 = DEFINITIONAL_REPRESENTATION('',(#2654),#2658);
#2654 = LINE('',#2655,#2656);
#2655 = CARTESIAN_POINT('',(1.E-02,8.E-03));
#2656 = VECTOR('',#2657,1.);
#2657 = DIRECTION('',(0.,1.));
#2658 = ( GEOMETRIC_REPRESENTATION_CONTEXT(2) 
PARAMETRIC_REPRESENTATION_CONTEXT() REPRESENTATION_CONTEXT('2D SPACE',''
  ) );
#2659 = PCURVE('',#2345,#2660);
#2660 = DEFINITIONAL_REPRESENTATION('',(#2661),#2665);
#2661 = LINE('',#2662,#2663);
#2662 = CARTESIAN_POINT('',(0.,1.9E-02));
#2663 = VECTOR('',#2664,1.);
#2664 = DIRECTION('',(1.,0.));
#2665 = ( GEOMETRIC_REPRESENTATION_CONTEXT(2) 
PARAMETRIC_REPRESENTATION_CONTEXT() REPRESENTATION_CONTEXT('2D SPACE',''
  ) );
#2666 = ORIENTED_EDGE('',*,*,#2667,.T.);
#2667 = EDGE_CURVE('',#2645,#2668,#2670,.T.);
#2668 = VERTEX_POINT('',#2669);
#2669 = CARTESIAN_POINT('',(-9.5E-03,9.5E-03,-1.E-03));
#2670 = SURFACE_CURVE('',#2671,(#2675,#2682),.PCURVE_S1.);
#2671 = LINE('',#2672,#2673);
#2672 = CARTESIAN_POINT('',(-9.5E-03,9.5E-03,-2.35E-02));
#2673 = VECTOR('',#2674,1.);
#2674 = DIRECTION('',(0.,0.,1.));
#2675 = PCURVE('',#2185,#2676);
#2676 = DEFINITIONAL_REPRESENTATION('',(#2677),#2681);
#2677 = LINE('',#2678,#2679);
#2678 = CARTESIAN_POINT('',(1.E-02,2.3E-02));
#2679 = VECTOR('',#2680,1.);
#2680 = DIRECTION('',(1.,0.));
#2681 = ( GEOMETRIC_REPRESENTATION_CONTEXT(2) 
PARAMETRIC_REPRESENTATION_CONTEXT() REPRESENTATION_CONTEXT('2D SPACE',''
  ) );
#2682 = PCURVE('',#2373,#2683);
#2683 = DEFINITIONAL_REPRESENTATION('',(#2684),#2688);
#2684 = LINE('',#2685,#2686);
#2685 = CARTESIAN_POINT('',(0.,-1.9E-02));
#2686 = VECTOR('',#2687,1.);
#2687 = DIRECTION('',(1.,0.));
#2688 = ( GEOMETRIC_REPRESENTATION_CONTEXT(2) 
PARAMETRIC_REPRESENTATION_CONTEXT() REPRESENTATION_CONTEXT('2D SPACE',''
  ) );
#2689 = ORIENTED_EDGE('',*,*,#2690,.T.);
#2690 = EDGE_CURVE('',#2668,#2691,#2693,.T.);
#2691 = VERTEX_POINT('',#2692);
#2692 = CARTESIAN_POINT('',(9.5E-03,9.5E-03,-1.E-03));
#2693 = SURFACE_CURVE('',#2694,(#2698,#2705),.PCURVE_S1.);
#2694 = LINE('',#2695,#2696);
#2695 = CARTESIAN_POINT('',(-3.25E-02,9.5E-03,-1.E-03));
#2696 = VECTOR('',#2697,1.);
#2697 = DIRECTION('',(1.,0.,-0.));
#2698 = PCURVE('',#2185,#2699);
#2699 = DEFINITIONAL_REPRESENTATION('',(#2700),#2704);
#2700 = LINE('',#2701,#2702);
#2701 = CARTESIAN_POINT('',(3.25E-02,0.));
#2702 = VECTOR('',#2703,1.);
#2703 = DIRECTION('',(0.,1.));
#2704 = ( GEOMETRIC_REPRESENTATION_CONTEXT(2) 
PARAMETRIC_REPRESENTATION_CONTEXT() REPRESENTATION_CONTEXT('2D SPACE',''
  ) );
#2705 = PCURVE('',#2401,#2706);
#2706 = DEFINITIONAL_REPRESENTATION('',(#2707),#2711);
#2707 = LINE('',#2708,#2709);
#2708 = CARTESIAN_POINT('',(0.,1.9E-02));
#2709 = VECTOR('',#2710,1.);
#2710 = DIRECTION('',(1.,0.));
#2711 = ( GEOMETRIC_REPRESENTATION_CONTEXT(2) 
PARAMETRIC_REPRESENTATION_CONTEXT() REPRESENTATION_CONTEXT('2D SPACE',''
  ) );
#2712 = ORIENTED_EDGE('',*,*,#2713,.F.);
#2713 = EDGE_CURVE('',#2714,#2691,#2716,.T.);
#2714 = VERTEX_POINT('',#2715);
#2715 = CARTESIAN_POINT('',(9.5E-03,9.5E-03,-2.35E-02));
#2716 = SURFACE_CURVE('',#2717,(#2721,#2728),.PCURVE_S1.);
#2717 = LINE('',#2718,#2719);
#2718 = CARTESIAN_POINT('',(9.5E-03,9.5E-03,-2.35E-02));
#2719 = VECTOR('',#2720,1.);
#2720 = DIRECTION('',(0.,0.,1.));
#2721 = PCURVE('',#2185,#2722);
#2722 = DEFINITIONAL_REPRESENTATION('',(#2723),#2727);
#2723 = LINE('',#2724,#2725);
#2724 = CARTESIAN_POINT('',(1.E-02,4.2E-02));
#2725 = VECTOR('',#2726,1.);
#2726 = DIRECTION('',(1.,0.));
#2727 = ( GEOMETRIC_REPRESENTATION_CONTEXT(2) 
PARAMETRIC_REPRESENTATION_CONTEXT() REPRESENTATION_CONTEXT('2D SPACE',''
  ) );
#2728 = PCURVE('',#2429,#2729);
#2729 = DEFINITIONAL_REPRESENTATION('',(#2730),#2734);
#2730 = LINE('',#2731,#2732);
#2731 = CARTESIAN_POINT('',(0.,-1.9E-02));
#2732 = VECTOR('',#2733,1.);
#2733 = DIRECTION('',(1.,0.));
#2734 = ( GEOMETRIC_REPRESENTATION_CONTEXT(2) 
PARAMETRIC_REPRESENTATION_CONTEXT() REPRESENTATION_CONTEXT('2D SPACE',''
  ) );
#2735 = ORIENTED_EDGE('',*,*,#2736,.T.);
#2736 = EDGE_CURVE('',#2714,#2737,#2739,.T.);
#2737 = VERTEX_POINT('',#2738);
#2738 = CARTESIAN_POINT('',(2.45E-02,9.5E-03,-2.35E-02));
#2739 = SURFACE_CURVE('',#2740,(#2744,#2751),.PCURVE_S1.);
#2740 = LINE('',#2741,#2742);
#2741 = CARTESIAN_POINT('',(9.5E-03,9.5E-03,-2.35E-02));
#2742 = VECTOR('',#2743,1.);
#2743 = DIRECTION('',(1.,0.,-0.));
#2744 = PCURVE('',#2185,#2745);
#2745 = DEFINITIONAL_REPRESENTATION('',(#2746),#2750);
#2746 = LINE('',#2747,#2748);
#2747 = CARTESIAN_POINT('',(1.E-02,4.2E-02));
#2748 = VECTOR('',#2749,1.);
#2749 = DIRECTION('',(0.,1.));
#2750 = ( GEOMETRIC_REPRESENTATION_CONTEXT(2) 
PARAMETRIC_REPRESENTATION_CONTEXT() REPRESENTATION_CONTEXT('2D SPACE',''
  ) );
#2751 = PCURVE('',#2457,#2752);
#2752 = DEFINITIONAL_REPRESENTATION('',(#2753),#2757);
#2753 = LINE('',#2754,#2755);
#2754 = CARTESIAN_POINT('',(0.,1.9E-02));
#2755 = VECTOR('',#2756,1.);
#2756 = DIRECTION('',(1.,0.));
#2757 = ( GEOMETRIC_REPRESENTATION_CONTEXT(2) 
PARAMETRIC_REPRESENTATION_CONTEXT() REPRESENTATION_CONTEXT('2D SPACE',''
  ) );
#2758 = ORIENTED_EDGE('',*,*,#2759,.T.);
#2759 = EDGE_CURVE('',#2737,#2760,#2762,.T.);
#2760 = VERTEX_POINT('',#2761);
#2761 = CARTESIAN_POINT('',(2.45E-02,9.5E-03,-1.E-03));
#2762 = SURFACE_CURVE('',#2763,(#2767,#2774),.PCURVE_S1.);
#2763 = LINE('',#2764,#2765);
#2764 = CARTESIAN_POINT('',(2.45E-02,9.5E-03,-2.35E-02));
#2765 = VECTOR('',#2766,1.);
#2766 = DIRECTION('',(0.,0.,1.));
#2767 = PCURVE('',#2185,#2768);
#2768 = DEFINITIONAL_REPRESENTATION('',(#2769),#2773);
#2769 = LINE('',#2770,#2771);
#2770 = CARTESIAN_POINT('',(1.E-02,5.7E-02));
#2771 = VECTOR('',#2772,1.);
#2772 = DIRECTION('',(1.,0.));
#2773 = ( GEOMETRIC_REPRESENTATION_CONTEXT(2) 
PARAMETRIC_REPRESENTATION_CONTEXT() REPRESENTATION_CONTEXT('2D SPACE',''
  ) );
#2774 = PCURVE('',#2485,#2775);
#2775 = DEFINITIONAL_REPRESENTATION('',(#2776),#2780);
#2776 = LINE('',#2777,#2778);
#2777 = CARTESIAN_POINT('',(0.,-1.9E-02));
#2778 = VECTOR('',#2779,1.);
#2779 = DIRECTION('',(1.,0.));
#2780 = ( GEOMETRIC_REPRESENTATION_CONTEXT(2) 
PARAMETRIC_REPRESENTATION_CONTEXT() REPRESENTATION_CONTEXT('2D SPACE',''
  ) );
#2781 = ORIENTED_EDGE('',*,*,#2782,.T.);
#2782 = EDGE_CURVE('',#2760,#2576,#2783,.T.);
#2783 = SURFACE_CURVE('',#2784,(#2788,#2795),.PCURVE_S1.);
#2784 = LINE('',#2785,#2786);
#2785 = CARTESIAN_POINT('',(-3.25E-02,9.5E-03,-1.E-03));
#2786 = VECTOR('',#2787,1.);
#2787 = DIRECTION('',(1.,0.,-0.));
#2788 = PCURVE('',#2185,#2789);
#2789 = DEFINITIONAL_REPRESENTATION('',(#2790),#2794);
#2790 = LINE('',#2791,#2792);
#2791 = CARTESIAN_POINT('',(3.25E-02,0.));
#2792 = VECTOR('',#2793,1.);
#2793 = DIRECTION('',(0.,1.));
#2794 = ( GEOMETRIC_REPRESENTATION_CONTEXT(2) 
PARAMETRIC_REPRESENTATION_CONTEXT() REPRESENTATION_CONTEXT('2D SPACE',''
  ) );
#2795 = PCURVE('',#2511,#2796);
#2796 = DEFINITIONAL_REPRESENTATION('',(#2797),#2801);
#2797 = LINE('',#2798,#2799);
#2798 = CARTESIAN_POINT('',(0.,1.9E-02));
#2799 = VECTOR('',#2800,1.);
#2800 = DIRECTION('',(1.,0.));
#2801 = ( GEOMETRIC_REPRESENTATION_CONTEXT(2) 
PARAMETRIC_REPRESENTATION_CONTEXT() REPRESENTATION_CONTEXT('2D SPACE',''
  ) );
#2802 = ADVANCED_FACE('',(#2803),#2157,.F.);
#2803 = FACE_BOUND('',#2804,.F.);
#2804 = EDGE_LOOP('',(#2805,#2806,#2807,#2828));
#2805 = ORIENTED_EDGE('',*,*,#2141,.F.);
#2806 = ORIENTED_EDGE('',*,*,#2256,.T.);
#2807 = ORIENTED_EDGE('',*,*,#2808,.T.);
#2808 = EDGE_CURVE('',#2227,#2574,#2809,.T.);
#2809 = SURFACE_CURVE('',#2810,(#2814,#2821),.PCURVE_S1.);
#2810 = LINE('',#2811,#2812);
#2811 = CARTESIAN_POINT('',(3.25E-02,-9.5E-03,-3.35E-02));
#2812 = VECTOR('',#2813,1.);
#2813 = DIRECTION('',(-0.,1.,0.));
#2814 = PCURVE('',#2157,#2815);
#2815 = DEFINITIONAL_REPRESENTATION('',(#2816),#2820);
#2816 = LINE('',#2817,#2818);
#2817 = CARTESIAN_POINT('',(6.5E-02,0.));
#2818 = VECTOR('',#2819,1.);
#2819 = DIRECTION('',(0.,1.));
#2820 = ( GEOMETRIC_REPRESENTATION_CONTEXT(2) 
PARAMETRIC_REPRESENTATION_CONTEXT() REPRESENTATION_CONTEXT('2D SPACE',''
  ) );
#2821 = PCURVE('',#2244,#2822);
#2822 = DEFINITIONAL_REPRESENTATION('',(#2823),#2827);
#2823 = LINE('',#2824,#2825);
#2824 = CARTESIAN_POINT('',(0.,0.));
#2825 = VECTOR('',#2826,1.);
#2826 = DIRECTION('',(0.,-1.));
#2827 = ( GEOMETRIC_REPRESENTATION_CONTEXT(2) 
PARAMETRIC_REPRESENTATION_CONTEXT() REPRESENTATION_CONTEXT('2D SPACE',''
  ) );
#2828 = ORIENTED_EDGE('',*,*,#2598,.F.);
#2829 = ADVANCED_FACE('',(#2830),#2244,.T.);
#2830 = FACE_BOUND('',#2831,.T.);
#2831 = EDGE_LOOP('',(#2832,#2833,#2834,#2835));
#2832 = ORIENTED_EDGE('',*,*,#2226,.F.);
#2833 = ORIENTED_EDGE('',*,*,#2808,.T.);
#2834 = ORIENTED_EDGE('',*,*,#2573,.T.);
#2835 = ORIENTED_EDGE('',*,*,#2836,.F.);
#2836 = EDGE_CURVE('',#2229,#2576,#2837,.T.);
#2837 = SURFACE_CURVE('',#2838,(#2842,#2849),.PCURVE_S1.);
#2838 = LINE('',#2839,#2840);
#2839 = CARTESIAN_POINT('',(3.25E-02,-9.5E-03,-1.E-03));
#2840 = VECTOR('',#2841,1.);
#2841 = DIRECTION('',(-0.,1.,0.));
#2842 = PCURVE('',#2244,#2843);
#2843 = DEFINITIONAL_REPRESENTATION('',(#2844),#2848);
#2844 = LINE('',#2845,#2846);
#2845 = CARTESIAN_POINT('',(3.25E-02,0.));
#2846 = VECTOR('',#2847,1.);
#2847 = DIRECTION('',(0.,-1.));
#2848 = ( GEOMETRIC_REPRESENTATION_CONTEXT(2) 
PARAMETRIC_REPRESENTATION_CONTEXT() REPRESENTATION_CONTEXT('2D SPACE',''
  ) );
#2849 = PCURVE('',#2511,#2850);
#2850 = DEFINITIONAL_REPRESENTATION('',(#2851),#2855);
#2851 = LINE('',#2852,#2853);
#2852 = CARTESIAN_POINT('',(6.5E-02,0.));
#2853 = VECTOR('',#2854,1.);
#2854 = DIRECTION('',(0.,1.));
#2855 = ( GEOMETRIC_REPRESENTATION_CONTEXT(2) 
PARAMETRIC_REPRESENTATION_CONTEXT() REPRESENTATION_CONTEXT('2D SPACE',''
  ) );
#2856 = ADVANCED_FACE('',(#2857),#2511,.T.);
#2857 = FACE_BOUND('',#2858,.T.);
#2858 = EDGE_LOOP('',(#2859,#2860,#2879,#2880));
#2859 = ORIENTED_EDGE('',*,*,#2782,.F.);
#2860 = ORIENTED_EDGE('',*,*,#2861,.T.);
#2861 = EDGE_CURVE('',#2760,#2470,#2862,.T.);
#2862 = SURFACE_CURVE('',#2863,(#2867,#2873),.PCURVE_S1.);
#2863 = LINE('',#2864,#2865);
#2864 = CARTESIAN_POINT('',(2.45E-02,-9.5E-03,-1.E-03));
#2865 = VECTOR('',#2866,1.);
#2866 = DIRECTION('',(0.,-1.,0.));
#2867 = PCURVE('',#2511,#2868);
#2868 = DEFINITIONAL_REPRESENTATION('',(#2869),#2872);
#2869 = B_SPLINE_CURVE_WITH_KNOTS('',1,(#2870,#2871),.UNSPECIFIED.,.F.,
  .F.,(2,2),(-1.9E-02,0.),.PIECEWISE_BEZIER_KNOTS.);
#2870 = CARTESIAN_POINT('',(5.7E-02,1.9E-02));
#2871 = CARTESIAN_POINT('',(5.7E-02,0.));
#2872 = ( GEOMETRIC_REPRESENTATION_CONTEXT(2) 
PARAMETRIC_REPRESENTATION_CONTEXT() REPRESENTATION_CONTEXT('2D SPACE',''
  ) );
#2873 = PCURVE('',#2485,#2874);
#2874 = DEFINITIONAL_REPRESENTATION('',(#2875),#2878);
#2875 = B_SPLINE_CURVE_WITH_KNOTS('',1,(#2876,#2877),.UNSPECIFIED.,.F.,
  .F.,(2,2),(-1.9E-02,0.),.PIECEWISE_BEZIER_KNOTS.);
#2876 = CARTESIAN_POINT('',(2.25E-02,-1.9E-02));
#2877 = CARTESIAN_POINT('',(2.25E-02,0.));
#2878 = ( GEOMETRIC_REPRESENTATION_CONTEXT(2) 
PARAMETRIC_REPRESENTATION_CONTEXT() REPRESENTATION_CONTEXT('2D SPACE',''
  ) );
#2879 = ORIENTED_EDGE('',*,*,#2497,.T.);
#2880 = ORIENTED_EDGE('',*,*,#2836,.T.);
#2881 = ADVANCED_FACE('',(#2882),#2485,.F.);
#2882 = FACE_BOUND('',#2883,.F.);
#2883 = EDGE_LOOP('',(#2884,#2885,#2906,#2907));
#2884 = ORIENTED_EDGE('',*,*,#2469,.F.);
#2885 = ORIENTED_EDGE('',*,*,#2886,.T.);
#2886 = EDGE_CURVE('',#2442,#2737,#2887,.T.);
#2887 = SURFACE_CURVE('',#2888,(#2892,#2899),.PCURVE_S1.);
#2888 = LINE('',#2889,#2890);
#2889 = CARTESIAN_POINT('',(2.45E-02,-9.5E-03,-2.35E-02));
#2890 = VECTOR('',#2891,1.);
#2891 = DIRECTION('',(-0.,1.,0.));
#2892 = PCURVE('',#2485,#2893);
#2893 = DEFINITIONAL_REPRESENTATION('',(#2894),#2898);
#2894 = LINE('',#2895,#2896);
#2895 = CARTESIAN_POINT('',(0.,0.));
#2896 = VECTOR('',#2897,1.);
#2897 = DIRECTION('',(0.,-1.));
#2898 = ( GEOMETRIC_REPRESENTATION_CONTEXT(2) 
PARAMETRIC_REPRESENTATION_CONTEXT() REPRESENTATION_CONTEXT('2D SPACE',''
  ) );
#2899 = PCURVE('',#2457,#2900);
#2900 = DEFINITIONAL_REPRESENTATION('',(#2901),#2905);
#2901 = LINE('',#2902,#2903);
#2902 = CARTESIAN_POINT('',(1.5E-02,0.));
#2903 = VECTOR('',#2904,1.);
#2904 = DIRECTION('',(0.,1.));
#2905 = ( GEOMETRIC_REPRESENTATION_CONTEXT(2) 
PARAMETRIC_REPRESENTATION_CONTEXT() REPRESENTATION_CONTEXT('2D SPACE',''
  ) );
#2906 = ORIENTED_EDGE('',*,*,#2759,.T.);
#2907 = ORIENTED_EDGE('',*,*,#2861,.T.);
#2908 = ADVANCED_FACE('',(#2909),#2457,.T.);
#2909 = FACE_BOUND('',#2910,.T.);
#2910 = EDGE_LOOP('',(#2911,#2932,#2933,#2934));
#2911 = ORIENTED_EDGE('',*,*,#2912,.F.);
#2912 = EDGE_CURVE('',#2414,#2714,#2913,.T.);
#2913 = SURFACE_CURVE('',#2914,(#2918,#2925),.PCURVE_S1.);
#2914 = LINE('',#2915,#2916);
#2915 = CARTESIAN_POINT('',(9.5E-03,-9.5E-03,-2.35E-02));
#2916 = VECTOR('',#2917,1.);
#2917 = DIRECTION('',(-0.,1.,0.));
#2918 = PCURVE('',#2457,#2919);
#2919 = DEFINITIONAL_REPRESENTATION('',(#2920),#2924);
#2920 = LINE('',#2921,#2922);
#2921 = CARTESIAN_POINT('',(0.,0.));
#2922 = VECTOR('',#2923,1.);
#2923 = DIRECTION('',(0.,1.));
#2924 = ( GEOMETRIC_REPRESENTATION_CONTEXT(2) 
PARAMETRIC_REPRESENTATION_CONTEXT() REPRESENTATION_CONTEXT('2D SPACE',''
  ) );
#2925 = PCURVE('',#2429,#2926);
#2926 = DEFINITIONAL_REPRESENTATION('',(#2927),#2931);
#2927 = LINE('',#2928,#2929);
#2928 = CARTESIAN_POINT('',(0.,0.));
#2929 = VECTOR('',#2930,1.);
#2930 = DIRECTION('',(0.,-1.));
#2931 = ( GEOMETRIC_REPRESENTATION_CONTEXT(2) 
PARAMETRIC_REPRESENTATION_CONTEXT() REPRESENTATION_CONTEXT('2D SPACE',''
  ) );
#2932 = ORIENTED_EDGE('',*,*,#2441,.T.);
#2933 = ORIENTED_EDGE('',*,*,#2886,.T.);
#2934 = ORIENTED_EDGE('',*,*,#2736,.F.);
#2935 = ADVANCED_FACE('',(#2936),#2429,.T.);
#2936 = FACE_BOUND('',#2937,.T.);
#2937 = EDGE_LOOP('',(#2938,#2939,#2940,#2941));
#2938 = ORIENTED_EDGE('',*,*,#2413,.F.);
#2939 = ORIENTED_EDGE('',*,*,#2912,.T.);
#2940 = ORIENTED_EDGE('',*,*,#2713,.T.);
#2941 = ORIENTED_EDGE('',*,*,#2942,.T.);
#2942 = EDGE_CURVE('',#2691,#2386,#2943,.T.);
#2943 = SURFACE_CURVE('',#2944,(#2948,#2954),.PCURVE_S1.);
#2944 = LINE('',#2945,#2946);
#2945 = CARTESIAN_POINT('',(9.5E-03,-9.5E-03,-1.E-03));
#2946 = VECTOR('',#2947,1.);
#2947 = DIRECTION('',(0.,-1.,0.));
#2948 = PCURVE('',#2429,#2949);
#2949 = DEFINITIONAL_REPRESENTATION('',(#2950),#2953);
#2950 = B_SPLINE_CURVE_WITH_KNOTS('',1,(#2951,#2952),.UNSPECIFIED.,.F.,
  .F.,(2,2),(-1.9E-02,0.),.PIECEWISE_BEZIER_KNOTS.);
#2951 = CARTESIAN_POINT('',(2.25E-02,-1.9E-02));
#2952 = CARTESIAN_POINT('',(2.25E-02,0.));
#2953 = ( GEOMETRIC_REPRESENTATION_CONTEXT(2) 
PARAMETRIC_REPRESENTATION_CONTEXT() REPRESENTATION_CONTEXT('2D SPACE',''
  ) );
#2954 = PCURVE('',#2401,#2955);
#2955 = DEFINITIONAL_REPRESENTATION('',(#2956),#2959);
#2956 = B_SPLINE_CURVE_WITH_KNOTS('',1,(#2957,#2958),.UNSPECIFIED.,.F.,
  .F.,(2,2),(-1.9E-02,0.),.PIECEWISE_BEZIER_KNOTS.);
#2957 = CARTESIAN_POINT('',(4.2E-02,1.9E-02));
#2958 = CARTESIAN_POINT('',(4.2E-02,0.));
#2959 = ( GEOMETRIC_REPRESENTATION_CONTEXT(2) 
PARAMETRIC_REPRESENTATION_CONTEXT() REPRESENTATION_CONTEXT('2D SPACE',''
  ) );
#2960 = ADVANCED_FACE('',(#2961),#2401,.T.);
#2961 = FACE_BOUND('',#2962,.T.);
#2962 = EDGE_LOOP('',(#2963,#2964,#2983,#2984));
#2963 = ORIENTED_EDGE('',*,*,#2690,.F.);
#2964 = ORIENTED_EDGE('',*,*,#2965,.T.);
#2965 = EDGE_CURVE('',#2668,#2358,#2966,.T.);
#2966 = SURFACE_CURVE('',#2967,(#2971,#2977),.PCURVE_S1.);
#2967 = LINE('',#2968,#2969);
#2968 = CARTESIAN_POINT('',(-9.5E-03,-9.5E-03,-1.E-03));
#2969 = VECTOR('',#2970,1.);
#2970 = DIRECTION('',(0.,-1.,0.));
#2971 = PCURVE('',#2401,#2972);
#2972 = DEFINITIONAL_REPRESENTATION('',(#2973),#2976);
#2973 = B_SPLINE_CURVE_WITH_KNOTS('',1,(#2974,#2975),.UNSPECIFIED.,.F.,
  .F.,(2,2),(-1.9E-02,0.),.PIECEWISE_BEZIER_KNOTS.);
#2974 = CARTESIAN_POINT('',(2.3E-02,1.9E-02));
#2975 = CARTESIAN_POINT('',(2.3E-02,0.));
#2976 = ( GEOMETRIC_REPRESENTATION_CONTEXT(2) 
PARAMETRIC_REPRESENTATION_CONTEXT() REPRESENTATION_CONTEXT('2D SPACE',''
  ) );
#2977 = PCURVE('',#2373,#2978);
#2978 = DEFINITIONAL_REPRESENTATION('',(#2979),#2982);
#2979 = B_SPLINE_CURVE_WITH_KNOTS('',1,(#2980,#2981),.UNSPECIFIED.,.F.,
  .F.,(2,2),(-1.9E-02,0.),.PIECEWISE_BEZIER_KNOTS.);
#2980 = CARTESIAN_POINT('',(2.25E-02,-1.9E-02));
#2981 = CARTESIAN_POINT('',(2.25E-02,0.));
#2982 = ( GEOMETRIC_REPRESENTATION_CONTEXT(2) 
PARAMETRIC_REPRESENTATION_CONTEXT() REPRESENTATION_CONTEXT('2D SPACE',''
  ) );
#2983 = ORIENTED_EDGE('',*,*,#2385,.T.);
#2984 = ORIENTED_EDGE('',*,*,#2942,.F.);
#2985 = ADVANCED_FACE('',(#2986),#2373,.F.);
#2986 = FACE_BOUND('',#2987,.F.);
#2987 = EDGE_LOOP('',(#2988,#2989,#3010,#3011));
#2988 = ORIENTED_EDGE('',*,*,#2357,.F.);
#2989 = ORIENTED_EDGE('',*,*,#2990,.T.);
#2990 = EDGE_CURVE('',#2330,#2645,#2991,.T.);
#2991 = SURFACE_CURVE('',#2992,(#2996,#3003),.PCURVE_S1.);
#2992 = LINE('',#2993,#2994);
#2993 = CARTESIAN_POINT('',(-9.5E-03,-9.5E-03,-2.35E-02));
#2994 = VECTOR('',#2995,1.);
#2995 = DIRECTION('',(-0.,1.,0.));
#2996 = PCURVE('',#2373,#2997);
#2997 = DEFINITIONAL_REPRESENTATION('',(#2998),#3002);
#2998 = LINE('',#2999,#3000);
#2999 = CARTESIAN_POINT('',(0.,0.));
#3000 = VECTOR('',#3001,1.);
#3001 = DIRECTION('',(0.,-1.));
#3002 = ( GEOMETRIC_REPRESENTATION_CONTEXT(2) 
PARAMETRIC_REPRESENTATION_CONTEXT() REPRESENTATION_CONTEXT('2D SPACE',''
  ) );
#3003 = PCURVE('',#2345,#3004);
#3004 = DEFINITIONAL_REPRESENTATION('',(#3005),#3009);
#3005 = LINE('',#3006,#3007);
#3006 = CARTESIAN_POINT('',(1.5E-02,0.));
#3007 = VECTOR('',#3008,1.);
#3008 = DIRECTION('',(0.,1.));
#3009 = ( GEOMETRIC_REPRESENTATION_CONTEXT(2) 
PARAMETRIC_REPRESENTATION_CONTEXT() REPRESENTATION_CONTEXT('2D SPACE',''
  ) );
#3010 = ORIENTED_EDGE('',*,*,#2667,.T.);
#3011 = ORIENTED_EDGE('',*,*,#2965,.T.);
#3012 = ADVANCED_FACE('',(#3013),#2345,.T.);
#3013 = FACE_BOUND('',#3014,.T.);
#3014 = EDGE_LOOP('',(#3015,#3036,#3037,#3038));
#3015 = ORIENTED_EDGE('',*,*,#3016,.F.);
#3016 = EDGE_CURVE('',#2302,#2622,#3017,.T.);
#3017 = SURFACE_CURVE('',#3018,(#3022,#3029),.PCURVE_S1.);
#3018 = LINE('',#3019,#3020);
#3019 = CARTESIAN_POINT('',(-2.45E-02,-9.5E-03,-2.35E-02));
#3020 = VECTOR('',#3021,1.);
#3021 = DIRECTION('',(-0.,1.,0.));
#3022 = PCURVE('',#2345,#3023);
#3023 = DEFINITIONAL_REPRESENTATION('',(#3024),#3028);
#3024 = LINE('',#3025,#3026);
#3025 = CARTESIAN_POINT('',(0.,0.));
#3026 = VECTOR('',#3027,1.);
#3027 = DIRECTION('',(0.,1.));
#3028 = ( GEOMETRIC_REPRESENTATION_CONTEXT(2) 
PARAMETRIC_REPRESENTATION_CONTEXT() REPRESENTATION_CONTEXT('2D SPACE',''
  ) );
#3029 = PCURVE('',#2317,#3030);
#3030 = DEFINITIONAL_REPRESENTATION('',(#3031),#3035);
#3031 = LINE('',#3032,#3033);
#3032 = CARTESIAN_POINT('',(0.,0.));
#3033 = VECTOR('',#3034,1.);
#3034 = DIRECTION('',(0.,-1.));
#3035 = ( GEOMETRIC_REPRESENTATION_CONTEXT(2) 
PARAMETRIC_REPRESENTATION_CONTEXT() REPRESENTATION_CONTEXT('2D SPACE',''
  ) );
#3036 = ORIENTED_EDGE('',*,*,#2329,.T.);
#3037 = ORIENTED_EDGE('',*,*,#2990,.T.);
#3038 = ORIENTED_EDGE('',*,*,#2644,.F.);
#3039 = ADVANCED_FACE('',(#3040),#2317,.T.);
#3040 = FACE_BOUND('',#3041,.T.);
#3041 = EDGE_LOOP('',(#3042,#3043,#3044,#3045));
#3042 = ORIENTED_EDGE('',*,*,#2301,.F.);
#3043 = ORIENTED_EDGE('',*,*,#3016,.T.);
#3044 = ORIENTED_EDGE('',*,*,#2621,.T.);
#3045 = ORIENTED_EDGE('',*,*,#2551,.T.);
#3046 = ( GEOMETRIC_REPRESENTATION_CONTEXT(3) 
GLOBAL_UNCERTAINTY_ASSIGNED_CONTEXT((#3050)) 
GLOBAL_UNIT_ASSIGNED_CONTEXT((#3047,#3048,#3049)) REPRESENTATION_CONTEXT
('Context #1','3D Context with UNIT and UNCERTAINTY') );
#3047 = ( LENGTH_UNIT() NAMED_UNIT(*) SI_UNIT(.MILLI.,.METRE.) );
#3048 = ( NAMED_UNIT(*) PLANE_ANGLE_UNIT() SI_UNIT($,.RADIAN.) );
#3049 = ( NAMED_UNIT(*) SI_UNIT($,.STERADIAN.) SOLID_ANGLE_UNIT() );
#3050 = UNCERTAINTY_MEASURE_WITH_UNIT(LENGTH_MEASURE(1.E-07),#3047,
  'distance_accuracy_value','confusion accuracy');
#3051 = CONTEXT_DEPENDENT_SHAPE_REPRESENTATION(#3052,#3054);
#3052 = ( REPRESENTATION_RELATIONSHIP('','',#2099,#10) 
REPRESENTATION_RELATIONSHIP_WITH_TRANSFORMATION(#3053) 
SHAPE_REPRESENTATION_RELATIONSHIP() );
#3053 = ITEM_DEFINED_TRANSFORMATION('','',#11,#19);
#3054 = PRODUCT_DEFINITION_SHAPE('Placement','Placement of an item',
  #3055);
#3055 = NEXT_ASSEMBLY_USAGE_OCCURRENCE('2','','',#5,#2094,$);
#3056 = PRODUCT_RELATED_PRODUCT_CATEGORY('part',$,(#2096));
#3057 = SHAPE_DEFINITION_REPRESENTATION(#3058,#3064);
#3058 = PRODUCT_DEFINITION_SHAPE('','',#3059);
#3059 = PRODUCT_DEFINITION('design','',#3060,#3063);
#3060 = PRODUCT_DEFINITION_FORMATION('','',#3061);
#3061 = PRODUCT('Open CASCADE STEP translator 7.6 1.3',
  'Open CASCADE STEP translator 7.6 1.3','',(#3062));
#3062 = PRODUCT_CONTEXT('',#2,'mechanical');
#3063 = PRODUCT_DEFINITION_CONTEXT('part definition',#2,'design');
#3064 = ADVANCED_BREP_SHAPE_REPRESENTATION('',(#11,#3065),#4011);
#3065 = MANIFOLD_SOLID_BREP('',#3066);
#3066 = CLOSED_SHELL('',(#3067,#3187,#3487,#3536,#3769,#3794,#3821,#3848
    ,#3875,#3900,#3925,#3952,#3979,#4004));
#3067 = ADVANCED_FACE('',(#3068),#3082,.F.);
#3068 = FACE_BOUND('',#3069,.F.);
#3069 = EDGE_LOOP('',(#3070,#3105,#3133,#3161));
#3070 = ORIENTED_EDGE('',*,*,#3071,.F.);
#3071 = EDGE_CURVE('',#3072,#3074,#3076,.T.);
#3072 = VERTEX_POINT('',#3073);
#3073 = CARTESIAN_POINT('',(-3.25E-02,-9.5E-03,1.E-03));
#3074 = VERTEX_POINT('',#3075);
#3075 = CARTESIAN_POINT('',(-3.25E-02,-9.5E-03,3.35E-02));
#3076 = SURFACE_CURVE('',#3077,(#3081,#3093),.PCURVE_S1.);
#3077 = LINE('',#3078,#3079);
#3078 = CARTESIAN_POINT('',(-3.25E-02,-9.5E-03,-3.35E-02));
#3079 = VECTOR('',#3080,1.);
#3080 = DIRECTION('',(0.,0.,1.));
#3081 = PCURVE('',#3082,#3087);
#3082 = PLANE('',#3083);
#3083 = AXIS2_PLACEMENT_3D('',#3084,#3085,#3086);
#3084 = CARTESIAN_POINT('',(-3.25E-02,-9.5E-03,-3.35E-02));
#3085 = DIRECTION('',(1.,0.,-0.));
#3086 = DIRECTION('',(0.,0.,1.));
#3087 = DEFINITIONAL_REPRESENTATION('',(#3088),#3092);
#3088 = LINE('',#3089,#3090);
#3089 = CARTESIAN_POINT('',(0.,0.));
#3090 = VECTOR('',#3091,1.);
#3091 = DIRECTION('',(1.,0.));
#3092 = ( GEOMETRIC_REPRESENTATION_CONTEXT(2) 
PARAMETRIC_REPRESENTATION_CONTEXT() REPRESENTATION_CONTEXT('2D SPACE',''
  ) );
#3093 = PCURVE('',#3094,#3099);
#3094 = PLANE('',#3095);
#3095 = AXIS2_PLACEMENT_3D('',#3096,#3097,#3098);
#3096 = CARTESIAN_POINT('',(-3.25E-02,-9.5E-03,-3.35E-02));
#3097 = DIRECTION('',(-0.,1.,0.));
#3098 = DIRECTION('',(0.,0.,1.));
#3099 = DEFINITIONAL_REPRESENTATION('',(#3100),#3104);
#3100 = LINE('',#3101,#3102);
#3101 = CARTESIAN_POINT('',(0.,0.));
#3102 = VECTOR('',#3103,1.);
#3103 = DIRECTION('',(1.,0.));
#3104 = ( GEOMETRIC_REPRESENTATION_CONTEXT(2) 
PARAMETRIC_REPRESENTATION_CONTEXT() REPRESENTATION_CONTEXT('2D SPACE',''
  ) );
#3105 = ORIENTED_EDGE('',*,*,#3106,.T.);
#3106 = EDGE_CURVE('',#3072,#3107,#3109,.T.);
#3107 = VERTEX_POINT('',#3108);
#3108 = CARTESIAN_POINT('',(-3.25E-02,9.5E-03,1.E-03));
#3109 = SURFACE_CURVE('',#3110,(#3114,#3121),.PCURVE_S1.);
#3110 = LINE('',#3111,#3112);
#3111 = CARTESIAN_POINT('',(-3.25E-02,-9.5E-03,1.E-03));
#3112 = VECTOR('',#3113,1.);
#3113 = DIRECTION('',(-0.,1.,0.));
#3114 = PCURVE('',#3082,#3115);
#3115 = DEFINITIONAL_REPRESENTATION('',(#3116),#3120);
#3116 = LINE('',#3117,#3118);
#3117 = CARTESIAN_POINT('',(3.45E-02,0.));
#3118 = VECTOR('',#3119,1.);
#3119 = DIRECTION('',(0.,-1.));
#3120 = ( GEOMETRIC_REPRESENTATION_CONTEXT(2) 
PARAMETRIC_REPRESENTATION_CONTEXT() REPRESENTATION_CONTEXT('2D SPACE',''
  ) );
#3121 = PCURVE('',#3122,#3127);
#3122 = PLANE('',#3123);
#3123 = AXIS2_PLACEMENT_3D('',#3124,#3125,#3126);
#3124 = CARTESIAN_POINT('',(-3.25E-02,-9.5E-03,1.E-03));
#3125 = DIRECTION('',(0.,0.,1.));
#3126 = DIRECTION('',(1.,0.,-0.));
#3127 = DEFINITIONAL_REPRESENTATION('',(#3128),#3132);
#3128 = LINE('',#3129,#3130);
#3129 = CARTESIAN_POINT('',(0.,0.));
#3130 = VECTOR('',#3131,1.);
#3131 = DIRECTION('',(0.,1.));
#3132 = ( GEOMETRIC_REPRESENTATION_CONTEXT(2) 
PARAMETRIC_REPRESENTATION_CONTEXT() REPRESENTATION_CONTEXT('2D SPACE',''
  ) );
#3133 = ORIENTED_EDGE('',*,*,#3134,.T.);
#3134 = EDGE_CURVE('',#3107,#3135,#3137,.T.);
#3135 = VERTEX_POINT('',#3136);
#3136 = CARTESIAN_POINT('',(-3.25E-02,9.5E-03,3.35E-02));
#3137 = SURFACE_CURVE('',#3138,(#3142,#3149),.PCURVE_S1.);
#3138 = LINE('',#3139,#3140);
#3139 = CARTESIAN_POINT('',(-3.25E-02,9.5E-03,-3.35E-02));
#3140 = VECTOR('',#3141,1.);
#3141 = DIRECTION('',(0.,0.,1.));
#3142 = PCURVE('',#3082,#3143);
#3143 = DEFINITIONAL_REPRESENTATION('',(#3144),#3148);
#3144 = LINE('',#3145,#3146);
#3145 = CARTESIAN_POINT('',(0.,-1.9E-02));
#3146 = VECTOR('',#3147,1.);
#3147 = DIRECTION('',(1.,0.));
#3148 = ( GEOMETRIC_REPRESENTATION_CONTEXT(2) 
PARAMETRIC_REPRESENTATION_CONTEXT() REPRESENTATION_CONTEXT('2D SPACE',''
  ) );
#3149 = PCURVE('',#3150,#3155);
#3150 = PLANE('',#3151);
#3151 = AXIS2_PLACEMENT_3D('',#3152,#3153,#3154);
#3152 = CARTESIAN_POINT('',(-3.25E-02,9.5E-03,-3.35E-02));
#3153 = DIRECTION('',(-0.,1.,0.));
#3154 = DIRECTION('',(0.,0.,1.));
#3155 = DEFINITIONAL_REPRESENTATION('',(#3156),#3160);
#3156 = LINE('',#3157,#3158);
#3157 = CARTESIAN_POINT('',(0.,0.));
#3158 = VECTOR('',#3159,1.);
#3159 = DIRECTION('',(1.,0.));
#3160 = ( GEOMETRIC_REPRESENTATION_CONTEXT(2) 
PARAMETRIC_REPRESENTATION_CONTEXT() REPRESENTATION_CONTEXT('2D SPACE',''
  ) );
#3161 = ORIENTED_EDGE('',*,*,#3162,.F.);
#3162 = EDGE_CURVE('',#3074,#3135,#3163,.T.);
#3163 = SURFACE_CURVE('',#3164,(#3168,#3175),.PCURVE_S1.);
#3164 = LINE('',#3165,#3166);
#3165 = CARTESIAN_POINT('',(-3.25E-02,-9.5E-03,3.35E-02));
#3166 = VECTOR('',#3167,1.);
#3167 = DIRECTION('',(-0.,1.,0.));
#3168 = PCURVE('',#3082,#3169);
#3169 = DEFINITIONAL_REPRESENTATION('',(#3170),#3174);
#3170 = LINE('',#3171,#3172);
#3171 = CARTESIAN_POINT('',(6.7E-02,0.));
#3172 = VECTOR('',#3173,1.);
#3173 = DIRECTION('',(0.,-1.));
#3174 = ( GEOMETRIC_REPRESENTATION_CONTEXT(2) 
PARAMETRIC_REPRESENTATION_CONTEXT() REPRESENTATION_CONTEXT('2D SPACE',''
  ) );
#3175 = PCURVE('',#3176,#3181);
#3176 = PLANE('',#3177);
#3177 = AXIS2_PLACEMENT_3D('',#3178,#3179,#3180);
#3178 = CARTESIAN_POINT('',(-3.25E-02,-9.5E-03,3.35E-02));
#3179 = DIRECTION('',(0.,0.,1.));
#3180 = DIRECTION('',(1.,0.,-0.));
#3181 = DEFINITIONAL_REPRESENTATION('',(#3182),#3186);
#3182 = LINE('',#3183,#3184);
#3183 = CARTESIAN_POINT('',(0.,0.));
#3184 = VECTOR('',#3185,1.);
#3185 = DIRECTION('',(0.,1.));
#3186 = ( GEOMETRIC_REPRESENTATION_CONTEXT(2) 
PARAMETRIC_REPRESENTATION_CONTEXT() REPRESENTATION_CONTEXT('2D SPACE',''
  ) );
#3187 = ADVANCED_FACE('',(#3188),#3094,.F.);
#3188 = FACE_BOUND('',#3189,.F.);
#3189 = EDGE_LOOP('',(#3190,#3220,#3248,#3276,#3304,#3332,#3360,#3388,
    #3416,#3444,#3465,#3466));
#3190 = ORIENTED_EDGE('',*,*,#3191,.F.);
#3191 = EDGE_CURVE('',#3192,#3194,#3196,.T.);
#3192 = VERTEX_POINT('',#3193);
#3193 = CARTESIAN_POINT('',(3.25E-02,-9.5E-03,1.E-03));
#3194 = VERTEX_POINT('',#3195);
#3195 = CARTESIAN_POINT('',(3.25E-02,-9.5E-03,3.35E-02));
#3196 = SURFACE_CURVE('',#3197,(#3201,#3208),.PCURVE_S1.);
#3197 = LINE('',#3198,#3199);
#3198 = CARTESIAN_POINT('',(3.25E-02,-9.5E-03,-3.35E-02));
#3199 = VECTOR('',#3200,1.);
#3200 = DIRECTION('',(0.,0.,1.));
#3201 = PCURVE('',#3094,#3202);
#3202 = DEFINITIONAL_REPRESENTATION('',(#3203),#3207);
#3203 = LINE('',#3204,#3205);
#3204 = CARTESIAN_POINT('',(0.,6.5E-02));
#3205 = VECTOR('',#3206,1.);
#3206 = DIRECTION('',(1.,0.));
#3207 = ( GEOMETRIC_REPRESENTATION_CONTEXT(2) 
PARAMETRIC_REPRESENTATION_CONTEXT() REPRESENTATION_CONTEXT('2D SPACE',''
  ) );
#3208 = PCURVE('',#3209,#3214);
#3209 = PLANE('',#3210);
#3210 = AXIS2_PLACEMENT_3D('',#3211,#3212,#3213);
#3211 = CARTESIAN_POINT('',(3.25E-02,-9.5E-03,-3.35E-02));
#3212 = DIRECTION('',(1.,0.,-0.));
#3213 = DIRECTION('',(0.,0.,1.));
#3214 = DEFINITIONAL_REPRESENTATION('',(#3215),#3219);
#3215 = LINE('',#3216,#3217);
#3216 = CARTESIAN_POINT('',(0.,0.));
#3217 = VECTOR('',#3218,1.);
#3218 = DIRECTION('',(1.,0.));
#3219 = ( GEOMETRIC_REPRESENTATION_CONTEXT(2) 
PARAMETRIC_REPRESENTATION_CONTEXT() REPRESENTATION_CONTEXT('2D SPACE',''
  ) );
#3220 = ORIENTED_EDGE('',*,*,#3221,.F.);
#3221 = EDGE_CURVE('',#3222,#3192,#3224,.T.);
#3222 = VERTEX_POINT('',#3223);
#3223 = CARTESIAN_POINT('',(2.45E-02,-9.5E-03,1.E-03));
#3224 = SURFACE_CURVE('',#3225,(#3229,#3236),.PCURVE_S1.);
#3225 = LINE('',#3226,#3227);
#3226 = CARTESIAN_POINT('',(-3.25E-02,-9.5E-03,1.E-03));
#3227 = VECTOR('',#3228,1.);
#3228 = DIRECTION('',(1.,0.,-0.));
#3229 = PCURVE('',#3094,#3230);
#3230 = DEFINITIONAL_REPRESENTATION('',(#3231),#3235);
#3231 = LINE('',#3232,#3233);
#3232 = CARTESIAN_POINT('',(3.45E-02,0.));
#3233 = VECTOR('',#3234,1.);
#3234 = DIRECTION('',(0.,1.));
#3235 = ( GEOMETRIC_REPRESENTATION_CONTEXT(2) 
PARAMETRIC_REPRESENTATION_CONTEXT() REPRESENTATION_CONTEXT('2D SPACE',''
  ) );
#3236 = PCURVE('',#3237,#3242);
#3237 = PLANE('',#3238);
#3238 = AXIS2_PLACEMENT_3D('',#3239,#3240,#3241);
#3239 = CARTESIAN_POINT('',(-3.25E-02,-9.5E-03,1.E-03));
#3240 = DIRECTION('',(0.,0.,1.));
#3241 = DIRECTION('',(1.,0.,-0.));
#3242 = DEFINITIONAL_REPRESENTATION('',(#3243),#3247);
#3243 = LINE('',#3244,#3245);
#3244 = CARTESIAN_POINT('',(0.,0.));
#3245 = VECTOR('',#3246,1.);
#3246 = DIRECTION('',(1.,0.));
#3247 = ( GEOMETRIC_REPRESENTATION_CONTEXT(2) 
PARAMETRIC_REPRESENTATION_CONTEXT() REPRESENTATION_CONTEXT('2D SPACE',''
  ) );
#3248 = ORIENTED_EDGE('',*,*,#3249,.T.);
#3249 = EDGE_CURVE('',#3222,#3250,#3252,.T.);
#3250 = VERTEX_POINT('',#3251);
#3251 = CARTESIAN_POINT('',(2.45E-02,-9.5E-03,2.35E-02));
#3252 = SURFACE_CURVE('',#3253,(#3257,#3264),.PCURVE_S1.);
#3253 = LINE('',#3254,#3255);
#3254 = CARTESIAN_POINT('',(2.45E-02,-9.5E-03,-2.35E-02));
#3255 = VECTOR('',#3256,1.);
#3256 = DIRECTION('',(0.,0.,1.));
#3257 = PCURVE('',#3094,#3258);
#3258 = DEFINITIONAL_REPRESENTATION('',(#3259),#3263);
#3259 = LINE('',#3260,#3261);
#3260 = CARTESIAN_POINT('',(1.E-02,5.7E-02));
#3261 = VECTOR('',#3262,1.);
#3262 = DIRECTION('',(1.,0.));
#3263 = ( GEOMETRIC_REPRESENTATION_CONTEXT(2) 
PARAMETRIC_REPRESENTATION_CONTEXT() REPRESENTATION_CONTEXT('2D SPACE',''
  ) );
#3264 = PCURVE('',#3265,#3270);
#3265 = PLANE('',#3266);
#3266 = AXIS2_PLACEMENT_3D('',#3267,#3268,#3269);
#3267 = CARTESIAN_POINT('',(2.45E-02,-9.5E-03,-2.35E-02));
#3268 = DIRECTION('',(1.,0.,-0.));
#3269 = DIRECTION('',(0.,0.,1.));
#3270 = DEFINITIONAL_REPRESENTATION('',(#3271),#3275);
#3271 = LINE('',#3272,#3273);
#3272 = CARTESIAN_POINT('',(0.,0.));
#3273 = VECTOR('',#3274,1.);
#3274 = DIRECTION('',(1.,0.));
#3275 = ( GEOMETRIC_REPRESENTATION_CONTEXT(2) 
PARAMETRIC_REPRESENTATION_CONTEXT() REPRESENTATION_CONTEXT('2D SPACE',''
  ) );
#3276 = ORIENTED_EDGE('',*,*,#3277,.F.);
#3277 = EDGE_CURVE('',#3278,#3250,#3280,.T.);
#3278 = VERTEX_POINT('',#3279);
#3279 = CARTESIAN_POINT('',(9.5E-03,-9.5E-03,2.35E-02));
#3280 = SURFACE_CURVE('',#3281,(#3285,#3292),.PCURVE_S1.);
#3281 = LINE('',#3282,#3283);
#3282 = CARTESIAN_POINT('',(9.5E-03,-9.5E-03,2.35E-02));
#3283 = VECTOR('',#3284,1.);
#3284 = DIRECTION('',(1.,0.,-0.));
#3285 = PCURVE('',#3094,#3286);
#3286 = DEFINITIONAL_REPRESENTATION('',(#3287),#3291);
#3287 = LINE('',#3288,#3289);
#3288 = CARTESIAN_POINT('',(5.7E-02,4.2E-02));
#3289 = VECTOR('',#3290,1.);
#3290 = DIRECTION('',(0.,1.));
#3291 = ( GEOMETRIC_REPRESENTATION_CONTEXT(2) 
PARAMETRIC_REPRESENTATION_CONTEXT() REPRESENTATION_CONTEXT('2D SPACE',''
  ) );
#3292 = PCURVE('',#3293,#3298);
#3293 = PLANE('',#3294);
#3294 = AXIS2_PLACEMENT_3D('',#3295,#3296,#3297);
#3295 = CARTESIAN_POINT('',(9.5E-03,-9.5E-03,2.35E-02));
#3296 = DIRECTION('',(0.,0.,1.));
#3297 = DIRECTION('',(1.,0.,-0.));
#3298 = DEFINITIONAL_REPRESENTATION('',(#3299),#3303);
#3299 = LINE('',#3300,#3301);
#3300 = CARTESIAN_POINT('',(0.,0.));
#3301 = VECTOR('',#3302,1.);
#3302 = DIRECTION('',(1.,0.));
#3303 = ( GEOMETRIC_REPRESENTATION_CONTEXT(2) 
PARAMETRIC_REPRESENTATION_CONTEXT() REPRESENTATION_CONTEXT('2D SPACE',''
  ) );
#3304 = ORIENTED_EDGE('',*,*,#3305,.F.);
#3305 = EDGE_CURVE('',#3306,#3278,#3308,.T.);
#3306 = VERTEX_POINT('',#3307);
#3307 = CARTESIAN_POINT('',(9.5E-03,-9.5E-03,1.E-03));
#3308 = SURFACE_CURVE('',#3309,(#3313,#3320),.PCURVE_S1.);
#3309 = LINE('',#3310,#3311);
#3310 = CARTESIAN_POINT('',(9.5E-03,-9.5E-03,-2.35E-02));
#3311 = VECTOR('',#3312,1.);
#3312 = DIRECTION('',(0.,0.,1.));
#3313 = PCURVE('',#3094,#3314);
#3314 = DEFINITIONAL_REPRESENTATION('',(#3315),#3319);
#3315 = LINE('',#3316,#3317);
#3316 = CARTESIAN_POINT('',(1.E-02,4.2E-02));
#3317 = VECTOR('',#3318,1.);
#3318 = DIRECTION('',(1.,0.));
#3319 = ( GEOMETRIC_REPRESENTATION_CONTEXT(2) 
PARAMETRIC_REPRESENTATION_CONTEXT() REPRESENTATION_CONTEXT('2D SPACE',''
  ) );
#3320 = PCURVE('',#3321,#3326);
#3321 = PLANE('',#3322);
#3322 = AXIS2_PLACEMENT_3D('',#3323,#3324,#3325);
#3323 = CARTESIAN_POINT('',(9.5E-03,-9.5E-03,-2.35E-02));
#3324 = DIRECTION('',(1.,0.,-0.));
#3325 = DIRECTION('',(0.,0.,1.));
#3326 = DEFINITIONAL_REPRESENTATION('',(#3327),#3331);
#3327 = LINE('',#3328,#3329);
#3328 = CARTESIAN_POINT('',(0.,0.));
#3329 = VECTOR('',#3330,1.);
#3330 = DIRECTION('',(1.,0.));
#3331 = ( GEOMETRIC_REPRESENTATION_CONTEXT(2) 
PARAMETRIC_REPRESENTATION_CONTEXT() REPRESENTATION_CONTEXT('2D SPACE',''
  ) );
#3332 = ORIENTED_EDGE('',*,*,#3333,.F.);
#3333 = EDGE_CURVE('',#3334,#3306,#3336,.T.);
#3334 = VERTEX_POINT('',#3335);
#3335 = CARTESIAN_POINT('',(-9.5E-03,-9.5E-03,1.E-03));
#3336 = SURFACE_CURVE('',#3337,(#3341,#3348),.PCURVE_S1.);
#3337 = LINE('',#3338,#3339);
#3338 = CARTESIAN_POINT('',(-3.25E-02,-9.5E-03,1.E-03));
#3339 = VECTOR('',#3340,1.);
#3340 = DIRECTION('',(1.,0.,-0.));
#3341 = PCURVE('',#3094,#3342);
#3342 = DEFINITIONAL_REPRESENTATION('',(#3343),#3347);
#3343 = LINE('',#3344,#3345);
#3344 = CARTESIAN_POINT('',(3.45E-02,0.));
#3345 = VECTOR('',#3346,1.);
#3346 = DIRECTION('',(0.,1.));
#3347 = ( GEOMETRIC_REPRESENTATION_CONTEXT(2) 
PARAMETRIC_REPRESENTATION_CONTEXT() REPRESENTATION_CONTEXT('2D SPACE',''
  ) );
#3348 = PCURVE('',#3349,#3354);
#3349 = PLANE('',#3350);
#3350 = AXIS2_PLACEMENT_3D('',#3351,#3352,#3353);
#3351 = CARTESIAN_POINT('',(-3.25E-02,-9.5E-03,1.E-03));
#3352 = DIRECTION('',(0.,0.,1.));
#3353 = DIRECTION('',(1.,0.,-0.));
#3354 = DEFINITIONAL_REPRESENTATION('',(#3355),#3359);
#3355 = LINE('',#3356,#3357);
#3356 = CARTESIAN_POINT('',(0.,0.));
#3357 = VECTOR('',#3358,1.);
#3358 = DIRECTION('',(1.,0.));
#3359 = ( GEOMETRIC_REPRESENTATION_CONTEXT(2) 
PARAMETRIC_REPRESENTATION_CONTEXT() REPRESENTATION_CONTEXT('2D SPACE',''
  ) );
#3360 = ORIENTED_EDGE('',*,*,#3361,.T.);
#3361 = EDGE_CURVE('',#3334,#3362,#3364,.T.);
#3362 = VERTEX_POINT('',#3363);
#3363 = CARTESIAN_POINT('',(-9.5E-03,-9.5E-03,2.35E-02));
#3364 = SURFACE_CURVE('',#3365,(#3369,#3376),.PCURVE_S1.);
#3365 = LINE('',#3366,#3367);
#3366 = CARTESIAN_POINT('',(-9.5E-03,-9.5E-03,-2.35E-02));
#3367 = VECTOR('',#3368,1.);
#3368 = DIRECTION('',(0.,0.,1.));
#3369 = PCURVE('',#3094,#3370);
#3370 = DEFINITIONAL_REPRESENTATION('',(#3371),#3375);
#3371 = LINE('',#3372,#3373);
#3372 = CARTESIAN_POINT('',(1.E-02,2.3E-02));
#3373 = VECTOR('',#3374,1.);
#3374 = DIRECTION('',(1.,0.));
#3375 = ( GEOMETRIC_REPRESENTATION_CONTEXT(2) 
PARAMETRIC_REPRESENTATION_CONTEXT() REPRESENTATION_CONTEXT('2D SPACE',''
  ) );
#3376 = PCURVE('',#3377,#3382);
#3377 = PLANE('',#3378);
#3378 = AXIS2_PLACEMENT_3D('',#3379,#3380,#3381);
#3379 = CARTESIAN_POINT('',(-9.5E-03,-9.5E-03,-2.35E-02));
#3380 = DIRECTION('',(1.,0.,-0.));
#3381 = DIRECTION('',(0.,0.,1.));
#3382 = DEFINITIONAL_REPRESENTATION('',(#3383),#3387);
#3383 = LINE('',#3384,#3385);
#3384 = CARTESIAN_POINT('',(0.,0.));
#3385 = VECTOR('',#3386,1.);
#3386 = DIRECTION('',(1.,0.));
#3387 = ( GEOMETRIC_REPRESENTATION_CONTEXT(2) 
PARAMETRIC_REPRESENTATION_CONTEXT() REPRESENTATION_CONTEXT('2D SPACE',''
  ) );
#3388 = ORIENTED_EDGE('',*,*,#3389,.F.);
#3389 = EDGE_CURVE('',#3390,#3362,#3392,.T.);
#3390 = VERTEX_POINT('',#3391);
#3391 = CARTESIAN_POINT('',(-2.45E-02,-9.5E-03,2.35E-02));
#3392 = SURFACE_CURVE('',#3393,(#3397,#3404),.PCURVE_S1.);
#3393 = LINE('',#3394,#3395);
#3394 = CARTESIAN_POINT('',(-2.45E-02,-9.5E-03,2.35E-02));
#3395 = VECTOR('',#3396,1.);
#3396 = DIRECTION('',(1.,0.,-0.));
#3397 = PCURVE('',#3094,#3398);
#3398 = DEFINITIONAL_REPRESENTATION('',(#3399),#3403);
#3399 = LINE('',#3400,#3401);
#3400 = CARTESIAN_POINT('',(5.7E-02,8.E-03));
#3401 = VECTOR('',#3402,1.);
#3402 = DIRECTION('',(0.,1.));
#3403 = ( GEOMETRIC_REPRESENTATION_CONTEXT(2) 
PARAMETRIC_REPRESENTATION_CONTEXT() REPRESENTATION_CONTEXT('2D SPACE',''
  ) );
#3404 = PCURVE('',#3405,#3410);
#3405 = PLANE('',#3406);
#3406 = AXIS2_PLACEMENT_3D('',#3407,#3408,#3409);
#3407 = CARTESIAN_POINT('',(-2.45E-02,-9.5E-03,2.35E-02));
#3408 = DIRECTION('',(0.,0.,1.));
#3409 = DIRECTION('',(1.,0.,-0.));
#3410 = DEFINITIONAL_REPRESENTATION('',(#3411),#3415);
#3411 = LINE('',#3412,#3413);
#3412 = CARTESIAN_POINT('',(0.,0.));
#3413 = VECTOR('',#3414,1.);
#3414 = DIRECTION('',(1.,0.));
#3415 = ( GEOMETRIC_REPRESENTATION_CONTEXT(2) 
PARAMETRIC_REPRESENTATION_CONTEXT() REPRESENTATION_CONTEXT('2D SPACE',''
  ) );
#3416 = ORIENTED_EDGE('',*,*,#3417,.F.);
#3417 = EDGE_CURVE('',#3418,#3390,#3420,.T.);
#3418 = VERTEX_POINT('',#3419);
#3419 = CARTESIAN_POINT('',(-2.45E-02,-9.5E-03,1.E-03));
#3420 = SURFACE_CURVE('',#3421,(#3425,#3432),.PCURVE_S1.);
#3421 = LINE('',#3422,#3423);
#3422 = CARTESIAN_POINT('',(-2.45E-02,-9.5E-03,-2.35E-02));
#3423 = VECTOR('',#3424,1.);
#3424 = DIRECTION('',(0.,0.,1.));
#3425 = PCURVE('',#3094,#3426);
#3426 = DEFINITIONAL_REPRESENTATION('',(#3427),#3431);
#3427 = LINE('',#3428,#3429);
#3428 = CARTESIAN_POINT('',(1.E-02,8.E-03));
#3429 = VECTOR('',#3430,1.);
#3430 = DIRECTION('',(1.,0.));
#3431 = ( GEOMETRIC_REPRESENTATION_CONTEXT(2) 
PARAMETRIC_REPRESENTATION_CONTEXT() REPRESENTATION_CONTEXT('2D SPACE',''
  ) );
#3432 = PCURVE('',#3433,#3438);
#3433 = PLANE('',#3434);
#3434 = AXIS2_PLACEMENT_3D('',#3435,#3436,#3437);
#3435 = CARTESIAN_POINT('',(-2.45E-02,-9.5E-03,-2.35E-02));
#3436 = DIRECTION('',(1.,0.,-0.));
#3437 = DIRECTION('',(0.,0.,1.));
#3438 = DEFINITIONAL_REPRESENTATION('',(#3439),#3443);
#3439 = LINE('',#3440,#3441);
#3440 = CARTESIAN_POINT('',(0.,0.));
#3441 = VECTOR('',#3442,1.);
#3442 = DIRECTION('',(1.,0.));
#3443 = ( GEOMETRIC_REPRESENTATION_CONTEXT(2) 
PARAMETRIC_REPRESENTATION_CONTEXT() REPRESENTATION_CONTEXT('2D SPACE',''
  ) );
#3444 = ORIENTED_EDGE('',*,*,#3445,.F.);
#3445 = EDGE_CURVE('',#3072,#3418,#3446,.T.);
#3446 = SURFACE_CURVE('',#3447,(#3451,#3458),.PCURVE_S1.);
#3447 = LINE('',#3448,#3449);
#3448 = CARTESIAN_POINT('',(-3.25E-02,-9.5E-03,1.E-03));
#3449 = VECTOR('',#3450,1.);
#3450 = DIRECTION('',(1.,0.,-0.));
#3451 = PCURVE('',#3094,#3452);
#3452 = DEFINITIONAL_REPRESENTATION('',(#3453),#3457);
#3453 = LINE('',#3454,#3455);
#3454 = CARTESIAN_POINT('',(3.45E-02,0.));
#3455 = VECTOR('',#3456,1.);
#3456 = DIRECTION('',(0.,1.));
#3457 = ( GEOMETRIC_REPRESENTATION_CONTEXT(2) 
PARAMETRIC_REPRESENTATION_CONTEXT() REPRESENTATION_CONTEXT('2D SPACE',''
  ) );
#3458 = PCURVE('',#3122,#3459);
#3459 = DEFINITIONAL_REPRESENTATION('',(#3460),#3464);
#3460 = LINE('',#3461,#3462);
#3461 = CARTESIAN_POINT('',(0.,0.));
#3462 = VECTOR('',#3463,1.);
#3463 = DIRECTION('',(1.,0.));
#3464 = ( GEOMETRIC_REPRESENTATION_CONTEXT(2) 
PARAMETRIC_REPRESENTATION_CONTEXT() REPRESENTATION_CONTEXT('2D SPACE',''
  ) );
#3465 = ORIENTED_EDGE('',*,*,#3071,.T.);
#3466 = ORIENTED_EDGE('',*,*,#3467,.T.);
#3467 = EDGE_CURVE('',#3074,#3194,#3468,.T.);
#3468 = SURFACE_CURVE('',#3469,(#3473,#3480),.PCURVE_S1.);
#3469 = LINE('',#3470,#3471);
#3470 = CARTESIAN_POINT('',(-3.25E-02,-9.5E-03,3.35E-02));
#3471 = VECTOR('',#3472,1.);
#3472 = DIRECTION('',(1.,0.,-0.));
#3473 = PCURVE('',#3094,#3474);
#3474 = DEFINITIONAL_REPRESENTATION('',(#3475),#3479);
#3475 = LINE('',#3476,#3477);
#3476 = CARTESIAN_POINT('',(6.7E-02,0.));
#3477 = VECTOR('',#3478,1.);
#3478 = DIRECTION('',(0.,1.));
#3479 = ( GEOMETRIC_REPRESENTATION_CONTEXT(2) 
PARAMETRIC_REPRESENTATION_CONTEXT() REPRESENTATION_CONTEXT('2D SPACE',''
  ) );
#3480 = PCURVE('',#3176,#3481);
#3481 = DEFINITIONAL_REPRESENTATION('',(#3482),#3486);
#3482 = LINE('',#3483,#3484);
#3483 = CARTESIAN_POINT('',(0.,0.));
#3484 = VECTOR('',#3485,1.);
#3485 = DIRECTION('',(1.,0.));
#3486 = ( GEOMETRIC_REPRESENTATION_CONTEXT(2) 
PARAMETRIC_REPRESENTATION_CONTEXT() REPRESENTATION_CONTEXT('2D SPACE',''
  ) );
#3487 = ADVANCED_FACE('',(#3488),#3176,.T.);
#3488 = FACE_BOUND('',#3489,.T.);
#3489 = EDGE_LOOP('',(#3490,#3491,#3492,#3515));
#3490 = ORIENTED_EDGE('',*,*,#3162,.F.);
#3491 = ORIENTED_EDGE('',*,*,#3467,.T.);
#3492 = ORIENTED_EDGE('',*,*,#3493,.T.);
#3493 = EDGE_CURVE('',#3194,#3494,#3496,.T.);
#3494 = VERTEX_POINT('',#3495);
#3495 = CARTESIAN_POINT('',(3.25E-02,9.5E-03,3.35E-02));
#3496 = SURFACE_CURVE('',#3497,(#3501,#3508),.PCURVE_S1.);
#3497 = LINE('',#3498,#3499);
#3498 = CARTESIAN_POINT('',(3.25E-02,-9.5E-03,3.35E-02));
#3499 = VECTOR('',#3500,1.);
#3500 = DIRECTION('',(-0.,1.,0.));
#3501 = PCURVE('',#3176,#3502);
#3502 = DEFINITIONAL_REPRESENTATION('',(#3503),#3507);
#3503 = LINE('',#3504,#3505);
#3504 = CARTESIAN_POINT('',(6.5E-02,0.));
#3505 = VECTOR('',#3506,1.);
#3506 = DIRECTION('',(0.,1.));
#3507 = ( GEOMETRIC_REPRESENTATION_CONTEXT(2) 
PARAMETRIC_REPRESENTATION_CONTEXT() REPRESENTATION_CONTEXT('2D SPACE',''
  ) );
#3508 = PCURVE('',#3209,#3509);
#3509 = DEFINITIONAL_REPRESENTATION('',(#3510),#3514);
#3510 = LINE('',#3511,#3512);
#3511 = CARTESIAN_POINT('',(6.7E-02,0.));
#3512 = VECTOR('',#3513,1.);
#3513 = DIRECTION('',(0.,-1.));
#3514 = ( GEOMETRIC_REPRESENTATION_CONTEXT(2) 
PARAMETRIC_REPRESENTATION_CONTEXT() REPRESENTATION_CONTEXT('2D SPACE',''
  ) );
#3515 = ORIENTED_EDGE('',*,*,#3516,.F.);
#3516 = EDGE_CURVE('',#3135,#3494,#3517,.T.);
#3517 = SURFACE_CURVE('',#3518,(#3522,#3529),.PCURVE_S1.);
#3518 = LINE('',#3519,#3520);
#3519 = CARTESIAN_POINT('',(-3.25E-02,9.5E-03,3.35E-02));
#3520 = VECTOR('',#3521,1.);
#3521 = DIRECTION('',(1.,0.,-0.));
#3522 = PCURVE('',#3176,#3523);
#3523 = DEFINITIONAL_REPRESENTATION('',(#3524),#3528);
#3524 = LINE('',#3525,#3526);
#3525 = CARTESIAN_POINT('',(0.,1.9E-02));
#3526 = VECTOR('',#3527,1.);
#3527 = DIRECTION('',(1.,0.));
#3528 = ( GEOMETRIC_REPRESENTATION_CONTEXT(2) 
PARAMETRIC_REPRESENTATION_CONTEXT() REPRESENTATION_CONTEXT('2D SPACE',''
  ) );
#3529 = PCURVE('',#3150,#3530);
#3530 = DEFINITIONAL_REPRESENTATION('',(#3531),#3535);
#3531 = LINE('',#3532,#3533);
#3532 = CARTESIAN_POINT('',(6.7E-02,0.));
#3533 = VECTOR('',#3534,1.);
#3534 = DIRECTION('',(0.,1.));
#3535 = ( GEOMETRIC_REPRESENTATION_CONTEXT(2) 
PARAMETRIC_REPRESENTATION_CONTEXT() REPRESENTATION_CONTEXT('2D SPACE',''
  ) );
#3536 = ADVANCED_FACE('',(#3537),#3150,.T.);
#3537 = FACE_BOUND('',#3538,.T.);
#3538 = EDGE_LOOP('',(#3539,#3562,#3585,#3608,#3631,#3654,#3677,#3700,
    #3723,#3746,#3767,#3768));
#3539 = ORIENTED_EDGE('',*,*,#3540,.F.);
#3540 = EDGE_CURVE('',#3541,#3494,#3543,.T.);
#3541 = VERTEX_POINT('',#3542);
#3542 = CARTESIAN_POINT('',(3.25E-02,9.5E-03,1.E-03));
#3543 = SURFACE_CURVE('',#3544,(#3548,#3555),.PCURVE_S1.);
#3544 = LINE('',#3545,#3546);
#3545 = CARTESIAN_POINT('',(3.25E-02,9.5E-03,-3.35E-02));
#3546 = VECTOR('',#3547,1.);
#3547 = DIRECTION('',(0.,0.,1.));
#3548 = PCURVE('',#3150,#3549);
#3549 = DEFINITIONAL_REPRESENTATION('',(#3550),#3554);
#3550 = LINE('',#3551,#3552);
#3551 = CARTESIAN_POINT('',(0.,6.5E-02));
#3552 = VECTOR('',#3553,1.);
#3553 = DIRECTION('',(1.,0.));
#3554 = ( GEOMETRIC_REPRESENTATION_CONTEXT(2) 
PARAMETRIC_REPRESENTATION_CONTEXT() REPRESENTATION_CONTEXT('2D SPACE',''
  ) );
#3555 = PCURVE('',#3209,#3556);
#3556 = DEFINITIONAL_REPRESENTATION('',(#3557),#3561);
#3557 = LINE('',#3558,#3559);
#3558 = CARTESIAN_POINT('',(0.,-1.9E-02));
#3559 = VECTOR('',#3560,1.);
#3560 = DIRECTION('',(1.,0.));
#3561 = ( GEOMETRIC_REPRESENTATION_CONTEXT(2) 
PARAMETRIC_REPRESENTATION_CONTEXT() REPRESENTATION_CONTEXT('2D SPACE',''
  ) );
#3562 = ORIENTED_EDGE('',*,*,#3563,.F.);
#3563 = EDGE_CURVE('',#3564,#3541,#3566,.T.);
#3564 = VERTEX_POINT('',#3565);
#3565 = CARTESIAN_POINT('',(2.45E-02,9.5E-03,1.E-03));
#3566 = SURFACE_CURVE('',#3567,(#3571,#3578),.PCURVE_S1.);
#3567 = LINE('',#3568,#3569);
#3568 = CARTESIAN_POINT('',(-3.25E-02,9.5E-03,1.E-03));
#3569 = VECTOR('',#3570,1.);
#3570 = DIRECTION('',(1.,0.,-0.));
#3571 = PCURVE('',#3150,#3572);
#3572 = DEFINITIONAL_REPRESENTATION('',(#3573),#3577);
#3573 = LINE('',#3574,#3575);
#3574 = CARTESIAN_POINT('',(3.45E-02,0.));
#3575 = VECTOR('',#3576,1.);
#3576 = DIRECTION('',(0.,1.));
#3577 = ( GEOMETRIC_REPRESENTATION_CONTEXT(2) 
PARAMETRIC_REPRESENTATION_CONTEXT() REPRESENTATION_CONTEXT('2D SPACE',''
  ) );
#3578 = PCURVE('',#3237,#3579);
#3579 = DEFINITIONAL_REPRESENTATION('',(#3580),#3584);
#3580 = LINE('',#3581,#3582);
#3581 = CARTESIAN_POINT('',(0.,1.9E-02));
#3582 = VECTOR('',#3583,1.);
#3583 = DIRECTION('',(1.,0.));
#3584 = ( GEOMETRIC_REPRESENTATION_CONTEXT(2) 
PARAMETRIC_REPRESENTATION_CONTEXT() REPRESENTATION_CONTEXT('2D SPACE',''
  ) );
#3585 = ORIENTED_EDGE('',*,*,#3586,.T.);
#3586 = EDGE_CURVE('',#3564,#3587,#3589,.T.);
#3587 = VERTEX_POINT('',#3588);
#3588 = CARTESIAN_POINT('',(2.45E-02,9.5E-03,2.35E-02));
#3589 = SURFACE_CURVE('',#3590,(#3594,#3601),.PCURVE_S1.);
#3590 = LINE('',#3591,#3592);
#3591 = CARTESIAN_POINT('',(2.45E-02,9.5E-03,-2.35E-02));
#3592 = VECTOR('',#3593,1.);
#3593 = DIRECTION('',(0.,0.,1.));
#3594 = PCURVE('',#3150,#3595);
#3595 = DEFINITIONAL_REPRESENTATION('',(#3596),#3600);
#3596 = LINE('',#3597,#3598);
#3597 = CARTESIAN_POINT('',(1.E-02,5.7E-02));
#3598 = VECTOR('',#3599,1.);
#3599 = DIRECTION('',(1.,0.));
#3600 = ( GEOMETRIC_REPRESENTATION_CONTEXT(2) 
PARAMETRIC_REPRESENTATION_CONTEXT() REPRESENTATION_CONTEXT('2D SPACE',''
  ) );
#3601 = PCURVE('',#3265,#3602);
#3602 = DEFINITIONAL_REPRESENTATION('',(#3603),#3607);
#3603 = LINE('',#3604,#3605);
#3604 = CARTESIAN_POINT('',(0.,-1.9E-02));
#3605 = VECTOR('',#3606,1.);
#3606 = DIRECTION('',(1.,0.));
#3607 = ( GEOMETRIC_REPRESENTATION_CONTEXT(2) 
PARAMETRIC_REPRESENTATION_CONTEXT() REPRESENTATION_CONTEXT('2D SPACE',''
  ) );
#3608 = ORIENTED_EDGE('',*,*,#3609,.F.);
#3609 = EDGE_CURVE('',#3610,#3587,#3612,.T.);
#3610 = VERTEX_POINT('',#3611);
#3611 = CARTESIAN_POINT('',(9.5E-03,9.5E-03,2.35E-02));
#3612 = SURFACE_CURVE('',#3613,(#3617,#3624),.PCURVE_S1.);
#3613 = LINE('',#3614,#3615);
#3614 = CARTESIAN_POINT('',(9.5E-03,9.5E-03,2.35E-02));
#3615 = VECTOR('',#3616,1.);
#3616 = DIRECTION('',(1.,0.,-0.));
#3617 = PCURVE('',#3150,#3618);
#3618 = DEFINITIONAL_REPRESENTATION('',(#3619),#3623);
#3619 = LINE('',#3620,#3621);
#3620 = CARTESIAN_POINT('',(5.7E-02,4.2E-02));
#3621 = VECTOR('',#3622,1.);
#3622 = DIRECTION('',(0.,1.));
#3623 = ( GEOMETRIC_REPRESENTATION_CONTEXT(2) 
PARAMETRIC_REPRESENTATION_CONTEXT() REPRESENTATION_CONTEXT('2D SPACE',''
  ) );
#3624 = PCURVE('',#3293,#3625);
#3625 = DEFINITIONAL_REPRESENTATION('',(#3626),#3630);
#3626 = LINE('',#3627,#3628);
#3627 = CARTESIAN_POINT('',(0.,1.9E-02));
#3628 = VECTOR('',#3629,1.);
#3629 = DIRECTION('',(1.,0.));
#3630 = ( GEOMETRIC_REPRESENTATION_CONTEXT(2) 
PARAMETRIC_REPRESENTATION_CONTEXT() REPRESENTATION_CONTEXT('2D SPACE',''
  ) );
#3631 = ORIENTED_EDGE('',*,*,#3632,.F.);
#3632 = EDGE_CURVE('',#3633,#3610,#3635,.T.);
#3633 = VERTEX_POINT('',#3634);
#3634 = CARTESIAN_POINT('',(9.5E-03,9.5E-03,1.E-03));
#3635 = SURFACE_CURVE('',#3636,(#3640,#3647),.PCURVE_S1.);
#3636 = LINE('',#3637,#3638);
#3637 = CARTESIAN_POINT('',(9.5E-03,9.5E-03,-2.35E-02));
#3638 = VECTOR('',#3639,1.);
#3639 = DIRECTION('',(0.,0.,1.));
#3640 = PCURVE('',#3150,#3641);
#3641 = DEFINITIONAL_REPRESENTATION('',(#3642),#3646);
#3642 = LINE('',#3643,#3644);
#3643 = CARTESIAN_POINT('',(1.E-02,4.2E-02));
#3644 = VECTOR('',#3645,1.);
#3645 = DIRECTION('',(1.,0.));
#3646 = ( GEOMETRIC_REPRESENTATION_CONTEXT(2) 
PARAMETRIC_REPRESENTATION_CONTEXT() REPRESENTATION_CONTEXT('2D SPACE',''
  ) );
#3647 = PCURVE('',#3321,#3648);
#3648 = DEFINITIONAL_REPRESENTATION('',(#3649),#3653);
#3649 = LINE('',#3650,#3651);
#3650 = CARTESIAN_POINT('',(0.,-1.9E-02));
#3651 = VECTOR('',#3652,1.);
#3652 = DIRECTION('',(1.,0.));
#3653 = ( GEOMETRIC_REPRESENTATION_CONTEXT(2) 
PARAMETRIC_REPRESENTATION_CONTEXT() REPRESENTATION_CONTEXT('2D SPACE',''
  ) );
#3654 = ORIENTED_EDGE('',*,*,#3655,.F.);
#3655 = EDGE_CURVE('',#3656,#3633,#3658,.T.);
#3656 = VERTEX_POINT('',#3657);
#3657 = CARTESIAN_POINT('',(-9.5E-03,9.5E-03,1.E-03));
#3658 = SURFACE_CURVE('',#3659,(#3663,#3670),.PCURVE_S1.);
#3659 = LINE('',#3660,#3661);
#3660 = CARTESIAN_POINT('',(-3.25E-02,9.5E-03,1.E-03));
#3661 = VECTOR('',#3662,1.);
#3662 = DIRECTION('',(1.,0.,-0.));
#3663 = PCURVE('',#3150,#3664);
#3664 = DEFINITIONAL_REPRESENTATION('',(#3665),#3669);
#3665 = LINE('',#3666,#3667);
#3666 = CARTESIAN_POINT('',(3.45E-02,0.));
#3667 = VECTOR('',#3668,1.);
#3668 = DIRECTION('',(0.,1.));
#3669 = ( GEOMETRIC_REPRESENTATION_CONTEXT(2) 
PARAMETRIC_REPRESENTATION_CONTEXT() REPRESENTATION_CONTEXT('2D SPACE',''
  ) );
#3670 = PCURVE('',#3349,#3671);
#3671 = DEFINITIONAL_REPRESENTATION('',(#3672),#3676);
#3672 = LINE('',#3673,#3674);
#3673 = CARTESIAN_POINT('',(0.,1.9E-02));
#3674 = VECTOR('',#3675,1.);
#3675 = DIRECTION('',(1.,0.));
#3676 = ( GEOMETRIC_REPRESENTATION_CONTEXT(2) 
PARAMETRIC_REPRESENTATION_CONTEXT() REPRESENTATION_CONTEXT('2D SPACE',''
  ) );
#3677 = ORIENTED_EDGE('',*,*,#3678,.T.);
#3678 = EDGE_CURVE('',#3656,#3679,#3681,.T.);
#3679 = VERTEX_POINT('',#3680);
#3680 = CARTESIAN_POINT('',(-9.5E-03,9.5E-03,2.35E-02));
#3681 = SURFACE_CURVE('',#3682,(#3686,#3693),.PCURVE_S1.);
#3682 = LINE('',#3683,#3684);
#3683 = CARTESIAN_POINT('',(-9.5E-03,9.5E-03,-2.35E-02));
#3684 = VECTOR('',#3685,1.);
#3685 = DIRECTION('',(0.,0.,1.));
#3686 = PCURVE('',#3150,#3687);
#3687 = DEFINITIONAL_REPRESENTATION('',(#3688),#3692);
#3688 = LINE('',#3689,#3690);
#3689 = CARTESIAN_POINT('',(1.E-02,2.3E-02));
#3690 = VECTOR('',#3691,1.);
#3691 = DIRECTION('',(1.,0.));
#3692 = ( GEOMETRIC_REPRESENTATION_CONTEXT(2) 
PARAMETRIC_REPRESENTATION_CONTEXT() REPRESENTATION_CONTEXT('2D SPACE',''
  ) );
#3693 = PCURVE('',#3377,#3694);
#3694 = DEFINITIONAL_REPRESENTATION('',(#3695),#3699);
#3695 = LINE('',#3696,#3697);
#3696 = CARTESIAN_POINT('',(0.,-1.9E-02));
#3697 = VECTOR('',#3698,1.);
#3698 = DIRECTION('',(1.,0.));
#3699 = ( GEOMETRIC_REPRESENTATION_CONTEXT(2) 
PARAMETRIC_REPRESENTATION_CONTEXT() REPRESENTATION_CONTEXT('2D SPACE',''
  ) );
#3700 = ORIENTED_EDGE('',*,*,#3701,.F.);
#3701 = EDGE_CURVE('',#3702,#3679,#3704,.T.);
#3702 = VERTEX_POINT('',#3703);
#3703 = CARTESIAN_POINT('',(-2.45E-02,9.5E-03,2.35E-02));
#3704 = SURFACE_CURVE('',#3705,(#3709,#3716),.PCURVE_S1.);
#3705 = LINE('',#3706,#3707);
#3706 = CARTESIAN_POINT('',(-2.45E-02,9.5E-03,2.35E-02));
#3707 = VECTOR('',#3708,1.);
#3708 = DIRECTION('',(1.,0.,-0.));
#3709 = PCURVE('',#3150,#3710);
#3710 = DEFINITIONAL_REPRESENTATION('',(#3711),#3715);
#3711 = LINE('',#3712,#3713);
#3712 = CARTESIAN_POINT('',(5.7E-02,8.E-03));
#3713 = VECTOR('',#3714,1.);
#3714 = DIRECTION('',(0.,1.));
#3715 = ( GEOMETRIC_REPRESENTATION_CONTEXT(2) 
PARAMETRIC_REPRESENTATION_CONTEXT() REPRESENTATION_CONTEXT('2D SPACE',''
  ) );
#3716 = PCURVE('',#3405,#3717);
#3717 = DEFINITIONAL_REPRESENTATION('',(#3718),#3722);
#3718 = LINE('',#3719,#3720);
#3719 = CARTESIAN_POINT('',(0.,1.9E-02));
#3720 = VECTOR('',#3721,1.);
#3721 = DIRECTION('',(1.,0.));
#3722 = ( GEOMETRIC_REPRESENTATION_CONTEXT(2) 
PARAMETRIC_REPRESENTATION_CONTEXT() REPRESENTATION_CONTEXT('2D SPACE',''
  ) );
#3723 = ORIENTED_EDGE('',*,*,#3724,.F.);
#3724 = EDGE_CURVE('',#3725,#3702,#3727,.T.);
#3725 = VERTEX_POINT('',#3726);
#3726 = CARTESIAN_POINT('',(-2.45E-02,9.5E-03,1.E-03));
#3727 = SURFACE_CURVE('',#3728,(#3732,#3739),.PCURVE_S1.);
#3728 = LINE('',#3729,#3730);
#3729 = CARTESIAN_POINT('',(-2.45E-02,9.5E-03,-2.35E-02));
#3730 = VECTOR('',#3731,1.);
#3731 = DIRECTION('',(0.,0.,1.));
#3732 = PCURVE('',#3150,#3733);
#3733 = DEFINITIONAL_REPRESENTATION('',(#3734),#3738);
#3734 = LINE('',#3735,#3736);
#3735 = CARTESIAN_POINT('',(1.E-02,8.E-03));
#3736 = VECTOR('',#3737,1.);
#3737 = DIRECTION('',(1.,0.));
#3738 = ( GEOMETRIC_REPRESENTATION_CONTEXT(2) 
PARAMETRIC_REPRESENTATION_CONTEXT() REPRESENTATION_CONTEXT('2D SPACE',''
  ) );
#3739 = PCURVE('',#3433,#3740);
#3740 = DEFINITIONAL_REPRESENTATION('',(#3741),#3745);
#3741 = LINE('',#3742,#3743);
#3742 = CARTESIAN_POINT('',(0.,-1.9E-02));
#3743 = VECTOR('',#3744,1.);
#3744 = DIRECTION('',(1.,0.));
#3745 = ( GEOMETRIC_REPRESENTATION_CONTEXT(2) 
PARAMETRIC_REPRESENTATION_CONTEXT() REPRESENTATION_CONTEXT('2D SPACE',''
  ) );
#3746 = ORIENTED_EDGE('',*,*,#3747,.F.);
#3747 = EDGE_CURVE('',#3107,#3725,#3748,.T.);
#3748 = SURFACE_CURVE('',#3749,(#3753,#3760),.PCURVE_S1.);
#3749 = LINE('',#3750,#3751);
#3750 = CARTESIAN_POINT('',(-3.25E-02,9.5E-03,1.E-03));
#3751 = VECTOR('',#3752,1.);
#3752 = DIRECTION('',(1.,0.,-0.));
#3753 = PCURVE('',#3150,#3754);
#3754 = DEFINITIONAL_REPRESENTATION('',(#3755),#3759);
#3755 = LINE('',#3756,#3757);
#3756 = CARTESIAN_POINT('',(3.45E-02,0.));
#3757 = VECTOR('',#3758,1.);
#3758 = DIRECTION('',(0.,1.));
#3759 = ( GEOMETRIC_REPRESENTATION_CONTEXT(2) 
PARAMETRIC_REPRESENTATION_CONTEXT() REPRESENTATION_CONTEXT('2D SPACE',''
  ) );
#3760 = PCURVE('',#3122,#3761);
#3761 = DEFINITIONAL_REPRESENTATION('',(#3762),#3766);
#3762 = LINE('',#3763,#3764);
#3763 = CARTESIAN_POINT('',(0.,1.9E-02));
#3764 = VECTOR('',#3765,1.);
#3765 = DIRECTION('',(1.,0.));
#3766 = ( GEOMETRIC_REPRESENTATION_CONTEXT(2) 
PARAMETRIC_REPRESENTATION_CONTEXT() REPRESENTATION_CONTEXT('2D SPACE',''
  ) );
#3767 = ORIENTED_EDGE('',*,*,#3134,.T.);
#3768 = ORIENTED_EDGE('',*,*,#3516,.T.);
#3769 = ADVANCED_FACE('',(#3770),#3122,.F.);
#3770 = FACE_BOUND('',#3771,.F.);
#3771 = EDGE_LOOP('',(#3772,#3773,#3774,#3775));
#3772 = ORIENTED_EDGE('',*,*,#3747,.F.);
#3773 = ORIENTED_EDGE('',*,*,#3106,.F.);
#3774 = ORIENTED_EDGE('',*,*,#3445,.T.);
#3775 = ORIENTED_EDGE('',*,*,#3776,.F.);
#3776 = EDGE_CURVE('',#3725,#3418,#3777,.T.);
#3777 = SURFACE_CURVE('',#3778,(#3782,#3788),.PCURVE_S1.);
#3778 = LINE('',#3779,#3780);
#3779 = CARTESIAN_POINT('',(-2.45E-02,-9.5E-03,1.E-03));
#3780 = VECTOR('',#3781,1.);
#3781 = DIRECTION('',(0.,-1.,0.));
#3782 = PCURVE('',#3122,#3783);
#3783 = DEFINITIONAL_REPRESENTATION('',(#3784),#3787);
#3784 = B_SPLINE_CURVE_WITH_KNOTS('',1,(#3785,#3786),.UNSPECIFIED.,.F.,
  .F.,(2,2),(-1.9E-02,0.),.PIECEWISE_BEZIER_KNOTS.);
#3785 = CARTESIAN_POINT('',(8.E-03,1.9E-02));
#3786 = CARTESIAN_POINT('',(8.E-03,0.));
#3787 = ( GEOMETRIC_REPRESENTATION_CONTEXT(2) 
PARAMETRIC_REPRESENTATION_CONTEXT() REPRESENTATION_CONTEXT('2D SPACE',''
  ) );
#3788 = PCURVE('',#3433,#3789);
#3789 = DEFINITIONAL_REPRESENTATION('',(#3790),#3793);
#3790 = B_SPLINE_CURVE_WITH_KNOTS('',1,(#3791,#3792),.UNSPECIFIED.,.F.,
  .F.,(2,2),(-1.9E-02,0.),.PIECEWISE_BEZIER_KNOTS.);
#3791 = CARTESIAN_POINT('',(2.45E-02,-1.9E-02));
#3792 = CARTESIAN_POINT('',(2.45E-02,0.));
#3793 = ( GEOMETRIC_REPRESENTATION_CONTEXT(2) 
PARAMETRIC_REPRESENTATION_CONTEXT() REPRESENTATION_CONTEXT('2D SPACE',''
  ) );
#3794 = ADVANCED_FACE('',(#3795),#3209,.T.);
#3795 = FACE_BOUND('',#3796,.T.);
#3796 = EDGE_LOOP('',(#3797,#3798,#3819,#3820));
#3797 = ORIENTED_EDGE('',*,*,#3191,.F.);
#3798 = ORIENTED_EDGE('',*,*,#3799,.T.);
#3799 = EDGE_CURVE('',#3192,#3541,#3800,.T.);
#3800 = SURFACE_CURVE('',#3801,(#3805,#3812),.PCURVE_S1.);
#3801 = LINE('',#3802,#3803);
#3802 = CARTESIAN_POINT('',(3.25E-02,-9.5E-03,1.E-03));
#3803 = VECTOR('',#3804,1.);
#3804 = DIRECTION('',(-0.,1.,0.));
#3805 = PCURVE('',#3209,#3806);
#3806 = DEFINITIONAL_REPRESENTATION('',(#3807),#3811);
#3807 = LINE('',#3808,#3809);
#3808 = CARTESIAN_POINT('',(3.45E-02,0.));
#3809 = VECTOR('',#3810,1.);
#3810 = DIRECTION('',(0.,-1.));
#3811 = ( GEOMETRIC_REPRESENTATION_CONTEXT(2) 
PARAMETRIC_REPRESENTATION_CONTEXT() REPRESENTATION_CONTEXT('2D SPACE',''
  ) );
#3812 = PCURVE('',#3237,#3813);
#3813 = DEFINITIONAL_REPRESENTATION('',(#3814),#3818);
#3814 = LINE('',#3815,#3816);
#3815 = CARTESIAN_POINT('',(6.5E-02,0.));
#3816 = VECTOR('',#3817,1.);
#3817 = DIRECTION('',(0.,1.));
#3818 = ( GEOMETRIC_REPRESENTATION_CONTEXT(2) 
PARAMETRIC_REPRESENTATION_CONTEXT() REPRESENTATION_CONTEXT('2D SPACE',''
  ) );
#3819 = ORIENTED_EDGE('',*,*,#3540,.T.);
#3820 = ORIENTED_EDGE('',*,*,#3493,.F.);
#3821 = ADVANCED_FACE('',(#3822),#3433,.T.);
#3822 = FACE_BOUND('',#3823,.T.);
#3823 = EDGE_LOOP('',(#3824,#3825,#3826,#3827));
#3824 = ORIENTED_EDGE('',*,*,#3417,.F.);
#3825 = ORIENTED_EDGE('',*,*,#3776,.F.);
#3826 = ORIENTED_EDGE('',*,*,#3724,.T.);
#3827 = ORIENTED_EDGE('',*,*,#3828,.F.);
#3828 = EDGE_CURVE('',#3390,#3702,#3829,.T.);
#3829 = SURFACE_CURVE('',#3830,(#3834,#3841),.PCURVE_S1.);
#3830 = LINE('',#3831,#3832);
#3831 = CARTESIAN_POINT('',(-2.45E-02,-9.5E-03,2.35E-02));
#3832 = VECTOR('',#3833,1.);
#3833 = DIRECTION('',(-0.,1.,0.));
#3834 = PCURVE('',#3433,#3835);
#3835 = DEFINITIONAL_REPRESENTATION('',(#3836),#3840);
#3836 = LINE('',#3837,#3838);
#3837 = CARTESIAN_POINT('',(4.7E-02,0.));
#3838 = VECTOR('',#3839,1.);
#3839 = DIRECTION('',(0.,-1.));
#3840 = ( GEOMETRIC_REPRESENTATION_CONTEXT(2) 
PARAMETRIC_REPRESENTATION_CONTEXT() REPRESENTATION_CONTEXT('2D SPACE',''
  ) );
#3841 = PCURVE('',#3405,#3842);
#3842 = DEFINITIONAL_REPRESENTATION('',(#3843),#3847);
#3843 = LINE('',#3844,#3845);
#3844 = CARTESIAN_POINT('',(0.,0.));
#3845 = VECTOR('',#3846,1.);
#3846 = DIRECTION('',(0.,1.));
#3847 = ( GEOMETRIC_REPRESENTATION_CONTEXT(2) 
PARAMETRIC_REPRESENTATION_CONTEXT() REPRESENTATION_CONTEXT('2D SPACE',''
  ) );
#3848 = ADVANCED_FACE('',(#3849),#3405,.F.);
#3849 = FACE_BOUND('',#3850,.F.);
#3850 = EDGE_LOOP('',(#3851,#3852,#3853,#3874));
#3851 = ORIENTED_EDGE('',*,*,#3828,.F.);
#3852 = ORIENTED_EDGE('',*,*,#3389,.T.);
#3853 = ORIENTED_EDGE('',*,*,#3854,.T.);
#3854 = EDGE_CURVE('',#3362,#3679,#3855,.T.);
#3855 = SURFACE_CURVE('',#3856,(#3860,#3867),.PCURVE_S1.);
#3856 = LINE('',#3857,#3858);
#3857 = CARTESIAN_POINT('',(-9.5E-03,-9.5E-03,2.35E-02));
#3858 = VECTOR('',#3859,1.);
#3859 = DIRECTION('',(-0.,1.,0.));
#3860 = PCURVE('',#3405,#3861);
#3861 = DEFINITIONAL_REPRESENTATION('',(#3862),#3866);
#3862 = LINE('',#3863,#3864);
#3863 = CARTESIAN_POINT('',(1.5E-02,0.));
#3864 = VECTOR('',#3865,1.);
#3865 = DIRECTION('',(0.,1.));
#3866 = ( GEOMETRIC_REPRESENTATION_CONTEXT(2) 
PARAMETRIC_REPRESENTATION_CONTEXT() REPRESENTATION_CONTEXT('2D SPACE',''
  ) );
#3867 = PCURVE('',#3377,#3868);
#3868 = DEFINITIONAL_REPRESENTATION('',(#3869),#3873);
#3869 = LINE('',#3870,#3871);
#3870 = CARTESIAN_POINT('',(4.7E-02,0.));
#3871 = VECTOR('',#3872,1.);
#3872 = DIRECTION('',(0.,-1.));
#3873 = ( GEOMETRIC_REPRESENTATION_CONTEXT(2) 
PARAMETRIC_REPRESENTATION_CONTEXT() REPRESENTATION_CONTEXT('2D SPACE',''
  ) );
#3874 = ORIENTED_EDGE('',*,*,#3701,.F.);
#3875 = ADVANCED_FACE('',(#3876),#3377,.F.);
#3876 = FACE_BOUND('',#3877,.F.);
#3877 = EDGE_LOOP('',(#3878,#3879,#3898,#3899));
#3878 = ORIENTED_EDGE('',*,*,#3361,.F.);
#3879 = ORIENTED_EDGE('',*,*,#3880,.F.);
#3880 = EDGE_CURVE('',#3656,#3334,#3881,.T.);
#3881 = SURFACE_CURVE('',#3882,(#3886,#3892),.PCURVE_S1.);
#3882 = LINE('',#3883,#3884);
#3883 = CARTESIAN_POINT('',(-9.5E-03,-9.5E-03,1.E-03));
#3884 = VECTOR('',#3885,1.);
#3885 = DIRECTION('',(0.,-1.,0.));
#3886 = PCURVE('',#3377,#3887);
#3887 = DEFINITIONAL_REPRESENTATION('',(#3888),#3891);
#3888 = B_SPLINE_CURVE_WITH_KNOTS('',1,(#3889,#3890),.UNSPECIFIED.,.F.,
  .F.,(2,2),(-1.9E-02,0.),.PIECEWISE_BEZIER_KNOTS.);
#3889 = CARTESIAN_POINT('',(2.45E-02,-1.9E-02));
#3890 = CARTESIAN_POINT('',(2.45E-02,0.));
#3891 = ( GEOMETRIC_REPRESENTATION_CONTEXT(2) 
PARAMETRIC_REPRESENTATION_CONTEXT() REPRESENTATION_CONTEXT('2D SPACE',''
  ) );
#3892 = PCURVE('',#3349,#3893);
#3893 = DEFINITIONAL_REPRESENTATION('',(#3894),#3897);
#3894 = B_SPLINE_CURVE_WITH_KNOTS('',1,(#3895,#3896),.UNSPECIFIED.,.F.,
  .F.,(2,2),(-1.9E-02,0.),.PIECEWISE_BEZIER_KNOTS.);
#3895 = CARTESIAN_POINT('',(2.3E-02,1.9E-02));
#3896 = CARTESIAN_POINT('',(2.3E-02,0.));
#3897 = ( GEOMETRIC_REPRESENTATION_CONTEXT(2) 
PARAMETRIC_REPRESENTATION_CONTEXT() REPRESENTATION_CONTEXT('2D SPACE',''
  ) );
#3898 = ORIENTED_EDGE('',*,*,#3678,.T.);
#3899 = ORIENTED_EDGE('',*,*,#3854,.F.);
#3900 = ADVANCED_FACE('',(#3901),#3349,.F.);
#3901 = FACE_BOUND('',#3902,.F.);
#3902 = EDGE_LOOP('',(#3903,#3904,#3905,#3906));
#3903 = ORIENTED_EDGE('',*,*,#3655,.F.);
#3904 = ORIENTED_EDGE('',*,*,#3880,.T.);
#3905 = ORIENTED_EDGE('',*,*,#3333,.T.);
#3906 = ORIENTED_EDGE('',*,*,#3907,.F.);
#3907 = EDGE_CURVE('',#3633,#3306,#3908,.T.);
#3908 = SURFACE_CURVE('',#3909,(#3913,#3919),.PCURVE_S1.);
#3909 = LINE('',#3910,#3911);
#3910 = CARTESIAN_POINT('',(9.5E-03,-9.5E-03,1.E-03));
#3911 = VECTOR('',#3912,1.);
#3912 = DIRECTION('',(0.,-1.,0.));
#3913 = PCURVE('',#3349,#3914);
#3914 = DEFINITIONAL_REPRESENTATION('',(#3915),#3918);
#3915 = B_SPLINE_CURVE_WITH_KNOTS('',1,(#3916,#3917),.UNSPECIFIED.,.F.,
  .F.,(2,2),(-1.9E-02,0.),.PIECEWISE_BEZIER_KNOTS.);
#3916 = CARTESIAN_POINT('',(4.2E-02,1.9E-02));
#3917 = CARTESIAN_POINT('',(4.2E-02,0.));
#3918 = ( GEOMETRIC_REPRESENTATION_CONTEXT(2) 
PARAMETRIC_REPRESENTATION_CONTEXT() REPRESENTATION_CONTEXT('2D SPACE',''
  ) );
#3919 = PCURVE('',#3321,#3920);
#3920 = DEFINITIONAL_REPRESENTATION('',(#3921),#3924);
#3921 = B_SPLINE_CURVE_WITH_KNOTS('',1,(#3922,#3923),.UNSPECIFIED.,.F.,
  .F.,(2,2),(-1.9E-02,0.),.PIECEWISE_BEZIER_KNOTS.);
#3922 = CARTESIAN_POINT('',(2.45E-02,-1.9E-02));
#3923 = CARTESIAN_POINT('',(2.45E-02,0.));
#3924 = ( GEOMETRIC_REPRESENTATION_CONTEXT(2) 
PARAMETRIC_REPRESENTATION_CONTEXT() REPRESENTATION_CONTEXT('2D SPACE',''
  ) );
#3925 = ADVANCED_FACE('',(#3926),#3321,.T.);
#3926 = FACE_BOUND('',#3927,.T.);
#3927 = EDGE_LOOP('',(#3928,#3929,#3930,#3931));
#3928 = ORIENTED_EDGE('',*,*,#3305,.F.);
#3929 = ORIENTED_EDGE('',*,*,#3907,.F.);
#3930 = ORIENTED_EDGE('',*,*,#3632,.T.);
#3931 = ORIENTED_EDGE('',*,*,#3932,.F.);
#3932 = EDGE_CURVE('',#3278,#3610,#3933,.T.);
#3933 = SURFACE_CURVE('',#3934,(#3938,#3945),.PCURVE_S1.);
#3934 = LINE('',#3935,#3936);
#3935 = CARTESIAN_POINT('',(9.5E-03,-9.5E-03,2.35E-02));
#3936 = VECTOR('',#3937,1.);
#3937 = DIRECTION('',(-0.,1.,0.));
#3938 = PCURVE('',#3321,#3939);
#3939 = DEFINITIONAL_REPRESENTATION('',(#3940),#3944);
#3940 = LINE('',#3941,#3942);
#3941 = CARTESIAN_POINT('',(4.7E-02,0.));
#3942 = VECTOR('',#3943,1.);
#3943 = DIRECTION('',(0.,-1.));
#3944 = ( GEOMETRIC_REPRESENTATION_CONTEXT(2) 
PARAMETRIC_REPRESENTATION_CONTEXT() REPRESENTATION_CONTEXT('2D SPACE',''
  ) );
#3945 = PCURVE('',#3293,#3946);
#3946 = DEFINITIONAL_REPRESENTATION('',(#3947),#3951);
#3947 = LINE('',#3948,#3949);
#3948 = CARTESIAN_POINT('',(0.,0.));
#3949 = VECTOR('',#3950,1.);
#3950 = DIRECTION('',(0.,1.));
#3951 = ( GEOMETRIC_REPRESENTATION_CONTEXT(2) 
PARAMETRIC_REPRESENTATION_CONTEXT() REPRESENTATION_CONTEXT('2D SPACE',''
  ) );
#3952 = ADVANCED_FACE('',(#3953),#3293,.F.);
#3953 = FACE_BOUND('',#3954,.F.);
#3954 = EDGE_LOOP('',(#3955,#3956,#3957,#3978));
#3955 = ORIENTED_EDGE('',*,*,#3932,.F.);
#3956 = ORIENTED_EDGE('',*,*,#3277,.T.);
#3957 = ORIENTED_EDGE('',*,*,#3958,.T.);
#3958 = EDGE_CURVE('',#3250,#3587,#3959,.T.);
#3959 = SURFACE_CURVE('',#3960,(#3964,#3971),.PCURVE_S1.);
#3960 = LINE('',#3961,#3962);
#3961 = CARTESIAN_POINT('',(2.45E-02,-9.5E-03,2.35E-02));
#3962 = VECTOR('',#3963,1.);
#3963 = DIRECTION('',(-0.,1.,0.));
#3964 = PCURVE('',#3293,#3965);
#3965 = DEFINITIONAL_REPRESENTATION('',(#3966),#3970);
#3966 = LINE('',#3967,#3968);
#3967 = CARTESIAN_POINT('',(1.5E-02,0.));
#3968 = VECTOR('',#3969,1.);
#3969 = DIRECTION('',(0.,1.));
#3970 = ( GEOMETRIC_REPRESENTATION_CONTEXT(2) 
PARAMETRIC_REPRESENTATION_CONTEXT() REPRESENTATION_CONTEXT('2D SPACE',''
  ) );
#3971 = PCURVE('',#3265,#3972);
#3972 = DEFINITIONAL_REPRESENTATION('',(#3973),#3977);
#3973 = LINE('',#3974,#3975);
#3974 = CARTESIAN_POINT('',(4.7E-02,0.));
#3975 = VECTOR('',#3976,1.);
#3976 = DIRECTION('',(0.,-1.));
#3977 = ( GEOMETRIC_REPRESENTATION_CONTEXT(2) 
PARAMETRIC_REPRESENTATION_CONTEXT() REPRESENTATION_CONTEXT('2D SPACE',''
  ) );
#3978 = ORIENTED_EDGE('',*,*,#3609,.F.);
#3979 = ADVANCED_FACE('',(#3980),#3265,.F.);
#3980 = FACE_BOUND('',#3981,.F.);
#3981 = EDGE_LOOP('',(#3982,#3983,#4002,#4003));
#3982 = ORIENTED_EDGE('',*,*,#3249,.F.);
#3983 = ORIENTED_EDGE('',*,*,#3984,.F.);
#3984 = EDGE_CURVE('',#3564,#3222,#3985,.T.);
#3985 = SURFACE_CURVE('',#3986,(#3990,#3996),.PCURVE_S1.);
#3986 = LINE('',#3987,#3988);
#3987 = CARTESIAN_POINT('',(2.45E-02,-9.5E-03,1.E-03));
#3988 = VECTOR('',#3989,1.);
#3989 = DIRECTION('',(0.,-1.,0.));
#3990 = PCURVE('',#3265,#3991);
#3991 = DEFINITIONAL_REPRESENTATION('',(#3992),#3995);
#3992 = B_SPLINE_CURVE_WITH_KNOTS('',1,(#3993,#3994),.UNSPECIFIED.,.F.,
  .F.,(2,2),(-1.9E-02,0.),.PIECEWISE_BEZIER_KNOTS.);
#3993 = CARTESIAN_POINT('',(2.45E-02,-1.9E-02));
#3994 = CARTESIAN_POINT('',(2.45E-02,0.));
#3995 = ( GEOMETRIC_REPRESENTATION_CONTEXT(2) 
PARAMETRIC_REPRESENTATION_CONTEXT() REPRESENTATION_CONTEXT('2D SPACE',''
  ) );
#3996 = PCURVE('',#3237,#3997);
#3997 = DEFINITIONAL_REPRESENTATION('',(#3998),#4001);
#3998 = B_SPLINE_CURVE_WITH_KNOTS('',1,(#3999,#4000),.UNSPECIFIED.,.F.,
  .F.,(2,2),(-1.9E-02,0.),.PIECEWISE_BEZIER_KNOTS.);
#3999 = CARTESIAN_POINT('',(5.7E-02,1.9E-02));
#4000 = CARTESIAN_POINT('',(5.7E-02,0.));
#4001 = ( GEOMETRIC_REPRESENTATION_CONTEXT(2) 
PARAMETRIC_REPRESENTATION_CONTEXT() REPRESENTATION_CONTEXT('2D SPACE',''
  ) );
#4002 = ORIENTED_EDGE('',*,*,#3586,.T.);
#4003 = ORIENTED_EDGE('',*,*,#3958,.F.);
#4004 = ADVANCED_FACE('',(#4005),#3237,.F.);
#4005 = FACE_BOUND('',#4006,.F.);
#4006 = EDGE_LOOP('',(#4007,#4008,#4009,#4010));
#4007 = ORIENTED_EDGE('',*,*,#3563,.F.);
#4008 = ORIENTED_EDGE('',*,*,#3984,.T.);
#4009 = ORIENTED_EDGE('',*,*,#3221,.T.);
#4010 = ORIENTED_EDGE('',*,*,#3799,.T.);
#4011 = ( GEOMETRIC_REPRESENTATION_CONTEXT(3) 
GLOBAL_UNCERTAINTY_ASSIGNED_CONTEXT((#4015)) 
GLOBAL_UNIT_ASSIGNED_CONTEXT((#4012,#4013,#4014)) REPRESENTATION_CONTEXT
('Context #1','3D Context with UNIT and UNCERTAINTY') );
#4012 = ( LENGTH_UNIT() NAMED_UNIT(*) SI_UNIT(.MILLI.,.METRE.) );
#4013 = ( NAMED_UNIT(*) PLANE_ANGLE_UNIT() SI_UNIT($,.RADIAN.) );
#4014 = ( NAMED_UNIT(*) SI_UNIT($,.STERADIAN.) SOLID_ANGLE_UNIT() );
#4015 = UNCERTAINTY_MEASURE_WITH_UNIT(LENGTH_MEASURE(1.E-07),#4012,
  'distance_accuracy_value','confusion accuracy');
#4016 = CONTEXT_DEPENDENT_SHAPE_REPRESENTATION(#4017,#4019);
#4017 = ( REPRESENTATION_RELATIONSHIP('','',#3064,#10) 
REPRESENTATION_RELATIONSHIP_WITH_TRANSFORMATION(#4018) 
SHAPE_REPRESENTATION_RELATIONSHIP() );
#4018 = ITEM_DEFINED_TRANSFORMATION('','',#11,#23);
#4019 = PRODUCT_DEFINITION_SHAPE('Placement','Placement of an item',
  #4020);
#4020 = NEXT_ASSEMBLY_USAGE_OCCURRENCE('3','','',#5,#3059,$);
#4021 = PRODUCT_RELATED_PRODUCT_CATEGORY('part',$,(#3061));
#4022 = SHAPE_DEFINITION_REPRESENTATION(#4023,#4029);
#4023 = PRODUCT_DEFINITION_SHAPE('','',#4024);
#4024 = PRODUCT_DEFINITION('design','',#4025,#4028);
#4025 = PRODUCT_DEFINITION_FORMATION('','',#4026);
#4026 = PRODUCT('Open CASCADE STEP translator 7.6 1.4',
  'Open CASCADE STEP translator 7.6 1.4','',(#4027));
#4027 = PRODUCT_CONTEXT('',#2,'mechanical');
#4028 = PRODUCT_DEFINITION_CONTEXT('part definition',#2,'design');
#4029 = ADVANCED_BREP_SHAPE_REPRESENTATION('',(#11,#4030),#8270);
#4030 = BREP_WITH_VOIDS('',#4031,(#6378,#7324));
#4031 = CLOSED_SHELL('',(#4032,#4152,#5982,#6031,#6080,#6107,#6114));
#4032 = ADVANCED_FACE('',(#4033),#4047,.F.);
#4033 = FACE_BOUND('',#4034,.F.);
#4034 = EDGE_LOOP('',(#4035,#4070,#4098,#4126));
#4035 = ORIENTED_EDGE('',*,*,#4036,.F.);
#4036 = EDGE_CURVE('',#4037,#4039,#4041,.T.);
#4037 = VERTEX_POINT('',#4038);
#4038 = CARTESIAN_POINT('',(-4.432E-02,-4.432E-02,-4.432E-02));
#4039 = VERTEX_POINT('',#4040);
#4040 = CARTESIAN_POINT('',(-4.432E-02,-4.432E-02,4.432E-02));
#4041 = SURFACE_CURVE('',#4042,(#4046,#4058),.PCURVE_S1.);
#4042 = LINE('',#4043,#4044);
#4043 = CARTESIAN_POINT('',(-4.432E-02,-4.432E-02,-4.432E-02));
#4044 = VECTOR('',#4045,1.);
#4045 = DIRECTION('',(0.,0.,1.));
#4046 = PCURVE('',#4047,#4052);
#4047 = PLANE('',#4048);
#4048 = AXIS2_PLACEMENT_3D('',#4049,#4050,#4051);
#4049 = CARTESIAN_POINT('',(-4.432E-02,-4.432E-02,-4.432E-02));
#4050 = DIRECTION('',(1.,0.,-0.));
#4051 = DIRECTION('',(0.,0.,1.));
#4052 = DEFINITIONAL_REPRESENTATION('',(#4053),#4057);
#4053 = LINE('',#4054,#4055);
#4054 = CARTESIAN_POINT('',(0.,0.));
#4055 = VECTOR('',#4056,1.);
#4056 = DIRECTION('',(1.,0.));
#4057 = ( GEOMETRIC_REPRESENTATION_CONTEXT(2) 
PARAMETRIC_REPRESENTATION_CONTEXT() REPRESENTATION_CONTEXT('2D SPACE',''
  ) );
#4058 = PCURVE('',#4059,#4064);
#4059 = PLANE('',#4060);
#4060 = AXIS2_PLACEMENT_3D('',#4061,#4062,#4063);
#4061 = CARTESIAN_POINT('',(-4.432E-02,-4.432E-02,-4.432E-02));
#4062 = DIRECTION('',(-0.,1.,0.));
#4063 = DIRECTION('',(0.,0.,1.));
#4064 = DEFINITIONAL_REPRESENTATION('',(#4065),#4069);
#4065 = LINE('',#4066,#4067);
#4066 = CARTESIAN_POINT('',(0.,0.));
#4067 = VECTOR('',#4068,1.);
#4068 = DIRECTION('',(1.,0.));
#4069 = ( GEOMETRIC_REPRESENTATION_CONTEXT(2) 
PARAMETRIC_REPRESENTATION_CONTEXT() REPRESENTATION_CONTEXT('2D SPACE',''
  ) );
#4070 = ORIENTED_EDGE('',*,*,#4071,.T.);
#4071 = EDGE_CURVE('',#4037,#4072,#4074,.T.);
#4072 = VERTEX_POINT('',#4073);
#4073 = CARTESIAN_POINT('',(-4.432E-02,4.432E-02,-4.432E-02));
#4074 = SURFACE_CURVE('',#4075,(#4079,#4086),.PCURVE_S1.);
#4075 = LINE('',#4076,#4077);
#4076 = CARTESIAN_POINT('',(-4.432E-02,-4.432E-02,-4.432E-02));
#4077 = VECTOR('',#4078,1.);
#4078 = DIRECTION('',(-0.,1.,0.));
#4079 = PCURVE('',#4047,#4080);
#4080 = DEFINITIONAL_REPRESENTATION('',(#4081),#4085);
#4081 = LINE('',#4082,#4083);
#4082 = CARTESIAN_POINT('',(0.,0.));
#4083 = VECTOR('',#4084,1.);
#4084 = DIRECTION('',(0.,-1.));
#4085 = ( GEOMETRIC_REPRESENTATION_CONTEXT(2) 
PARAMETRIC_REPRESENTATION_CONTEXT() REPRESENTATION_CONTEXT('2D SPACE',''
  ) );
#4086 = PCURVE('',#4087,#4092);
#4087 = PLANE('',#4088);
#4088 = AXIS2_PLACEMENT_3D('',#4089,#4090,#4091);
#4089 = CARTESIAN_POINT('',(-4.432E-02,-4.432E-02,-4.432E-02));
#4090 = DIRECTION('',(0.,0.,1.));
#4091 = DIRECTION('',(1.,0.,-0.));
#4092 = DEFINITIONAL_REPRESENTATION('',(#4093),#4097);
#4093 = LINE('',#4094,#4095);
#4094 = CARTESIAN_POINT('',(0.,0.));
#4095 = VECTOR('',#4096,1.);
#4096 = DIRECTION('',(0.,1.));
#4097 = ( GEOMETRIC_REPRESENTATION_CONTEXT(2) 
PARAMETRIC_REPRESENTATION_CONTEXT() REPRESENTATION_CONTEXT('2D SPACE',''
  ) );
#4098 = ORIENTED_EDGE('',*,*,#4099,.T.);
#4099 = EDGE_CURVE('',#4072,#4100,#4102,.T.);
#4100 = VERTEX_POINT('',#4101);
#4101 = CARTESIAN_POINT('',(-4.432E-02,4.432E-02,4.432E-02));
#4102 = SURFACE_CURVE('',#4103,(#4107,#4114),.PCURVE_S1.);
#4103 = LINE('',#4104,#4105);
#4104 = CARTESIAN_POINT('',(-4.432E-02,4.432E-02,-4.432E-02));
#4105 = VECTOR('',#4106,1.);
#4106 = DIRECTION('',(0.,0.,1.));
#4107 = PCURVE('',#4047,#4108);
#4108 = DEFINITIONAL_REPRESENTATION('',(#4109),#4113);
#4109 = LINE('',#4110,#4111);
#4110 = CARTESIAN_POINT('',(0.,-8.864E-02));
#4111 = VECTOR('',#4112,1.);
#4112 = DIRECTION('',(1.,0.));
#4113 = ( GEOMETRIC_REPRESENTATION_CONTEXT(2) 
PARAMETRIC_REPRESENTATION_CONTEXT() REPRESENTATION_CONTEXT('2D SPACE',''
  ) );
#4114 = PCURVE('',#4115,#4120);
#4115 = PLANE('',#4116);
#4116 = AXIS2_PLACEMENT_3D('',#4117,#4118,#4119);
#4117 = CARTESIAN_POINT('',(-4.432E-02,4.432E-02,-4.432E-02));
#4118 = DIRECTION('',(-0.,1.,0.));
#4119 = DIRECTION('',(0.,0.,1.));
#4120 = DEFINITIONAL_REPRESENTATION('',(#4121),#4125);
#4121 = LINE('',#4122,#4123);
#4122 = CARTESIAN_POINT('',(0.,0.));
#4123 = VECTOR('',#4124,1.);
#4124 = DIRECTION('',(1.,0.));
#4125 = ( GEOMETRIC_REPRESENTATION_CONTEXT(2) 
PARAMETRIC_REPRESENTATION_CONTEXT() REPRESENTATION_CONTEXT('2D SPACE',''
  ) );
#4126 = ORIENTED_EDGE('',*,*,#4127,.F.);
#4127 = EDGE_CURVE('',#4039,#4100,#4128,.T.);
#4128 = SURFACE_CURVE('',#4129,(#4133,#4140),.PCURVE_S1.);
#4129 = LINE('',#4130,#4131);
#4130 = CARTESIAN_POINT('',(-4.432E-02,-4.432E-02,4.432E-02));
#4131 = VECTOR('',#4132,1.);
#4132 = DIRECTION('',(-0.,1.,0.));
#4133 = PCURVE('',#4047,#4134);
#4134 = DEFINITIONAL_REPRESENTATION('',(#4135),#4139);
#4135 = LINE('',#4136,#4137);
#4136 = CARTESIAN_POINT('',(8.864E-02,0.));
#4137 = VECTOR('',#4138,1.);
#4138 = DIRECTION('',(0.,-1.));
#4139 = ( GEOMETRIC_REPRESENTATION_CONTEXT(2) 
PARAMETRIC_REPRESENTATION_CONTEXT() REPRESENTATION_CONTEXT('2D SPACE',''
  ) );
#4140 = PCURVE('',#4141,#4146);
#4141 = PLANE('',#4142);
#4142 = AXIS2_PLACEMENT_3D('',#4143,#4144,#4145);
#4143 = CARTESIAN_POINT('',(-4.432E-02,-4.432E-02,4.432E-02));
#4144 = DIRECTION('',(0.,0.,1.));
#4145 = DIRECTION('',(1.,0.,-0.));
#4146 = DEFINITIONAL_REPRESENTATION('',(#4147),#4151);
#4147 = LINE('',#4148,#4149);
#4148 = CARTESIAN_POINT('',(0.,0.));
#4149 = VECTOR('',#4150,1.);
#4150 = DIRECTION('',(0.,1.));
#4151 = ( GEOMETRIC_REPRESENTATION_CONTEXT(2) 
PARAMETRIC_REPRESENTATION_CONTEXT() REPRESENTATION_CONTEXT('2D SPACE',''
  ) );
#4152 = ADVANCED_FACE('',(#4153,#4228,#5949),#4059,.F.);
#4153 = FACE_BOUND('',#4154,.F.);
#4154 = EDGE_LOOP('',(#4155,#4178,#4179,#4202));
#4155 = ORIENTED_EDGE('',*,*,#4156,.F.);
#4156 = EDGE_CURVE('',#4037,#4157,#4159,.T.);
#4157 = VERTEX_POINT('',#4158);
#4158 = CARTESIAN_POINT('',(4.432E-02,-4.432E-02,-4.432E-02));
#4159 = SURFACE_CURVE('',#4160,(#4164,#4171),.PCURVE_S1.);
#4160 = LINE('',#4161,#4162);
#4161 = CARTESIAN_POINT('',(-4.432E-02,-4.432E-02,-4.432E-02));
#4162 = VECTOR('',#4163,1.);
#4163 = DIRECTION('',(1.,0.,-0.));
#4164 = PCURVE('',#4059,#4165);
#4165 = DEFINITIONAL_REPRESENTATION('',(#4166),#4170);
#4166 = LINE('',#4167,#4168);
#4167 = CARTESIAN_POINT('',(0.,0.));
#4168 = VECTOR('',#4169,1.);
#4169 = DIRECTION('',(0.,1.));
#4170 = ( GEOMETRIC_REPRESENTATION_CONTEXT(2) 
PARAMETRIC_REPRESENTATION_CONTEXT() REPRESENTATION_CONTEXT('2D SPACE',''
  ) );
#4171 = PCURVE('',#4087,#4172);
#4172 = DEFINITIONAL_REPRESENTATION('',(#4173),#4177);
#4173 = LINE('',#4174,#4175);
#4174 = CARTESIAN_POINT('',(0.,0.));
#4175 = VECTOR('',#4176,1.);
#4176 = DIRECTION('',(1.,0.));
#4177 = ( GEOMETRIC_REPRESENTATION_CONTEXT(2) 
PARAMETRIC_REPRESENTATION_CONTEXT() REPRESENTATION_CONTEXT('2D SPACE',''
  ) );
#4178 = ORIENTED_EDGE('',*,*,#4036,.T.);
#4179 = ORIENTED_EDGE('',*,*,#4180,.T.);
#4180 = EDGE_CURVE('',#4039,#4181,#4183,.T.);
#4181 = VERTEX_POINT('',#4182);
#4182 = CARTESIAN_POINT('',(4.432E-02,-4.432E-02,4.432E-02));
#4183 = SURFACE_CURVE('',#4184,(#4188,#4195),.PCURVE_S1.);
#4184 = LINE('',#4185,#4186);
#4185 = CARTESIAN_POINT('',(-4.432E-02,-4.432E-02,4.432E-02));
#4186 = VECTOR('',#4187,1.);
#4187 = DIRECTION('',(1.,0.,-0.));
#4188 = PCURVE('',#4059,#4189);
#4189 = DEFINITIONAL_REPRESENTATION('',(#4190),#4194);
#4190 = LINE('',#4191,#4192);
#4191 = CARTESIAN_POINT('',(8.864E-02,0.));
#4192 = VECTOR('',#4193,1.);
#4193 = DIRECTION('',(0.,1.));
#4194 = ( GEOMETRIC_REPRESENTATION_CONTEXT(2) 
PARAMETRIC_REPRESENTATION_CONTEXT() REPRESENTATION_CONTEXT('2D SPACE',''
  ) );
#4195 = PCURVE('',#4141,#4196);
#4196 = DEFINITIONAL_REPRESENTATION('',(#4197),#4201);
#4197 = LINE('',#4198,#4199);
#4198 = CARTESIAN_POINT('',(0.,0.));
#4199 = VECTOR('',#4200,1.);
#4200 = DIRECTION('',(1.,0.));
#4201 = ( GEOMETRIC_REPRESENTATION_CONTEXT(2) 
PARAMETRIC_REPRESENTATION_CONTEXT() REPRESENTATION_CONTEXT('2D SPACE',''
  ) );
#4202 = ORIENTED_EDGE('',*,*,#4203,.F.);
#4203 = EDGE_CURVE('',#4157,#4181,#4204,.T.);
#4204 = SURFACE_CURVE('',#4205,(#4209,#4216),.PCURVE_S1.);
#4205 = LINE('',#4206,#4207);
#4206 = CARTESIAN_POINT('',(4.432E-02,-4.432E-02,-4.432E-02));
#4207 = VECTOR('',#4208,1.);
#4208 = DIRECTION('',(0.,0.,1.));
#4209 = PCURVE('',#4059,#4210);
#4210 = DEFINITIONAL_REPRESENTATION('',(#4211),#4215);
#4211 = LINE('',#4212,#4213);
#4212 = CARTESIAN_POINT('',(0.,8.864E-02));
#4213 = VECTOR('',#4214,1.);
#4214 = DIRECTION('',(1.,0.));
#4215 = ( GEOMETRIC_REPRESENTATION_CONTEXT(2) 
PARAMETRIC_REPRESENTATION_CONTEXT() REPRESENTATION_CONTEXT('2D SPACE',''
  ) );
#4216 = PCURVE('',#4217,#4222);
#4217 = PLANE('',#4218);
#4218 = AXIS2_PLACEMENT_3D('',#4219,#4220,#4221);
#4219 = CARTESIAN_POINT('',(4.432E-02,-4.432E-02,-4.432E-02));
#4220 = DIRECTION('',(1.,0.,-0.));
#4221 = DIRECTION('',(0.,0.,1.));
#4222 = DEFINITIONAL_REPRESENTATION('',(#4223),#4227);
#4223 = LINE('',#4224,#4225);
#4224 = CARTESIAN_POINT('',(0.,0.));
#4225 = VECTOR('',#4226,1.);
#4226 = DIRECTION('',(1.,0.));
#4227 = ( GEOMETRIC_REPRESENTATION_CONTEXT(2) 
PARAMETRIC_REPRESENTATION_CONTEXT() REPRESENTATION_CONTEXT('2D SPACE',''
  ) );
#4228 = FACE_BOUND('',#4229,.F.);
#4229 = EDGE_LOOP('',(#4230));
#4230 = ORIENTED_EDGE('',*,*,#4231,.F.);
#4231 = EDGE_CURVE('',#4232,#4232,#4234,.T.);
#4232 = VERTEX_POINT('',#4233);
#4233 = CARTESIAN_POINT('',(-2.354502254797E-02,-4.432E-02,
    -1.649034242419E-02));
#4234 = SURFACE_CURVE('',#4235,(#4243,#4254),.PCURVE_S1.);
#4235 = ( BOUNDED_CURVE() B_SPLINE_CURVE(6,(#4236,#4237,#4238,#4239,
#4240,#4241,#4242),.UNSPECIFIED.,.T.,.F.) B_SPLINE_CURVE_WITH_KNOTS((1,6
    ,6,1),(-6.28318530718,0.,6.28318530718,12.566370614359),
.UNSPECIFIED.) CURVE() GEOMETRIC_REPRESENTATION_ITEM() 
RATIONAL_B_SPLINE_CURVE((1.669078461068,1.03672962321,1.038346699848,
    0.853534330196,1.038346699848,1.03672962321,1.669078461068)) 
REPRESENTATION_ITEM('') );
#4236 = CARTESIAN_POINT('',(-2.354502254797E-02,-4.432E-02,
    -1.649034242419E-02));
#4237 = CARTESIAN_POINT('',(-2.163481696361E-02,-4.432E-02,
    -1.41890678001E-02));
#4238 = CARTESIAN_POINT('',(-1.851494838188E-02,-4.432E-02,
    -1.622067082185E-02));
#4239 = CARTESIAN_POINT('',(-1.83524110774E-02,-4.432E-02,
    -2.080054309502E-02));
#4240 = CARTESIAN_POINT('',(-2.288390557446E-02,-4.432E-02,
    -2.148406781079E-02));
#4241 = CARTESIAN_POINT('',(-2.545522813233E-02,-4.432E-02,
    -1.879161704828E-02));
#4242 = CARTESIAN_POINT('',(-2.354502254797E-02,-4.432E-02,
    -1.649034242419E-02));
#4243 = PCURVE('',#4059,#4244);
#4244 = DEFINITIONAL_REPRESENTATION('',(#4245),#4253);
#4245 = ( BOUNDED_CURVE() B_SPLINE_CURVE(6,(#4246,#4247,#4248,#4249,
#4250,#4251,#4252),.UNSPECIFIED.,.T.,.F.) B_SPLINE_CURVE_WITH_KNOTS((1,6
    ,6,1),(-6.28318530718,0.,6.28318530718,12.566370614359),
.UNSPECIFIED.) CURVE() GEOMETRIC_REPRESENTATION_ITEM() 
RATIONAL_B_SPLINE_CURVE((1.669078461068,1.03672962321,1.038346699848,
    0.853534330196,1.038346699848,1.03672962321,1.669078461068)) 
REPRESENTATION_ITEM('') );
#4246 = CARTESIAN_POINT('',(2.782965757581E-02,2.077497745203E-02));
#4247 = CARTESIAN_POINT('',(3.01309321999E-02,2.268518303639E-02));
#4248 = CARTESIAN_POINT('',(2.809932917815E-02,2.580505161812E-02));
#4249 = CARTESIAN_POINT('',(2.351945690498E-02,2.59675889226E-02));
#4250 = CARTESIAN_POINT('',(2.283593218921E-02,2.143609442554E-02));
#4251 = CARTESIAN_POINT('',(2.552838295172E-02,1.886477186767E-02));
#4252 = CARTESIAN_POINT('',(2.782965757581E-02,2.077497745203E-02));
#4253 = ( GEOMETRIC_REPRESENTATION_CONTEXT(2) 
PARAMETRIC_REPRESENTATION_CONTEXT() REPRESENTATION_CONTEXT('2D SPACE',''
  ) );
#4254 = PCURVE('',#4255,#5943);
#4255 = ( BOUNDED_SURFACE() B_SPLINE_SURFACE(6,10,(
    (#4256,#4257,#4258,#4259,#4260,#4261,#4262,#4263,#4264,#4265,#4266
      ,#4267,#4268,#4269,#4270,#4271,#4272,#4273,#4274,#4275,#4276,#4277
      ,#4278,#4279,#4280,#4281,#4282,#4283,#4284,#4285,#4286,#4287,#4288
      ,#4289,#4290,#4291,#4292,#4293,#4294,#4295,#4296,#4297,#4298,#4299
      ,#4300,#4301,#4302,#4303,#4304,#4305,#4306,#4307,#4308,#4309,#4310
      ,#4311,#4312,#4313,#4314,#4315,#4316,#4317,#4318,#4319,#4320,#4321
      ,#4322,#4323,#4324,#4325,#4326,#4327,#4328,#4329,#4330,#4331,#4332
      ,#4333,#4334,#4335,#4336,#4337,#4338,#4339,#4340,#4341,#4342,#4343
      ,#4344,#4345,#4346,#4347,#4348,#4349,#4350,#4351,#4352,#4353,#4354
      ,#4355,#4356,#4357,#4358,#4359,#4360,#4361,#4362,#4363,#4364,#4365
      ,#4366,#4367,#4368,#4369,#4370,#4371,#4372,#4373,#4374,#4375,#4376
      ,#4377,#4378,#4379,#4380,#4381,#4382,#4383,#4384,#4385,#4386,#4387
      ,#4388,#4389,#4390,#4391,#4392,#4393,#4394,#4395,#4396,#4397,#4398
      ,#4399,#4400,#4401,#4402,#4403,#4404,#4405,#4406,#4407,#4408,#4409
      ,#4410,#4411,#4412,#4413,#4414,#4415,#4416,#4417,#4418,#4419,#4420
      ,#4421,#4422,#4423,#4424,#4425,#4426,#4427,#4428,#4429,#4430,#4431
      ,#4432,#4433,#4434,#4435,#4436,#4437,#4438,#4439,#4440,#4441,#4442
      ,#4443,#4444,#4445,#4446,#4447,#4448,#4449,#4450,#4451,#4452,#4453
      ,#4454,#4455,#4456,#4457,#4458,#4459,#4460,#4461,#4462,#4463,#4464
      ,#4465,#4466,#4467,#4468,#4469,#4470,#4471,#4472,#4473,#4474,#4475
      ,#4476,#4477,#4478,#4479,#4480,#4481,#4482,#4483,#4484,#4485,#4486
      ,#4487,#4488,#4489,#4490,#4491,#4492,#4493,#4494,#4495,#4496)
    ,(#4497,#4498,#4499,#4500,#4501,#4502,#4503,#4504,#4505,#4506,#4507
      ,#4508,#4509,#4510,#4511,#4512,#4513,#4514,#4515,#4516,#4517,#4518
      ,#4519,#4520,#4521,#4522,#4523,#4524,#4525,#4526,#4527,#4528,#4529
      ,#4530,#4531,#4532,#4533,#4534,#4535,#4536,#4537,#4538,#4539,#4540
      ,#4541,#4542,#4543,#4544,#4545,#4546,#4547,#4548,#4549,#4550,#4551
      ,#4552,#4553,#4554,#4555,#4556,#4557,#4558,#4559,#4560,#4561,#4562
      ,#4563,#4564,#4565,#4566,#4567,#4568,#4569,#4570,#4571,#4572,#4573
      ,#4574,#4575,#4576,#4577,#4578,#4579,#4580,#4581,#4582,#4583,#4584
      ,#4585,#4586,#4587,#4588,#4589,#4590,#4591,#4592,#4593,#4594,#4595
      ,#4596,#4597,#4598,#4599,#4600,#4601,#4602,#4603,#4604,#4605,#4606
      ,#4607,#4608,#4609,#4610,#4611,#4612,#4613,#4614,#4615,#4616,#4617
      ,#4618,#4619,#4620,#4621,#4622,#4623,#4624,#4625,#4626,#4627,#4628
      ,#4629,#4630,#4631,#4632,#4633,#4634,#4635,#4636,#4637,#4638,#4639
      ,#4640,#4641,#4642,#4643,#4644,#4645,#4646,#4647,#4648,#4649,#4650
      ,#4651,#4652,#4653,#4654,#4655,#4656,#4657,#4658,#4659,#4660,#4661
      ,#4662,#4663,#4664,#4665,#4666,#4667,#4668,#4669,#4670,#4671,#4672
      ,#4673,#4674,#4675,#4676,#4677,#4678,#4679,#4680,#4681,#4682,#4683
      ,#4684,#4685,#4686,#4687,#4688,#4689,#4690,#4691,#4692,#4693,#4694
      ,#4695,#4696,#4697,#4698,#4699,#4700,#4701,#4702,#4703,#4704,#4705
      ,#4706,#4707,#4708,#4709,#4710,#4711,#4712,#4713,#4714,#4715,#4716
      ,#4717,#4718,#4719,#4720,#4721,#4722,#4723,#4724,#4725,#4726,#4727
      ,#4728,#4729,#4730,#4731,#4732,#4733,#4734,#4735,#4736,#4737)
    ,(#4738,#4739,#4740,#4741,#4742,#4743,#4744,#4745,#4746,#4747,#4748
      ,#4749,#4750,#4751,#4752,#4753,#4754,#4755,#4756,#4757,#4758,#4759
      ,#4760,#4761,#4762,#4763,#4764,#4765,#4766,#4767,#4768,#4769,#4770
      ,#4771,#4772,#4773,#4774,#4775,#4776,#4777,#4778,#4779,#4780,#4781
      ,#4782,#4783,#4784,#4785,#4786,#4787,#4788,#4789,#4790,#4791,#4792
      ,#4793,#4794,#4795,#4796,#4797,#4798,#4799,#4800,#4801,#4802,#4803
      ,#4804,#4805,#4806,#4807,#4808,#4809,#4810,#4811,#4812,#4813,#4814
      ,#4815,#4816,#4817,#4818,#4819,#4820,#4821,#4822,#4823,#4824,#4825
      ,#4826,#4827,#4828,#4829,#4830,#4831,#4832,#4833,#4834,#4835,#4836
      ,#4837,#4838,#4839,#4840,#4841,#4842,#4843,#4844,#4845,#4846,#4847
      ,#4848,#4849,#4850,#4851,#4852,#4853,#4854,#4855,#4856,#4857,#4858
      ,#4859,#4860,#4861,#4862,#4863,#4864,#4865,#4866,#4867,#4868,#4869
      ,#4870,#4871,#4872,#4873,#4874,#4875,#4876,#4877,#4878,#4879,#4880
      ,#4881,#4882,#4883,#4884,#4885,#4886,#4887,#4888,#4889,#4890,#4891
      ,#4892,#4893,#4894,#4895,#4896,#4897,#4898,#4899,#4900,#4901,#4902
      ,#4903,#4904,#4905,#4906,#4907,#4908,#4909,#4910,#4911,#4912,#4913
      ,#4914,#4915,#4916,#4917,#4918,#4919,#4920,#4921,#4922,#4923,#4924
      ,#4925,#4926,#4927,#4928,#4929,#4930,#4931,#4932,#4933,#4934,#4935
      ,#4936,#4937,#4938,#4939,#4940,#4941,#4942,#4943,#4944,#4945,#4946
      ,#4947,#4948,#4949,#4950,#4951,#4952,#4953,#4954,#4955,#4956,#4957
      ,#4958,#4959,#4960,#4961,#4962,#4963,#4964,#4965,#4966,#4967,#4968
      ,#4969,#4970,#4971,#4972,#4973,#4974,#4975,#4976,#4977,#4978)
    ,(#4979,#4980,#4981,#4982,#4983,#4984,#4985,#4986,#4987,#4988,#4989
      ,#4990,#4991,#4992,#4993,#4994,#4995,#4996,#4997,#4998,#4999,#5000
      ,#5001,#5002,#5003,#5004,#5005,#5006,#5007,#5008,#5009,#5010,#5011
      ,#5012,#5013,#5014,#5015,#5016,#5017,#5018,#5019,#5020,#5021,#5022
      ,#5023,#5024,#5025,#5026,#5027,#5028,#5029,#5030,#5031,#5032,#5033
      ,#5034,#5035,#5036,#5037,#5038,#5039,#5040,#5041,#5042,#5043,#5044
      ,#5045,#5046,#5047,#5048,#5049,#5050,#5051,#5052,#5053,#5054,#5055
      ,#5056,#5057,#5058,#5059,#5060,#5061,#5062,#5063,#5064,#5065,#5066
      ,#5067,#5068,#5069,#5070,#5071,#5072,#5073,#5074,#5075,#5076,#5077
      ,#5078,#5079,#5080,#5081,#5082,#5083,#5084,#5085,#5086,#5087,#5088
      ,#5089,#5090,#5091,#5092,#5093,#5094,#5095,#5096,#5097,#5098,#5099
      ,#5100,#5101,#5102,#5103,#5104,#5105,#5106,#5107,#5108,#5109,#5110
      ,#5111,#5112,#5113,#5114,#5115,#5116,#5117,#5118,#5119,#5120,#5121
      ,#5122,#5123,#5124,#5125,#5126,#5127,#5128,#5129,#5130,#5131,#5132
      ,#5133,#5134,#5135,#5136,#5137,#5138,#5139,#5140,#5141,#5142,#5143
      ,#5144,#5145,#5146,#5147,#5148,#5149,#5150,#5151,#5152,#5153,#5154
      ,#5155,#5156,#5157,#5158,#5159,#5160,#5161,#5162,#5163,#5164,#5165
      ,#5166,#5167,#5168,#5169,#5170,#5171,#5172,#5173,#5174,#5175,#5176
      ,#5177,#5178,#5179,#5180,#5181,#5182,#5183,#5184,#5185,#5186,#5187
      ,#5188,#5189,#5190,#5191,#5192,#5193,#5194,#5195,#5196,#5197,#5198
      ,#5199,#5200,#5201,#5202,#5203,#5204,#5205,#5206,#5207,#5208,#5209
      ,#5210,#5211,#5212,#5213,#5214,#5215,#5216,#5217,#5218,#5219)
    ,(#5220,#5221,#5222,#5223,#5224,#5225,#5226,#5227,#5228,#5229,#5230
      ,#5231,#5232,#5233,#5234,#5235,#5236,#5237,#5238,#5239,#5240,#5241
      ,#5242,#5243,#5244,#5245,#5246,#5247,#5248,#5249,#5250,#5251,#5252
      ,#5253,#5254,#5255,#5256,#5257,#5258,#5259,#5260,#5261,#5262,#5263
      ,#5264,#5265,#5266,#5267,#5268,#5269,#5270,#5271,#5272,#5273,#5274
      ,#5275,#5276,#5277,#5278,#5279,#5280,#5281,#5282,#5283,#5284,#5285
      ,#5286,#5287,#5288,#5289,#5290,#5291,#5292,#5293,#5294,#5295,#5296
      ,#5297,#5298,#5299,#5300,#5301,#5302,#5303,#5304,#5305,#5306,#5307
      ,#5308,#5309,#5310,#5311,#5312,#5313,#5314,#5315,#5316,#5317,#5318
      ,#5319,#5320,#5321,#5322,#5323,#5324,#5325,#5326,#5327,#5328,#5329
      ,#5330,#5331,#5332,#5333,#5334,#5335,#5336,#5337,#5338,#5339,#5340
      ,#5341,#5342,#5343,#5344,#5345,#5346,#5347,#5348,#5349,#5350,#5351
      ,#5352,#5353,#5354,#5355,#5356,#5357,#5358,#5359,#5360,#5361,#5362
      ,#5363,#5364,#5365,#5366,#5367,#5368,#5369,#5370,#5371,#5372,#5373
      ,#5374,#5375,#5376,#5377,#5378,#5379,#5380,#5381,#5382,#5383,#5384
      ,#5385,#5386,#5387,#5388,#5389,#5390,#5391,#5392,#5393,#5394,#5395
      ,#5396,#5397,#5398,#5399,#5400,#5401,#5402,#5403,#5404,#5405,#5406
      ,#5407,#5408,#5409,#5410,#5411,#5412,#5413,#5414,#5415,#5416,#5417
      ,#5418,#5419,#5420,#5421,#5422,#5423,#5424,#5425,#5426,#5427,#5428
      ,#5429,#5430,#5431,#5432,#5433,#5434,#5435,#5436,#5437,#5438,#5439
      ,#5440,#5441,#5442,#5443,#5444,#5445,#5446,#5447,#5448,#5449,#5450
      ,#5451,#5452,#5453,#5454,#5455,#5456,#5457,#5458,#5459,#5460)
    ,(#5461,#5462,#5463,#5464,#5465,#5466,#5467,#5468,#5469,#5470,#5471
      ,#5472,#5473,#5474,#5475,#5476,#5477,#5478,#5479,#5480,#5481,#5482
      ,#5483,#5484,#5485,#5486,#5487,#5488,#5489,#5490,#5491,#5492,#5493
      ,#5494,#5495,#5496,#5497,#5498,#5499,#5500,#5501,#5502,#5503,#5504
      ,#5505,#5506,#5507,#5508,#5509,#5510,#5511,#5512,#5513,#5514,#5515
      ,#5516,#5517,#5518,#5519,#5520,#5521,#5522,#5523,#5524,#5525,#5526
      ,#5527,#5528,#5529,#5530,#5531,#5532,#5533,#5534,#5535,#5536,#5537
      ,#5538,#5539,#5540,#5541,#5542,#5543,#5544,#5545,#5546,#5547,#5548
      ,#5549,#5550,#5551,#5552,#5553,#5554,#5555,#5556,#5557,#5558,#5559
      ,#5560,#5561,#5562,#5563,#5564,#5565,#5566,#5567,#5568,#5569,#5570
      ,#5571,#5572,#5573,#5574,#5575,#5576,#5577,#5578,#5579,#5580,#5581
      ,#5582,#5583,#5584,#5585,#5586,#5587,#5588,#5589,#5590,#5591,#5592
      ,#5593,#5594,#5595,#5596,#5597,#5598,#5599,#5600,#5601,#5602,#5603
      ,#5604,#5605,#5606,#5607,#5608,#5609,#5610,#5611,#5612,#5613,#5614
      ,#5615,#5616,#5617,#5618,#5619,#5620,#5621,#5622,#5623,#5624,#5625
      ,#5626,#5627,#5628,#5629,#5630,#5631,#5632,#5633,#5634,#5635,#5636
      ,#5637,#5638,#5639,#5640,#5641,#5642,#5643,#5644,#5645,#5646,#5647
      ,#5648,#5649,#5650,#5651,#5652,#5653,#5654,#5655,#5656,#5657,#5658
      ,#5659,#5660,#5661,#5662,#5663,#5664,#5665,#5666,#5667,#5668,#5669
      ,#5670,#5671,#5672,#5673,#5674,#5675,#5676,#5677,#5678,#5679,#5680
      ,#5681,#5682,#5683,#5684,#5685,#5686,#5687,#5688,#5689,#5690,#5691
      ,#5692,#5693,#5694,#5695,#5696,#5697,#5698,#5699,#5700,#5701)
    ,(#5702,#5703,#5704,#5705,#5706,#5707,#5708,#5709,#5710,#5711,#5712
      ,#5713,#5714,#5715,#5716,#5717,#5718,#5719,#5720,#5721,#5722,#5723
      ,#5724,#5725,#5726,#5727,#5728,#5729,#5730,#5731,#5732,#5733,#5734
      ,#5735,#5736,#5737,#5738,#5739,#5740,#5741,#5742,#5743,#5744,#5745
      ,#5746,#5747,#5748,#5749,#5750,#5751,#5752,#5753,#5754,#5755,#5756
      ,#5757,#5758,#5759,#5760,#5761,#5762,#5763,#5764,#5765,#5766,#5767
      ,#5768,#5769,#5770,#5771,#5772,#5773,#5774,#5775,#5776,#5777,#5778
      ,#5779,#5780,#5781,#5782,#5783,#5784,#5785,#5786,#5787,#5788,#5789
      ,#5790,#5791,#5792,#5793,#5794,#5795,#5796,#5797,#5798,#5799,#5800
      ,#5801,#5802,#5803,#5804,#5805,#5806,#5807,#5808,#5809,#5810,#5811
      ,#5812,#5813,#5814,#5815,#5816,#5817,#5818,#5819,#5820,#5821,#5822
      ,#5823,#5824,#5825,#5826,#5827,#5828,#5829,#5830,#5831,#5832,#5833
      ,#5834,#5835,#5836,#5837,#5838,#5839,#5840,#5841,#5842,#5843,#5844
      ,#5845,#5846,#5847,#5848,#5849,#5850,#5851,#5852,#5853,#5854,#5855
      ,#5856,#5857,#5858,#5859,#5860,#5861,#5862,#5863,#5864,#5865,#5866
      ,#5867,#5868,#5869,#5870,#5871,#5872,#5873,#5874,#5875,#5876,#5877
      ,#5878,#5879,#5880,#5881,#5882,#5883,#5884,#5885,#5886,#5887,#5888
      ,#5889,#5890,#5891,#5892,#5893,#5894,#5895,#5896,#5897,#5898,#5899
      ,#5900,#5901,#5902,#5903,#5904,#5905,#5906,#5907,#5908,#5909,#5910
      ,#5911,#5912,#5913,#5914,#5915,#5916,#5917,#5918,#5919,#5920,#5921
      ,#5922,#5923,#5924,#5925,#5926,#5927,#5928,#5929,#5930,#5931,#5932
      ,#5933,#5934,#5935,#5936,#5937,#5938,#5939,#5940,#5941,#5942
)),.UNSPECIFIED.,.T.,.F.,.F.) B_SPLINE_SURFACE_WITH_KNOTS((1,6,6,1),(11,
    10,10,10,10,10,10,10,10,10,10,10,10,10,10,10,10,10,10,10,10,10,10,10
    ,11),(-6.28318530718,0.,6.28318530718,12.566370614359),(0.,3.,6.,13.
    ,27.,40.,54.,67.,81.,94.,101.,104.,108.,111.,114.,121.,135.,148.,
    162.,175.,189.,203.,210.,213.,217.),.UNSPECIFIED.) 
GEOMETRIC_REPRESENTATION_ITEM() RATIONAL_B_SPLINE_SURFACE((
    (1.669078461068,1.669078461068,1.669078461068,1.669078461068
      ,1.669078461069,1.669078461068,1.669078461069,1.669078461068
      ,1.669078461068,1.669078461068,1.669078461068,1.669078461068
      ,1.669078461069,1.669078461067,1.669078461069,1.669078461067
      ,1.669078461069,1.669078461068,1.669078461068,1.669078461068
      ,1.669078461068,1.669078461068,1.669078461069,1.669078461068
      ,1.669078461069,1.669078461067,1.669078461069,1.669078461068
      ,1.669078461068,1.669078461068,1.669078461068,1.669078461068
      ,1.669078461069,1.669078461068,1.669078461069,1.669078461067
      ,1.669078461069,1.669078461068,1.669078461068,1.669078461068
      ,1.669078461068,1.669078461068,1.669078461068,1.669078461068
      ,1.669078461068,1.669078461068,1.669078461068,1.669078461068
      ,1.669078461068,1.669078461068,1.669078461068,1.669078461068
      ,1.669078461068,1.669078461068,1.669078461069,1.669078461068
      ,1.669078461069,1.669078461068,1.669078461068,1.669078461068
      ,1.669078461068,1.669078461068,1.669078461068,1.669078461068
      ,1.669078461068,1.669078461068,1.669078461068,1.669078461068
      ,1.669078461068,1.669078461068,1.669078461068,1.669078461068
      ,1.669078461068,1.669078461069,1.669078461067,1.66907846107
      ,1.669078461067,1.669078461069,1.669078461068,1.669078461068
      ,1.669078461068,1.669078461068,1.669078461068,1.669078461069
      ,1.669078461068,1.669078461069,1.669078461068,1.669078461069
      ,1.669078461068,1.669078461068,1.669078461068,1.669078461068
      ,1.669078461069,1.669078461067,1.66907846107,1.669078461067
      ,1.669078461069,1.669078461068,1.669078461068,1.669078461068
      ,1.669078461068,1.669078461068,1.669078461069,1.669078461067
      ,1.66907846107,1.669078461067,1.669078461069,1.669078461068
      ,1.669078461068,1.669078461068,1.669078461068,1.669078461068
      ,1.669078461068,1.669078461068,1.669078461069,1.669078461068
      ,1.669078461068,1.669078461068,1.669078461068,1.669078461068
      ,1.669078461068,1.669078461068,1.669078461069,1.669078461067
      ,1.66907846107,1.669078461067,1.669078461069,1.669078461068
      ,1.669078461068,1.669078461068,1.669078461068,1.669078461068
      ,1.669078461069,1.669078461067,1.66907846107,1.669078461067
      ,1.669078461069,1.669078461068,1.669078461068,1.669078461068
      ,1.669078461068,1.669078461068,1.669078461069,1.669078461067
      ,1.66907846107,1.669078461067,1.669078461069,1.669078461068
      ,1.669078461068,1.669078461068,1.669078461068,1.669078461068
      ,1.669078461068,1.669078461069,1.669078461067,1.66907846107
      ,1.669078461067,1.669078461069,1.669078461068,1.669078461068
      ,1.669078461068,1.669078461068,1.669078461068,1.669078461069
      ,1.669078461067,1.669078461069,1.669078461067,1.669078461069
      ,1.669078461068,1.669078461068,1.669078461068,1.669078461068
      ,1.669078461069,1.669078461067,1.66907846107,1.669078461067
      ,1.669078461069,1.669078461068,1.669078461068,1.669078461068
      ,1.669078461068,1.669078461068,1.669078461068,1.669078461069
      ,1.669078461067,1.66907846107,1.669078461067,1.669078461069
      ,1.669078461068,1.669078461068,1.669078461068,1.669078461068
      ,1.669078461069,1.669078461067,1.66907846107,1.669078461067
      ,1.669078461069,1.669078461068,1.669078461068,1.669078461068
      ,1.669078461068,1.669078461068,1.669078461069,1.669078461067
      ,1.66907846107,1.669078461067,1.669078461069,1.669078461068
      ,1.669078461068,1.669078461068,1.669078461068,1.669078461068
      ,1.669078461068,1.669078461068,1.669078461069,1.669078461068
      ,1.669078461069,1.669078461068,1.669078461068,1.669078461068
      ,1.669078461068,1.669078461068,1.669078461068,1.669078461068
      ,1.669078461069,1.669078461068,1.669078461068,1.669078461068
      ,1.669078461068,1.669078461068,1.669078461068,1.669078461068
      ,1.669078461068,1.669078461068,1.669078461068,1.669078461068
      ,1.669078461068,1.669078461068,1.669078461068,1.669078461068
      ,1.669078461068)
    ,(1.03672962321,1.03672962321,1.03672962321,1.036729623209
      ,1.03672962321,1.036729623209,1.03672962321,1.036729623209
      ,1.03672962321,1.03672962321,1.03672962321,1.03672962321
      ,1.03672962321,1.036729623209,1.03672962321,1.036729623209
      ,1.03672962321,1.036729623209,1.03672962321,1.03672962321
      ,1.03672962321,1.03672962321,1.03672962321,1.036729623209
      ,1.03672962321,1.036729623209,1.03672962321,1.036729623209
      ,1.03672962321,1.03672962321,1.03672962321,1.03672962321
      ,1.03672962321,1.036729623209,1.03672962321,1.036729623209
      ,1.03672962321,1.036729623209,1.03672962321,1.03672962321
      ,1.03672962321,1.03672962321,1.03672962321,1.036729623209
      ,1.03672962321,1.036729623209,1.03672962321,1.036729623209
      ,1.03672962321,1.03672962321,1.03672962321,1.03672962321
      ,1.03672962321,1.036729623209,1.03672962321,1.036729623209
      ,1.03672962321,1.036729623209,1.03672962321,1.03672962321
      ,1.03672962321,1.03672962321,1.03672962321,1.03672962321
      ,1.036729623209,1.03672962321,1.036729623209,1.03672962321
      ,1.03672962321,1.03672962321,1.03672962321,1.03672962321
      ,1.036729623209,1.03672962321,1.036729623209,1.036729623211
      ,1.036729623209,1.03672962321,1.036729623209,1.03672962321
      ,1.03672962321,1.03672962321,1.03672962321,1.03672962321
      ,1.036729623209,1.03672962321,1.03672962321,1.03672962321
      ,1.03672962321,1.03672962321,1.03672962321,1.03672962321
      ,1.03672962321,1.036729623209,1.03672962321,1.036729623209
      ,1.03672962321,1.036729623209,1.03672962321,1.03672962321
      ,1.03672962321,1.03672962321,1.03672962321,1.036729623209
      ,1.03672962321,1.036729623209,1.03672962321,1.036729623209
      ,1.03672962321,1.03672962321,1.03672962321,1.03672962321
      ,1.03672962321,1.03672962321,1.03672962321,1.036729623209
      ,1.03672962321,1.03672962321,1.03672962321,1.03672962321
      ,1.03672962321,1.03672962321,1.03672962321,1.036729623209
      ,1.03672962321,1.036729623209,1.03672962321,1.036729623209
      ,1.03672962321,1.03672962321,1.03672962321,1.03672962321
      ,1.03672962321,1.036729623209,1.03672962321,1.036729623209
      ,1.03672962321,1.036729623209,1.03672962321,1.03672962321
      ,1.03672962321,1.03672962321,1.03672962321,1.036729623209
      ,1.03672962321,1.036729623209,1.03672962321,1.036729623209
      ,1.03672962321,1.03672962321,1.03672962321,1.03672962321
      ,1.036729623209,1.03672962321,1.036729623209,1.03672962321
      ,1.036729623209,1.03672962321,1.036729623209,1.03672962321
      ,1.03672962321,1.03672962321,1.036729623209,1.03672962321
      ,1.036729623209,1.03672962321,1.036729623209,1.03672962321
      ,1.036729623209,1.03672962321,1.03672962321,1.03672962321
      ,1.03672962321,1.036729623209,1.03672962321,1.036729623209
      ,1.03672962321,1.036729623209,1.03672962321,1.03672962321
      ,1.03672962321,1.03672962321,1.036729623209,1.03672962321
      ,1.036729623209,1.03672962321,1.036729623209,1.03672962321
      ,1.036729623209,1.03672962321,1.03672962321,1.03672962321
      ,1.03672962321,1.036729623209,1.03672962321,1.036729623209
      ,1.03672962321,1.036729623209,1.03672962321,1.03672962321
      ,1.03672962321,1.03672962321,1.03672962321,1.036729623209
      ,1.03672962321,1.036729623209,1.03672962321,1.036729623209
      ,1.03672962321,1.03672962321,1.03672962321,1.03672962321
      ,1.03672962321,1.036729623209,1.03672962321,1.036729623209
      ,1.03672962321,1.036729623209,1.03672962321,1.03672962321
      ,1.03672962321,1.03672962321,1.03672962321,1.036729623209
      ,1.03672962321,1.036729623209,1.03672962321,1.036729623209
      ,1.03672962321,1.03672962321,1.03672962321,1.03672962321
      ,1.03672962321,1.03672962321,1.03672962321,1.03672962321
      ,1.03672962321,1.03672962321,1.03672962321,1.03672962321
      ,1.03672962321)
    ,(1.038346699848,1.038346699847,1.038346699848,1.038346699847
      ,1.038346699848,1.038346699847,1.038346699848,1.038346699847
      ,1.038346699848,1.038346699847,1.038346699848,1.038346699847
      ,1.038346699848,1.038346699847,1.038346699848,1.038346699847
      ,1.038346699848,1.038346699847,1.038346699848,1.038346699847
      ,1.038346699848,1.038346699847,1.038346699848,1.038346699847
      ,1.038346699848,1.038346699847,1.038346699848,1.038346699847
      ,1.038346699848,1.038346699847,1.038346699848,1.038346699847
      ,1.038346699848,1.038346699847,1.038346699848,1.038346699847
      ,1.038346699848,1.038346699847,1.038346699848,1.038346699847
      ,1.038346699848,1.038346699847,1.038346699848,1.038346699847
      ,1.038346699848,1.038346699847,1.038346699848,1.038346699847
      ,1.038346699848,1.038346699848,1.038346699848,1.038346699847
      ,1.038346699848,1.038346699847,1.038346699848,1.038346699847
      ,1.038346699848,1.038346699847,1.038346699848,1.038346699848
      ,1.038346699848,1.038346699848,1.038346699847,1.038346699848
      ,1.038346699847,1.038346699848,1.038346699847,1.038346699848
      ,1.038346699847,1.038346699848,1.038346699848,1.038346699848
      ,1.038346699847,1.038346699848,1.038346699846,1.038346699849
      ,1.038346699847,1.038346699848,1.038346699847,1.038346699848
      ,1.038346699848,1.038346699848,1.038346699847,1.038346699848
      ,1.038346699847,1.038346699848,1.038346699847,1.038346699848
      ,1.038346699847,1.038346699848,1.038346699848,1.038346699847
      ,1.038346699848,1.038346699847,1.038346699848,1.038346699847
      ,1.038346699848,1.038346699847,1.038346699848,1.038346699847
      ,1.038346699848,1.038346699847,1.038346699848,1.038346699847
      ,1.038346699848,1.038346699847,1.038346699848,1.038346699847
      ,1.038346699848,1.038346699847,1.038346699848,1.038346699847
      ,1.038346699848,1.038346699847,1.038346699848,1.038346699848
      ,1.038346699847,1.038346699848,1.038346699847,1.038346699848
      ,1.038346699848,1.038346699847,1.038346699848,1.038346699847
      ,1.038346699848,1.038346699847,1.038346699848,1.038346699847
      ,1.038346699848,1.038346699847,1.038346699848,1.038346699847
      ,1.038346699848,1.038346699847,1.038346699848,1.038346699847
      ,1.038346699848,1.038346699847,1.038346699848,1.038346699847
      ,1.038346699848,1.038346699847,1.038346699848,1.038346699847
      ,1.038346699848,1.038346699847,1.038346699848,1.038346699847
      ,1.038346699848,1.038346699847,1.038346699848,1.038346699848
      ,1.038346699847,1.038346699848,1.038346699847,1.038346699848
      ,1.038346699847,1.038346699848,1.038346699847,1.038346699848
      ,1.038346699848,1.038346699848,1.038346699847,1.038346699848
      ,1.038346699846,1.038346699849,1.038346699847,1.038346699848
      ,1.038346699847,1.038346699848,1.038346699848,1.038346699847
      ,1.038346699848,1.038346699847,1.038346699848,1.038346699847
      ,1.038346699848,1.038346699847,1.038346699848,1.038346699847
      ,1.038346699848,1.038346699848,1.038346699847,1.038346699848
      ,1.038346699846,1.038346699849,1.038346699847,1.038346699848
      ,1.038346699847,1.038346699848,1.038346699848,1.038346699847
      ,1.038346699848,1.038346699847,1.038346699848,1.038346699847
      ,1.038346699848,1.038346699847,1.038346699848,1.038346699847
      ,1.038346699848,1.038346699847,1.038346699848,1.038346699847
      ,1.038346699848,1.038346699847,1.038346699848,1.038346699847
      ,1.038346699848,1.038346699847,1.038346699848,1.038346699847
      ,1.038346699848,1.038346699847,1.038346699848,1.038346699847
      ,1.038346699848,1.038346699847,1.038346699848,1.038346699847
      ,1.038346699848,1.038346699847,1.038346699848,1.038346699847
      ,1.038346699848,1.038346699847,1.038346699848,1.038346699847
      ,1.038346699848,1.038346699847,1.038346699848,1.038346699848
      ,1.038346699848,1.038346699848,1.038346699847,1.038346699848
      ,1.038346699847,1.038346699848,1.038346699847,1.038346699848
      ,1.038346699848)
    ,(0.853534330196,0.853534330196,0.853534330196,0.853534330196
      ,0.853534330196,0.853534330196,0.853534330196,0.853534330196
      ,0.853534330196,0.853534330196,0.853534330196,0.853534330196
      ,0.853534330196,0.853534330196,0.853534330197,0.853534330195
      ,0.853534330197,0.853534330196,0.853534330196,0.853534330196
      ,0.853534330196,0.853534330196,0.853534330196,0.853534330196
      ,0.853534330197,0.853534330196,0.853534330196,0.853534330196
      ,0.853534330196,0.853534330196,0.853534330196,0.853534330196
      ,0.853534330196,0.853534330196,0.853534330197,0.853534330196
      ,0.853534330196,0.853534330196,0.853534330196,0.853534330196
      ,0.853534330196,0.853534330196,0.853534330196,0.853534330196
      ,0.853534330196,0.853534330196,0.853534330196,0.853534330196
      ,0.853534330196,0.853534330196,0.853534330196,0.853534330196
      ,0.853534330196,0.853534330196,0.853534330196,0.853534330196
      ,0.853534330196,0.853534330196,0.853534330196,0.853534330196
      ,0.853534330196,0.853534330196,0.853534330196,0.853534330196
      ,0.853534330196,0.853534330196,0.853534330196,0.853534330196
      ,0.853534330196,0.853534330196,0.853534330196,0.853534330196
      ,0.853534330196,0.853534330197,0.853534330195,0.853534330197
      ,0.853534330196,0.853534330196,0.853534330196,0.853534330196
      ,0.853534330196,0.853534330196,0.853534330196,0.853534330196
      ,0.853534330196,0.853534330196,0.853534330196,0.853534330196
      ,0.853534330196,0.853534330196,0.853534330196,0.853534330196
      ,0.853534330196,0.853534330196,0.853534330197,0.853534330196
      ,0.853534330197,0.853534330196,0.853534330196,0.853534330196
      ,0.853534330196,0.853534330196,0.853534330196,0.853534330196
      ,0.853534330197,0.853534330196,0.853534330196,0.853534330196
      ,0.853534330196,0.853534330196,0.853534330196,0.853534330196
      ,0.853534330196,0.853534330196,0.853534330196,0.853534330196
      ,0.853534330196,0.853534330196,0.853534330196,0.853534330196
      ,0.853534330196,0.853534330196,0.853534330196,0.853534330196
      ,0.853534330197,0.853534330196,0.853534330196,0.853534330196
      ,0.853534330196,0.853534330196,0.853534330196,0.853534330196
      ,0.853534330196,0.853534330196,0.853534330197,0.853534330196
      ,0.853534330196,0.853534330196,0.853534330196,0.853534330196
      ,0.853534330196,0.853534330196,0.853534330196,0.853534330196
      ,0.853534330197,0.853534330196,0.853534330197,0.853534330196
      ,0.853534330196,0.853534330196,0.853534330196,0.853534330196
      ,0.853534330196,0.853534330197,0.853534330196,0.853534330197
      ,0.853534330196,0.853534330196,0.853534330196,0.853534330196
      ,0.853534330196,0.853534330196,0.853534330196,0.853534330197
      ,0.853534330195,0.853534330197,0.853534330196,0.853534330197
      ,0.853534330196,0.853534330196,0.853534330196,0.853534330196
      ,0.853534330196,0.853534330196,0.853534330197,0.853534330196
      ,0.853534330197,0.853534330196,0.853534330196,0.853534330196
      ,0.853534330196,0.853534330196,0.853534330196,0.853534330197
      ,0.853534330195,0.853534330197,0.853534330196,0.853534330197
      ,0.853534330196,0.853534330196,0.853534330196,0.853534330196
      ,0.853534330196,0.853534330196,0.853534330197,0.853534330196
      ,0.853534330197,0.853534330196,0.853534330196,0.853534330196
      ,0.853534330196,0.853534330196,0.853534330196,0.853534330196
      ,0.853534330197,0.853534330196,0.853534330197,0.853534330196
      ,0.853534330196,0.853534330196,0.853534330196,0.853534330196
      ,0.853534330196,0.853534330196,0.853534330196,0.853534330196
      ,0.853534330196,0.853534330196,0.853534330196,0.853534330196
      ,0.853534330196,0.853534330196,0.853534330196,0.853534330196
      ,0.853534330196,0.853534330196,0.853534330196,0.853534330196
      ,0.853534330196,0.853534330196,0.853534330196,0.853534330196
      ,0.853534330196,0.853534330196,0.853534330196,0.853534330196
      ,0.853534330196,0.853534330196,0.853534330196,0.853534330196
      ,0.853534330196)
    ,(1.038346699848,1.038346699847,1.038346699848,1.038346699847
      ,1.038346699848,1.038346699847,1.038346699848,1.038346699847
      ,1.038346699848,1.038346699847,1.038346699848,1.038346699847
      ,1.038346699848,1.038346699847,1.038346699848,1.038346699847
      ,1.038346699848,1.038346699847,1.038346699848,1.038346699847
      ,1.038346699848,1.038346699847,1.038346699848,1.038346699847
      ,1.038346699848,1.038346699847,1.038346699848,1.038346699847
      ,1.038346699848,1.038346699847,1.038346699848,1.038346699847
      ,1.038346699848,1.038346699847,1.038346699848,1.038346699847
      ,1.038346699848,1.038346699847,1.038346699848,1.038346699847
      ,1.038346699848,1.038346699847,1.038346699848,1.038346699847
      ,1.038346699848,1.038346699847,1.038346699848,1.038346699847
      ,1.038346699848,1.038346699848,1.038346699848,1.038346699847
      ,1.038346699848,1.038346699847,1.038346699848,1.038346699847
      ,1.038346699848,1.038346699847,1.038346699848,1.038346699847
      ,1.038346699848,1.038346699848,1.038346699847,1.038346699848
      ,1.038346699847,1.038346699848,1.038346699847,1.038346699848
      ,1.038346699847,1.038346699848,1.038346699848,1.038346699848
      ,1.038346699847,1.038346699848,1.038346699847,1.038346699848
      ,1.038346699847,1.038346699848,1.038346699847,1.038346699848
      ,1.038346699848,1.038346699848,1.038346699847,1.038346699848
      ,1.038346699847,1.038346699848,1.038346699847,1.038346699848
      ,1.038346699847,1.038346699848,1.038346699848,1.038346699847
      ,1.038346699848,1.038346699847,1.038346699848,1.038346699847
      ,1.038346699848,1.038346699847,1.038346699848,1.038346699847
      ,1.038346699848,1.038346699847,1.038346699848,1.038346699847
      ,1.038346699848,1.038346699847,1.038346699848,1.038346699847
      ,1.038346699848,1.038346699847,1.038346699848,1.038346699847
      ,1.038346699848,1.038346699847,1.038346699848,1.038346699847
      ,1.038346699848,1.038346699848,1.038346699847,1.038346699848
      ,1.038346699848,1.038346699847,1.038346699848,1.038346699847
      ,1.038346699848,1.038346699847,1.038346699848,1.038346699847
      ,1.038346699848,1.038346699847,1.038346699848,1.038346699847
      ,1.038346699848,1.038346699847,1.038346699848,1.038346699847
      ,1.038346699848,1.038346699847,1.038346699848,1.038346699847
      ,1.038346699848,1.038346699847,1.038346699848,1.038346699847
      ,1.038346699848,1.038346699847,1.038346699848,1.038346699847
      ,1.038346699848,1.038346699847,1.038346699848,1.038346699848
      ,1.038346699847,1.038346699848,1.038346699847,1.038346699848
      ,1.038346699847,1.038346699848,1.038346699847,1.038346699848
      ,1.038346699848,1.038346699848,1.038346699847,1.038346699848
      ,1.038346699847,1.038346699849,1.038346699847,1.038346699848
      ,1.038346699847,1.038346699848,1.038346699848,1.038346699847
      ,1.038346699848,1.038346699847,1.038346699848,1.038346699847
      ,1.038346699848,1.038346699847,1.038346699848,1.038346699847
      ,1.038346699848,1.038346699848,1.038346699847,1.038346699848
      ,1.038346699847,1.038346699849,1.038346699847,1.038346699848
      ,1.038346699847,1.038346699848,1.038346699848,1.038346699847
      ,1.038346699848,1.038346699847,1.038346699848,1.038346699847
      ,1.038346699848,1.038346699847,1.038346699848,1.038346699847
      ,1.038346699848,1.038346699847,1.038346699848,1.038346699847
      ,1.038346699848,1.038346699847,1.038346699848,1.038346699847
      ,1.038346699848,1.038346699847,1.038346699848,1.038346699847
      ,1.038346699848,1.038346699847,1.038346699848,1.038346699847
      ,1.038346699848,1.038346699847,1.038346699848,1.038346699847
      ,1.038346699848,1.038346699847,1.038346699848,1.038346699847
      ,1.038346699848,1.038346699847,1.038346699848,1.038346699847
      ,1.038346699848,1.038346699847,1.038346699848,1.038346699847
      ,1.038346699848,1.038346699847,1.038346699848,1.038346699847
      ,1.038346699848,1.038346699847,1.038346699848,1.038346699847
      ,1.038346699848)
    ,(1.03672962321,1.03672962321,1.03672962321,1.036729623209
      ,1.03672962321,1.036729623209,1.03672962321,1.036729623209
      ,1.03672962321,1.03672962321,1.03672962321,1.03672962321
      ,1.03672962321,1.036729623209,1.03672962321,1.036729623209
      ,1.03672962321,1.036729623209,1.03672962321,1.03672962321
      ,1.03672962321,1.03672962321,1.03672962321,1.036729623209
      ,1.03672962321,1.036729623209,1.03672962321,1.036729623209
      ,1.03672962321,1.03672962321,1.03672962321,1.03672962321
      ,1.03672962321,1.036729623209,1.03672962321,1.036729623209
      ,1.03672962321,1.036729623209,1.03672962321,1.03672962321
      ,1.03672962321,1.03672962321,1.03672962321,1.036729623209
      ,1.03672962321,1.036729623209,1.03672962321,1.03672962321
      ,1.03672962321,1.03672962321,1.03672962321,1.03672962321
      ,1.03672962321,1.036729623209,1.03672962321,1.036729623209
      ,1.03672962321,1.036729623209,1.03672962321,1.03672962321
      ,1.03672962321,1.03672962321,1.03672962321,1.03672962321
      ,1.03672962321,1.03672962321,1.03672962321,1.03672962321
      ,1.03672962321,1.03672962321,1.03672962321,1.03672962321
      ,1.036729623209,1.03672962321,1.036729623209,1.036729623211
      ,1.036729623209,1.03672962321,1.036729623209,1.03672962321
      ,1.03672962321,1.03672962321,1.036729623209,1.03672962321
      ,1.036729623209,1.03672962321,1.036729623209,1.03672962321
      ,1.03672962321,1.03672962321,1.03672962321,1.03672962321
      ,1.03672962321,1.036729623209,1.03672962321,1.036729623209
      ,1.03672962321,1.036729623209,1.03672962321,1.03672962321
      ,1.03672962321,1.03672962321,1.03672962321,1.036729623209
      ,1.03672962321,1.036729623209,1.03672962321,1.036729623209
      ,1.03672962321,1.03672962321,1.03672962321,1.03672962321
      ,1.03672962321,1.03672962321,1.03672962321,1.03672962321
      ,1.03672962321,1.03672962321,1.03672962321,1.03672962321
      ,1.03672962321,1.03672962321,1.03672962321,1.036729623209
      ,1.03672962321,1.036729623209,1.03672962321,1.036729623209
      ,1.03672962321,1.03672962321,1.03672962321,1.03672962321
      ,1.03672962321,1.036729623209,1.03672962321,1.036729623209
      ,1.03672962321,1.036729623209,1.03672962321,1.03672962321
      ,1.03672962321,1.03672962321,1.03672962321,1.036729623209
      ,1.03672962321,1.036729623209,1.03672962321,1.036729623209
      ,1.03672962321,1.03672962321,1.03672962321,1.03672962321
      ,1.036729623209,1.03672962321,1.036729623209,1.03672962321
      ,1.036729623209,1.03672962321,1.036729623209,1.03672962321
      ,1.03672962321,1.03672962321,1.036729623209,1.03672962321
      ,1.036729623209,1.036729623211,1.036729623209,1.03672962321
      ,1.036729623209,1.03672962321,1.03672962321,1.03672962321
      ,1.03672962321,1.036729623209,1.03672962321,1.036729623209
      ,1.03672962321,1.036729623209,1.03672962321,1.03672962321
      ,1.03672962321,1.03672962321,1.036729623209,1.03672962321
      ,1.036729623209,1.03672962321,1.036729623209,1.03672962321
      ,1.036729623209,1.03672962321,1.03672962321,1.03672962321
      ,1.03672962321,1.036729623209,1.03672962321,1.036729623209
      ,1.03672962321,1.036729623209,1.03672962321,1.03672962321
      ,1.03672962321,1.03672962321,1.03672962321,1.036729623209
      ,1.03672962321,1.036729623209,1.03672962321,1.036729623209
      ,1.03672962321,1.03672962321,1.03672962321,1.03672962321
      ,1.03672962321,1.036729623209,1.03672962321,1.036729623209
      ,1.03672962321,1.036729623209,1.03672962321,1.03672962321
      ,1.03672962321,1.03672962321,1.03672962321,1.036729623209
      ,1.03672962321,1.03672962321,1.03672962321,1.03672962321
      ,1.03672962321,1.03672962321,1.03672962321,1.03672962321
      ,1.03672962321,1.03672962321,1.03672962321,1.03672962321
      ,1.03672962321,1.03672962321,1.03672962321,1.03672962321
      ,1.03672962321)
    ,(1.669078461068,1.669078461068,1.669078461068,1.669078461068
      ,1.669078461069,1.669078461068,1.669078461069,1.669078461068
      ,1.669078461068,1.669078461068,1.669078461068,1.669078461068
      ,1.669078461069,1.669078461067,1.669078461069,1.669078461067
      ,1.669078461069,1.669078461068,1.669078461068,1.669078461068
      ,1.669078461068,1.669078461068,1.669078461069,1.669078461068
      ,1.669078461069,1.669078461067,1.669078461069,1.669078461068
      ,1.669078461068,1.669078461068,1.669078461068,1.669078461068
      ,1.669078461069,1.669078461068,1.669078461069,1.669078461067
      ,1.669078461069,1.669078461068,1.669078461068,1.669078461068
      ,1.669078461068,1.669078461068,1.669078461068,1.669078461068
      ,1.669078461068,1.669078461068,1.669078461068,1.669078461068
      ,1.669078461068,1.669078461068,1.669078461068,1.669078461068
      ,1.669078461068,1.669078461068,1.669078461069,1.669078461068
      ,1.669078461069,1.669078461068,1.669078461068,1.669078461068
      ,1.669078461068,1.669078461068,1.669078461068,1.669078461068
      ,1.669078461068,1.669078461068,1.669078461068,1.669078461068
      ,1.669078461068,1.669078461068,1.669078461068,1.669078461068
      ,1.669078461068,1.669078461069,1.669078461067,1.66907846107
      ,1.669078461067,1.669078461069,1.669078461068,1.669078461068
      ,1.669078461068,1.669078461068,1.669078461068,1.669078461069
      ,1.669078461068,1.669078461069,1.669078461068,1.669078461069
      ,1.669078461068,1.669078461068,1.669078461068,1.669078461068
      ,1.669078461069,1.669078461067,1.66907846107,1.669078461067
      ,1.669078461069,1.669078461068,1.669078461068,1.669078461068
      ,1.669078461068,1.669078461068,1.669078461069,1.669078461067
      ,1.66907846107,1.669078461067,1.669078461069,1.669078461068
      ,1.669078461068,1.669078461068,1.669078461068,1.669078461068
      ,1.669078461068,1.669078461068,1.669078461069,1.669078461068
      ,1.669078461068,1.669078461068,1.669078461068,1.669078461068
      ,1.669078461068,1.669078461068,1.669078461069,1.669078461067
      ,1.66907846107,1.669078461067,1.669078461069,1.669078461068
      ,1.669078461068,1.669078461068,1.669078461068,1.669078461068
      ,1.669078461069,1.669078461067,1.66907846107,1.669078461067
      ,1.669078461069,1.669078461068,1.669078461068,1.669078461068
      ,1.669078461068,1.669078461068,1.669078461069,1.669078461067
      ,1.66907846107,1.669078461067,1.669078461069,1.669078461068
      ,1.669078461068,1.669078461068,1.669078461068,1.669078461068
      ,1.669078461068,1.669078461069,1.669078461067,1.66907846107
      ,1.669078461067,1.669078461069,1.669078461068,1.669078461068
      ,1.669078461068,1.669078461068,1.669078461068,1.669078461069
      ,1.669078461067,1.669078461069,1.669078461067,1.669078461069
      ,1.669078461068,1.669078461068,1.669078461068,1.669078461068
      ,1.669078461069,1.669078461067,1.66907846107,1.669078461067
      ,1.669078461069,1.669078461068,1.669078461068,1.669078461068
      ,1.669078461068,1.669078461068,1.669078461068,1.669078461069
      ,1.669078461067,1.66907846107,1.669078461067,1.669078461069
      ,1.669078461068,1.669078461068,1.669078461068,1.669078461068
      ,1.669078461069,1.669078461067,1.66907846107,1.669078461067
      ,1.669078461069,1.669078461068,1.669078461068,1.669078461068
      ,1.669078461068,1.669078461068,1.669078461069,1.669078461067
      ,1.66907846107,1.669078461067,1.669078461069,1.669078461068
      ,1.669078461068,1.669078461068,1.669078461068,1.669078461068
      ,1.669078461068,1.669078461068,1.669078461069,1.669078461068
      ,1.669078461069,1.669078461068,1.669078461068,1.669078461068
      ,1.669078461068,1.669078461068,1.669078461068,1.669078461068
      ,1.669078461069,1.669078461068,1.669078461068,1.669078461068
      ,1.669078461068,1.669078461068,1.669078461068,1.669078461068
      ,1.669078461068,1.669078461068,1.669078461068,1.669078461068
      ,1.669078461068,1.669078461068,1.669078461068,1.669078461068
,1.669078461068))) REPRESENTATION_ITEM('') SURFACE() );
#4256 = CARTESIAN_POINT('',(1.836E-02,-4.432E-02,-1.96E-02));
#4257 = CARTESIAN_POINT('',(1.835810139144E-02,-3.640884032777E-02,
    -1.95997401678E-02));
#4258 = CARTESIAN_POINT('',(1.837083449834E-02,-3.070734835401E-02,
    -1.960148274456E-02));
#4259 = CARTESIAN_POINT('',(1.833487845131E-02,-2.812291674384E-02,
    -1.95965620153E-02));
#4260 = CARTESIAN_POINT('',(1.83801449599E-02,-2.482202026989E-02,
    -1.960275691857E-02));
#4261 = CARTESIAN_POINT('',(1.838238285167E-02,-2.195998030159E-02,
    -1.960306318303E-02));
#4262 = CARTESIAN_POINT('',(1.83102373172E-02,-2.011737077866E-02,
    -1.959318977725E-02));
#4263 = CARTESIAN_POINT('',(1.834012316903E-02,-1.645205445178E-02,
    -1.959727977595E-02));
#4264 = CARTESIAN_POINT('',(1.849109865426E-02,-9.731179202316E-03,
    -1.96179413767E-02));
#4265 = CARTESIAN_POINT('',(1.831075359504E-02,-5.562805282056E-03,
    -1.959326043194E-02));
#4266 = CARTESIAN_POINT('',(1.792195286291E-02,-1.302175343443E-03,
    -1.95400514922E-02));
#4267 = CARTESIAN_POINT('',(1.750525468356E-02,2.818990273204E-03,
    -1.948513817806E-02));
#4268 = CARTESIAN_POINT('',(1.688268069494E-02,6.17164277692E-03,
    -1.939669575458E-02));
#4269 = CARTESIAN_POINT('',(1.580875266429E-02,8.857316777544E-03,
    -1.926331556312E-02));
#4270 = CARTESIAN_POINT('',(1.418944356598E-02,1.130275456424E-02,
    -1.913104080574E-02));
#4271 = CARTESIAN_POINT('',(1.205858675618E-02,1.360874490211E-02,
    -1.901908901536E-02));
#4272 = CARTESIAN_POINT('',(9.527270908662E-03,1.554036642794E-02,
    -1.891204826696E-02));
#4273 = CARTESIAN_POINT('',(6.727814154565E-03,1.683324810985E-02,
    -1.879049594368E-02));
#4274 = CARTESIAN_POINT('',(3.773910868546E-03,1.749045923483E-02,
    -1.866198887188E-02));
#4275 = CARTESIAN_POINT('',(7.585445439974E-04,1.774464138925E-02,
    -1.855437363918E-02));
#4276 = CARTESIAN_POINT('',(-2.188739800005E-03,1.735999489632E-02,
    -1.843336590952E-02));
#4277 = CARTESIAN_POINT('',(-9.041309411553E-03,1.644073910047E-02,
    -1.815815647116E-02));
#4278 = CARTESIAN_POINT('',(-1.556810288641E-02,1.269024592251E-02,
    -1.788302078103E-02));
#4279 = CARTESIAN_POINT('',(-2.01733246105E-02,5.867738597502E-03,
    -1.760791900127E-02));
#4280 = CARTESIAN_POINT('',(-2.146078948776E-02,-2.719968242343E-03,
    -1.733284555228E-02));
#4281 = CARTESIAN_POINT('',(-1.882843945099E-02,-1.112730253393E-02,
    -1.705781620458E-02));
#4282 = CARTESIAN_POINT('',(-1.272757235156E-02,-1.747929632394E-02,
    -1.678285624295E-02));
#4283 = CARTESIAN_POINT('',(-4.586783228041E-03,-2.048147488388E-02,
    -1.650798970304E-02));
#4284 = CARTESIAN_POINT('',(3.599382046221E-03,-1.973027339919E-02,
    -1.623322968008E-02));
#4285 = CARTESIAN_POINT('',(1.001706073674E-02,-1.582398123303E-02,
    -1.595856971014E-02));
#4286 = CARTESIAN_POINT('',(1.411499484246E-02,-1.027421376413E-02,
    -1.568397622351E-02));
#4287 = CARTESIAN_POINT('',(2.234082390535E-02,9.076623847309E-04,
    -1.513480165765E-02));
#4288 = CARTESIAN_POINT('',(1.98646246651E-02,1.927151395525E-02,
    -1.458616567859E-02));
#4289 = CARTESIAN_POINT('',(3.796670919955E-03,3.455980552829E-02,
    -1.403771778362E-02));
#4290 = CARTESIAN_POINT('',(-3.278546710962E-02,3.160322955723E-02,
    -1.349046292252E-02));
#4291 = CARTESIAN_POINT('',(-4.588360858673E-02,-8.832769382476E-03,
    -1.294325557705E-02));
#4292 = CARTESIAN_POINT('',(-1.861837831524E-02,-4.136525328702E-02,
    -1.239677049517E-02));
#4293 = CARTESIAN_POINT('',(1.614491311075E-02,-3.046774217461E-02,
    -1.185168754953E-02));
#4294 = CARTESIAN_POINT('',(2.533861339825E-02,-1.054481157415E-02,
    -1.130686081641E-02));
#4295 = CARTESIAN_POINT('',(2.089989139128E-02,7.268297482693E-03,
    -1.076327076566E-02));
#4296 = CARTESIAN_POINT('',(9.274704326392E-03,1.454690661015E-02,
    -1.022058341294E-02));
#4297 = CARTESIAN_POINT('',(-1.662578902338E-03,2.138807851736E-02,
    -9.716647498599E-03));
#4298 = CARTESIAN_POINT('',(-1.669180339671E-02,1.906182137777E-02,
    -9.213699557165E-03));
#4299 = CARTESIAN_POINT('',(-3.311757481771E-02,4.499586975774E-03,
    -8.711493226025E-03));
#4300 = CARTESIAN_POINT('',(-2.819194422923E-02,-2.407963671309E-02,
    -8.210332223784E-03));
#4301 = CARTESIAN_POINT('',(-1.161593172311E-03,-3.971824597658E-02,
    -7.710260212253E-03));
#4302 = CARTESIAN_POINT('',(2.656560216305E-02,-2.559038344642E-02,
    -7.211203540007E-03));
#4303 = CARTESIAN_POINT('',(3.296065153044E-02,2.478870114E-03,
    -6.713216617763E-03));
#4304 = CARTESIAN_POINT('',(1.763469107705E-02,1.766012180334E-02,
    -6.216446630276E-03));
#4305 = CARTESIAN_POINT('',(3.024389976073E-03,2.088879341561E-02,
    -5.720901244037E-03));
#4306 = CARTESIAN_POINT('',(-8.106979202207E-03,1.485546774041E-02,
    -5.22656992447E-03));
#4307 = CARTESIAN_POINT('',(-1.993755837995E-02,8.439371968968E-03,
    -4.694205451854E-03));
#4308 = CARTESIAN_POINT('',(-2.532109253033E-02,-8.658092907075E-03,
    -4.163371224964E-03));
#4309 = CARTESIAN_POINT('',(-1.752642674739E-02,-2.869015279577E-02,
    -3.633838587651E-03));
#4310 = CARTESIAN_POINT('',(1.573230512214E-02,-4.095861461386E-02,
    -3.106232912302E-03));
#4311 = CARTESIAN_POINT('',(4.354225482606E-02,-1.099549218274E-02,
    -2.579870831216E-03));
#4312 = CARTESIAN_POINT('',(3.295898963171E-02,2.835597339792E-02,
    -2.055145907848E-03));
#4313 = CARTESIAN_POINT('',(-1.574793105768E-03,3.293119876204E-02,
    -1.5324705826E-03));
#4314 = CARTESIAN_POINT('',(-1.761360331373E-02,1.944295740586E-02,
    -1.011166663113E-03));
#4315 = CARTESIAN_POINT('',(-2.100508375171E-02,2.240230940003E-03,
    -4.917881220966E-04));
#4316 = CARTESIAN_POINT('',(-1.392819365725E-02,-8.762199847947E-03,
    2.584148325672E-05));
#4317 = CARTESIAN_POINT('',(-7.467892714078E-03,-1.901013619687E-02,
    5.065469883409E-04));
#4318 = CARTESIAN_POINT('',(7.532912188124E-03,-2.3625128263E-02,
    9.853973936944E-04));
#4319 = CARTESIAN_POINT('',(2.492866777697E-02,-1.642618441828E-02,
    1.463441713269E-03));
#4320 = CARTESIAN_POINT('',(3.555111389239E-02,8.563044592236E-03,
    1.938808683103E-03));
#4321 = CARTESIAN_POINT('',(1.697724285065E-02,3.361133806667E-02,
    2.413330103405E-03));
#4322 = CARTESIAN_POINT('',(-1.407748091178E-02,3.336111202301E-02,
    2.886298205037E-03));
#4323 = CARTESIAN_POINT('',(-2.741121086494E-02,1.028701808741E-02,
    3.356809621988E-03));
#4324 = CARTESIAN_POINT('',(-2.305800282319E-02,-7.555582997233E-03,
    3.826538933075E-03));
#4325 = CARTESIAN_POINT('',(-1.078444445753E-02,-1.67002725677E-02,
    4.294068914114E-03));
#4326 = CARTESIAN_POINT('',(9.310023989348E-04,-1.592553718943E-02,
    4.760082615543E-03));
#4327 = CARTESIAN_POINT('',(1.359837188912E-02,-1.519844104821E-02,
    5.261924714581E-03));
#4328 = CARTESIAN_POINT('',(2.503230967701E-02,-2.79180779045E-03,
    5.761790713253E-03));
#4329 = CARTESIAN_POINT('',(2.641768288778E-02,1.743396177976E-02,
    6.259705864652E-03));
#4330 = CARTESIAN_POINT('',(2.943405807299E-03,4.109980384829E-02,
    6.755647430065E-03));
#4331 = CARTESIAN_POINT('',(-3.259805290705E-02,2.668881224368E-02,
    7.24959288473E-03));
#4332 = CARTESIAN_POINT('',(-3.923338128879E-02,-1.092562903352E-02,
    7.741570224974E-03));
#4333 = CARTESIAN_POINT('',(-1.179899728786E-02,-2.852450388239E-02,
    8.231581550837E-03));
#4334 = CARTESIAN_POINT('',(7.168329537194E-03,-2.348561673343E-02,
    8.71959542735E-03));
#4335 = CARTESIAN_POINT('',(1.688246728191E-02,-1.027052823539E-02,
    9.205681968573E-03));
#4336 = CARTESIAN_POINT('',(1.527641518352E-02,1.858869921412E-03,
    9.689797142592E-03));
#4337 = CARTESIAN_POINT('',(1.388978796381E-02,1.310268640844E-02,
    1.013931168977E-02));
#4338 = CARTESIAN_POINT('',(3.033638647862E-03,2.298283195489E-02,
    1.058734747654E-02));
#4339 = CARTESIAN_POINT('',(-1.454325964755E-02,2.379695884012E-02,
    1.103311752687E-02));
#4340 = CARTESIAN_POINT('',(-3.345287616178E-02,6.893977552381E-03,
    1.14782364918E-02));
#4341 = CARTESIAN_POINT('',(-2.769646681051E-02,-2.16493794416E-02,
    1.192082054808E-02));
#4342 = CARTESIAN_POINT('',(-1.361997663625E-03,-3.377395856625E-02,
    1.236186734021E-02));
#4343 = CARTESIAN_POINT('',(1.905260533343E-02,-1.957887455511E-02,
    1.280218114608E-02));
#4344 = CARTESIAN_POINT('',(2.248318272476E-02,-2.785724634779E-03,
    1.323972329995E-02));
#4345 = CARTESIAN_POINT('',(1.574415777359E-02,9.820184406332E-03,
    1.367655853451E-02));
#4346 = CARTESIAN_POINT('',(5.54142981037E-03,1.382251664343E-02,
    1.41115343057E-02));
#4347 = CARTESIAN_POINT('',(5.438409030255E-05,1.594657480702E-02,
    1.43457818738E-02));
#4348 = CARTESIAN_POINT('',(-6.347506658527E-03,1.582108593066E-02,
    1.457959428275E-02));
#4349 = CARTESIAN_POINT('',(-1.255589209724E-02,1.262258301095E-02,
    1.481297555232E-02));
#4350 = CARTESIAN_POINT('',(-1.700398005661E-02,6.766096620102E-03,
    1.504592030925E-02));
#4351 = CARTESIAN_POINT('',(-1.846513305682E-02,-5.387462366211E-04,
    1.527842725124E-02));
#4352 = CARTESIAN_POINT('',(-1.652454259217E-02,-7.715048298852E-03,
    1.551050508194E-02));
#4353 = CARTESIAN_POINT('',(-1.172398118086E-02,-1.322939326417E-02,
    1.574217091756E-02));
#4354 = CARTESIAN_POINT('',(-5.379632179547E-03,-1.598602203625E-02,
    1.597344116443E-02));
#4355 = CARTESIAN_POINT('',(9.270026370622E-04,-1.570443400842E-02,
    1.620431486814E-02));
#4356 = CARTESIAN_POINT('',(6.185117731625E-03,-1.328041338222E-02,
    1.643474953381E-02));
#4357 = CARTESIAN_POINT('',(8.435480699955E-03,-1.224463347023E-02,
    1.65324542496E-02));
#4358 = CARTESIAN_POINT('',(1.047349019759E-02,-1.071422032971E-02,
    1.66331003194E-02));
#4359 = CARTESIAN_POINT('',(1.223240427553E-02,-8.842310657934E-03,
    1.673222984114E-02));
#4360 = CARTESIAN_POINT('',(1.363556197068E-02,-6.709168620771E-03,
    1.682913331959E-02));
#4361 = CARTESIAN_POINT('',(1.460681239898E-02,-4.353321993581E-03,
    1.69254960085E-02));
#4362 = CARTESIAN_POINT('',(1.508094384841E-02,-1.802698302054E-03,
    1.702404425245E-02));
#4363 = CARTESIAN_POINT('',(1.501411287226E-02,8.942390369644E-04,
    1.712719182906E-02));
#4364 = CARTESIAN_POINT('',(1.439427338203E-02,3.637354574561E-03,
    1.723568629084E-02));
#4365 = CARTESIAN_POINT('',(1.325160574071E-02,6.243704688973E-03,
    1.734725530738E-02));
#4366 = CARTESIAN_POINT('',(1.16689458558E-02,8.416401444679E-03,
    1.745525300725E-02));
#4367 = CARTESIAN_POINT('',(9.54378846606E-03,1.132755296242E-02,
    1.760042887598E-02));
#4368 = CARTESIAN_POINT('',(6.605432768981E-03,1.369141568352E-02,
    1.7745555757E-02));
#4369 = CARTESIAN_POINT('',(3.037941862766E-03,1.518310931773E-02,
    1.789053577758E-02));
#4370 = CARTESIAN_POINT('',(-8.779399061184E-04,1.561984308062E-02,
    1.803534000849E-02));
#4371 = CARTESIAN_POINT('',(-4.80745687413E-03,1.494598851263E-02,
    1.817998677355E-02));
#4372 = CARTESIAN_POINT('',(-8.404511991866E-03,1.321815229774E-02,
    1.832451995912E-02));
#4373 = CARTESIAN_POINT('',(-1.135433675527E-02,1.059024908264E-02,
    1.846898732364E-02));
#4374 = CARTESIAN_POINT('',(-1.341616113681E-02,7.298574295384E-03,
    1.861341880711E-02));
#4375 = CARTESIAN_POINT('',(-1.446588351673E-02,3.64687696449E-03,
    1.875780484066E-02));
#4376 = CARTESIAN_POINT('',(-1.453874061418E-02,-8.567462291269E-06,
    1.890207465602E-02));
#4377 = CARTESIAN_POINT('',(-1.459121459648E-02,-2.746415390955E-03,
    1.901030044958E-02));
#4378 = CARTESIAN_POINT('',(-1.405258852954E-02,-5.530428364319E-03,
    1.911853342649E-02));
#4379 = CARTESIAN_POINT('',(-1.294252120296E-02,-8.201788808365E-03,
    1.922677785806E-02));
#4380 = CARTESIAN_POINT('',(-1.129972564781E-02,-1.062369704198E-02,
    1.933504531307E-02));
#4381 = CARTESIAN_POINT('',(-9.181969136682E-03,-1.268137127692E-02,
    1.944335465786E-02));
#4382 = CARTESIAN_POINT('',(-6.66607318365E-03,-1.428204761785E-02,
    1.955173205622E-02));
#4383 = CARTESIAN_POINT('',(-3.847913544275E-03,-1.535498006231E-02,
    1.96602109695E-02));
#4384 = CARTESIAN_POINT('',(-8.424202156505E-04,-1.585144050073E-02,
    1.97688321565E-02));
#4385 = CARTESIAN_POINT('',(2.216422563669E-03,-1.574471871644E-02,
    1.987764367359E-02));
#4386 = CARTESIAN_POINT('',(5.175576313606E-03,-1.503012238563E-02,
    1.998670087461E-02));
#4387 = CARTESIAN_POINT('',(8.131489507865E-03,-1.43622702851E-02,
    2.009314181762E-02));
#4388 = CARTESIAN_POINT('',(1.110418244836E-02,-1.283026255547E-02,
    2.021419463251E-02));
#4389 = CARTESIAN_POINT('',(1.373646163858E-02,-1.129998873519E-02,
    2.030465957014E-02));
#4390 = CARTESIAN_POINT('',(1.614381866537E-02,-8.653526606136E-03,
    2.04121904287E-02));
#4391 = CARTESIAN_POINT('',(1.83483582495E-02,-5.26170242784E-03,
    2.05628660498E-02));
#4392 = CARTESIAN_POINT('',(1.990174901833E-02,-1.94180408389E-03,
    2.068772367252E-02));
#4393 = CARTESIAN_POINT('',(2.021085338041E-02,1.2794343037E-03,
    2.068350977057E-02));
#4394 = CARTESIAN_POINT('',(1.931367009579E-02,4.791617341523E-03,
    2.055935117256E-02));
#4395 = CARTESIAN_POINT('',(1.80872003522E-02,8.123443569619E-03,
    2.047949644071E-02));
#4396 = CARTESIAN_POINT('',(1.61028253708E-02,1.098479116521E-02,
    2.037072465893E-02));
#4397 = CARTESIAN_POINT('',(1.150183688825E-02,1.771361945548E-02,
    2.012745919735E-02));
#4398 = CARTESIAN_POINT('',(3.855969105656E-03,2.232325412783E-02,
    1.988375038241E-02));
#4399 = CARTESIAN_POINT('',(-5.947265550742E-03,2.322600628032E-02,
    1.964011920814E-02));
#4400 = CARTESIAN_POINT('',(-1.562706342414E-02,1.92969306082E-02,
    1.939626123148E-02));
#4401 = CARTESIAN_POINT('',(-2.2572679418E-02,1.103256686824E-02,
    1.915203335506E-02));
#4402 = CARTESIAN_POINT('',(-2.487113506375E-02,4.744260751904E-04,
    1.890758930972E-02));
#4403 = CARTESIAN_POINT('',(-2.205273530677E-02,-9.617501791788E-03,
    1.866308742747E-02));
#4404 = CARTESIAN_POINT('',(-1.530784444963E-02,-1.685594179469E-02,
    1.841839429567E-02));
#4405 = CARTESIAN_POINT('',(-6.928371694839E-03,-2.009695297703E-02,
    1.817320788316E-02));
#4406 = CARTESIAN_POINT('',(1.272583273917E-03,-1.960469546039E-02,
    1.792802372919E-02));
#4407 = CARTESIAN_POINT('',(1.761099318834E-02,-1.858332765463E-02,
    1.743755754102E-02));
#4408 = CARTESIAN_POINT('',(3.342963284466E-02,-2.126442825505E-03,
    1.694603333253E-02));
#4409 = CARTESIAN_POINT('',(3.046212101995E-02,2.731846833952E-02,
    1.645407048417E-02));
#4410 = CARTESIAN_POINT('',(2.377972983782E-03,5.527715937886E-02,
    1.596006605678E-02));
#4411 = CARTESIAN_POINT('',(-6.130150569787E-02,3.159030831193E-02,
    1.546661720097E-02));
#4412 = CARTESIAN_POINT('',(-4.394036370524E-02,-3.445246630271E-02,
    1.497076589363E-02));
#4413 = CARTESIAN_POINT('',(-4.245030018477E-03,-4.117671729994E-02,
    1.447472525965E-02));
#4414 = CARTESIAN_POINT('',(2.16627296851E-02,-2.612538090441E-02,
    1.397726342796E-02));
#4415 = CARTESIAN_POINT('',(2.580911576326E-02,-3.314465817835E-03,
    1.347886397558E-02));
#4416 = CARTESIAN_POINT('',(1.686762652496E-02,1.07601913273E-02,
    1.297934804913E-02));
#4417 = CARTESIAN_POINT('',(8.584732863415E-03,2.394930798316E-02,
    1.251557209043E-02));
#4418 = CARTESIAN_POINT('',(-1.139702039459E-02,2.930517612702E-02,
    1.205052054409E-02));
#4419 = CARTESIAN_POINT('',(-3.403095926155E-02,1.909574992774E-02,
    1.158537882451E-02));
#4420 = CARTESIAN_POINT('',(-4.69512707478E-02,-1.817889760594E-02,
    1.111801219368E-02));
#4421 = CARTESIAN_POINT('',(-1.386838326946E-02,-5.018795836766E-02,
    1.065060755179E-02));
#4422 = CARTESIAN_POINT('',(3.112533995425E-02,-3.996849935293E-02,
    1.018226608574E-02));
#4423 = CARTESIAN_POINT('',(3.951701483718E-02,-9.440000298743E-04,
    9.711954858673E-03));
#4424 = CARTESIAN_POINT('',(2.502648814966E-02,1.972959037792E-02,
    9.241751181344E-03));
#4425 = CARTESIAN_POINT('',(4.810280778416E-03,2.541798636682E-02,
    8.769825910612E-03));
#4426 = CARTESIAN_POINT('',(-9.303987262609E-03,1.814609989214E-02,
    8.297110669133E-03));
#4427 = CARTESIAN_POINT('',(-2.4683438041E-02,1.045982361417E-02,
    7.788000453419E-03));
#4428 = CARTESIAN_POINT('',(-3.133966777877E-02,-1.188777467732E-02,
    7.277660472768E-03));
#4429 = CARTESIAN_POINT('',(-2.19108067517E-02,-3.825450142205E-02,
    6.76617275821E-03));
#4430 = CARTESIAN_POINT('',(2.807045192959E-02,-5.435027980577E-02,
    6.253368322615E-03));
#4431 = CARTESIAN_POINT('',(6.237474160696E-02,-4.140736795821E-03,
    5.73942222831E-03));
#4432 = CARTESIAN_POINT('',(3.532011095445E-02,5.04634524612E-02,
    5.224250662016E-03));
#4433 = CARTESIAN_POINT('',(-1.710970693972E-02,4.141211360679E-02,
    4.707750807531E-03));
#4434 = CARTESIAN_POINT('',(-3.009621864552E-02,1.589828154685E-02,
    4.190088426367E-03));
#4435 = CARTESIAN_POINT('',(-2.627062608987E-02,-7.492359692984E-03,
    3.671153731503E-03));
#4436 = CARTESIAN_POINT('',(-1.166672863724E-02,-1.72627378485E-02,
    3.150973370045E-03));
#4437 = CARTESIAN_POINT('',(1.704754112404E-03,-2.64433639607E-02,
    2.667951131894E-03));
#4438 = CARTESIAN_POINT('',(2.301464853806E-02,-2.329606530287E-02,
    2.183872644101E-03));
#4439 = CARTESIAN_POINT('',(4.044047812061E-02,-4.182435545178E-03,
    1.698625756334E-03));
#4440 = CARTESIAN_POINT('',(3.737507637024E-02,3.680573132736E-02,
    1.212513389564E-03));
#4441 = CARTESIAN_POINT('',(-7.502871702449E-03,5.373979135082E-02,
    7.25091151711E-04));
#4442 = CARTESIAN_POINT('',(-4.630630775824E-02,2.534786619748E-02,
    2.366591362802E-04));
#4443 = CARTESIAN_POINT('',(-3.819150720527E-02,-1.545815625809E-02,
    -2.526269849358E-04));
#4444 = CARTESIAN_POINT('',(-1.576582490178E-02,-2.92235297517E-02,
    -7.433291709173E-04));
#4445 = CARTESIAN_POINT('',(5.917837696113E-03,-2.630165192001E-02,
    -1.234814536824E-03));
#4446 = CARTESIAN_POINT('',(1.640701538565E-02,-1.350471969126E-02,
    -1.727471340805E-03));
#4447 = CARTESIAN_POINT('',(2.793563164038E-02,2.09037811725E-04,
    -2.258001398596E-03));
#4448 = CARTESIAN_POINT('',(2.504522913564E-02,2.434227282526E-02,
    -2.789731680268E-03));
#4449 = CARTESIAN_POINT('',(5.131849661483E-03,4.56360022737E-02,
    -3.322757660684E-03));
#4450 = CARTESIAN_POINT('',(-4.934402322889E-02,4.035453398262E-02,
    -3.856797176468E-03));
#4451 = CARTESIAN_POINT('',(-6.133016551807E-02,-2.186053221354E-02,
    -4.39222553001E-03));
#4452 = CARTESIAN_POINT('',(-1.285329917665E-02,-6.284983192135E-02,
    -4.928825619514E-03));
#4453 = CARTESIAN_POINT('',(3.346060122244E-02,-3.245501731929E-02,
    -5.466400466429E-03));
#4454 = CARTESIAN_POINT('',(3.531449522757E-02,-2.758895262749E-03,
    -6.005335906393E-03));
#4455 = CARTESIAN_POINT('',(2.199220498226E-02,1.800794548274E-02,
    -6.545288893382E-03));
#4456 = CARTESIAN_POINT('',(4.013855181061E-03,2.129920618726E-02,
    -7.08641183765E-03));
#4457 = CARTESIAN_POINT('',(-1.372853153578E-02,2.470234056629E-02,
    -7.627517580375E-03));
#4458 = CARTESIAN_POINT('',(-3.511602231869E-02,1.138812511182E-02,
    -8.16979093364E-03));
#4459 = CARTESIAN_POINT('',(-4.015465562978E-02,-2.068611653483E-02,
    -8.712963349754E-03));
#4460 = CARTESIAN_POINT('',(-1.752907077573E-02,-5.867570284089E-02,
    -9.25775191261E-03));
#4461 = CARTESIAN_POINT('',(5.661229939692E-02,-5.034859396726E-02,
    -9.802518642074E-03));
#4462 = CARTESIAN_POINT('',(5.664651834902E-02,2.462319658451E-02,
    -1.034998769275E-02));
#4463 = CARTESIAN_POINT('',(1.566212831327E-02,4.289514659677E-02,
    -1.089673829378E-02));
#4464 = CARTESIAN_POINT('',(-1.590867922911E-02,3.381902397832E-02,
    -1.144568771574E-02));
#4465 = CARTESIAN_POINT('',(-2.665615824709E-02,1.062329761147E-02,
    -1.199506867903E-02));
#4466 = CARTESIAN_POINT('',(-2.095717484474E-02,-6.852480427423E-03,
    -1.254556512881E-02));
#4467 = CARTESIAN_POINT('',(-1.809391246718E-02,-1.560981190105E-02,
    -1.282084716521E-02));
#4468 = CARTESIAN_POINT('',(-1.120512534251E-02,-2.304968594946E-02,
    -1.309620230503E-02));
#4469 = CARTESIAN_POINT('',(-8.969594984983E-04,-2.708229778351E-02,
    -1.337194255185E-02));
#4470 = CARTESIAN_POINT('',(1.087538648437E-02,-2.589478066845E-02,
    -1.364797715892E-02));
#4471 = CARTESIAN_POINT('',(2.106291200482E-02,-1.913442570098E-02,
    -1.392410149478E-02));
#4472 = CARTESIAN_POINT('',(2.686339728354E-02,-8.356593789366E-03,
    -1.420037544564E-02));
#4473 = CARTESIAN_POINT('',(2.695933372036E-02,3.509407063669E-03,
    -1.447703553958E-02));
#4474 = CARTESIAN_POINT('',(2.196164833442E-02,1.344217921009E-02,
    -1.475402376067E-02));
#4475 = CARTESIAN_POINT('',(1.386410022218E-02,1.964250070741E-02,
    -1.503085480284E-02));
#4476 = CARTESIAN_POINT('',(4.809658332683E-03,2.168364487515E-02,
    -1.530818229623E-02));
#4477 = CARTESIAN_POINT('',(9.186155440585E-04,2.256299493926E-02,
    -1.542549066176E-02));
#4478 = CARTESIAN_POINT('',(-3.122708602343E-03,2.261275085842E-02,
    -1.554767118495E-02));
#4479 = CARTESIAN_POINT('',(-7.166448809432E-03,2.19078510384E-02,
    -1.566652627574E-02));
#4480 = CARTESIAN_POINT('',(-1.105117834174E-02,2.043303972065E-02,
    -1.578233451617E-02));
#4481 = CARTESIAN_POINT('',(-1.459015958935E-02,1.817753824737E-02,
    -1.58991274999E-02));
#4482 = CARTESIAN_POINT('',(-1.7586144449E-02,1.520004698411E-02,
    -1.602053697011E-02));
#4483 = CARTESIAN_POINT('',(-1.987272452235E-02,1.166407789903E-02,
    -1.614621225588E-02));
#4484 = CARTESIAN_POINT('',(-2.138223113135E-02,7.843617799958E-03,
    -1.626880800705E-02));
#4485 = CARTESIAN_POINT('',(-2.224018515083E-02,4.09912222805E-03,
    -1.637154222745E-02));
#4486 = CARTESIAN_POINT('',(-2.28862966582E-02,8.238400090534E-04,
    -1.642632460663E-02));
#4487 = CARTESIAN_POINT('',(-2.366069352725E-02,-3.466205757825E-03,
    -1.650158382788E-02));
#4488 = CARTESIAN_POINT('',(-2.389859749483E-02,-7.986006943661E-03,
    -1.652470435955E-02));
#4489 = CARTESIAN_POINT('',(-2.308516355194E-02,-9.201306196065E-03,
    -1.644565134742E-02));
#4490 = CARTESIAN_POINT('',(-2.374253795244E-02,-1.547139879091E-02,
    -1.650953782144E-02));
#4491 = CARTESIAN_POINT('',(-2.367647206657E-02,-1.762780258893E-02,
    -1.650311725425E-02));
#4492 = CARTESIAN_POINT('',(-2.329139045029E-02,-1.996172920711E-02,
    -1.646569336514E-02));
#4493 = CARTESIAN_POINT('',(-2.372225727051E-02,-2.628090371405E-02,
    -1.650756685746E-02));
#4494 = CARTESIAN_POINT('',(-2.347871526513E-02,-2.72957559684E-02,
    -1.648389839701E-02));
#4495 = CARTESIAN_POINT('',(-2.355669632371E-02,-3.373988714149E-02,
    -1.649147693197E-02));
#4496 = CARTESIAN_POINT('',(-2.354502254797E-02,-4.432E-02,
    -1.649034242419E-02));
#4497 = CARTESIAN_POINT('',(1.836E-02,-4.432E-02,-1.660922246397E-02));
#4498 = CARTESIAN_POINT('',(1.835807562345E-02,-3.640762689944E-02,
    -1.660895910532E-02));
#4499 = CARTESIAN_POINT('',(1.837093599494E-02,-3.071178814719E-02,
    -1.661071909875E-02));
#4500 = CARTESIAN_POINT('',(1.833471787202E-02,-2.81171841649E-02,
    -1.660576250335E-02));
#4501 = CARTESIAN_POINT('',(1.838021588346E-02,-2.482175712059E-02,
    -1.661198908871E-02));
#4502 = CARTESIAN_POINT('',(1.838250797234E-02,-2.196678556007E-02,
    -1.661230277027E-02));
#4503 = CARTESIAN_POINT('',(1.831005181217E-02,-2.011633827834E-02,
    -1.660238685412E-02));
#4504 = CARTESIAN_POINT('',(1.834011226531E-02,-1.644317060624E-02,
    -1.660650074771E-02));
#4505 = CARTESIAN_POINT('',(1.849150224401E-02,-9.732751879245E-03,
    -1.662721907355E-02));
#4506 = CARTESIAN_POINT('',(1.830974162483E-02,-5.571718447164E-03,
    -1.660234440373E-02));
#4507 = CARTESIAN_POINT('',(1.79238611581E-02,-1.341652175566E-03,
    -1.654953511402E-02));
#4508 = CARTESIAN_POINT('',(1.750680782666E-02,2.756136885972E-03,
    -1.649468835052E-02));
#4509 = CARTESIAN_POINT('',(1.689982522101E-02,6.046068642338E-03,
    -1.640818194021E-02));
#4510 = CARTESIAN_POINT('',(1.583648933588E-02,8.720112082371E-03,
    -1.627565525676E-02));
#4511 = CARTESIAN_POINT('',(1.421808339217E-02,1.117581853665E-02,
    -1.614328820705E-02));
#4512 = CARTESIAN_POINT('',(1.208693810942E-02,1.34797190731E-02,
    -1.603128165146E-02));
#4513 = CARTESIAN_POINT('',(9.565280361557E-03,1.539390714071E-02,
    -1.592483729756E-02));
#4514 = CARTESIAN_POINT('',(6.788413791351E-03,1.6671306673E-02,
    -1.580440198381E-02));
#4515 = CARTESIAN_POINT('',(3.861054958701E-03,1.732512586296E-02,
    -1.567694126911E-02));
#4516 = CARTESIAN_POINT('',(8.656485981524E-04,1.757799682114E-02,
    -1.557000724473E-02));
#4517 = CARTESIAN_POINT('',(-2.048514439008E-03,1.719630132857E-02,
    -1.545036548478E-02));
#4518 = CARTESIAN_POINT('',(-8.829153138495E-03,1.628779969144E-02,
    -1.517797555916E-02));
#4519 = CARTESIAN_POINT('',(-1.527329065717E-02,1.257488042569E-02,
    -1.490649900824E-02));
#4520 = CARTESIAN_POINT('',(-1.978884804941E-02,5.849168475827E-03,
    -1.463586027988E-02));
#4521 = CARTESIAN_POINT('',(-2.102439133155E-02,-2.580458025393E-03,
    -1.436605952785E-02));
#4522 = CARTESIAN_POINT('',(-1.842333858796E-02,-1.079491041621E-02,
    -1.409712613822E-02));
#4523 = CARTESIAN_POINT('',(-1.245729418644E-02,-1.696690704905E-02,
    -1.382908770916E-02));
#4524 = CARTESIAN_POINT('',(-4.538510102722E-03,-1.985796571722E-02,
    -1.356195448407E-02));
#4525 = CARTESIAN_POINT('',(3.388525645793E-03,-1.911037096544E-02,
    -1.329571923809E-02));
#4526 = CARTESIAN_POINT('',(9.576373457196E-03,-1.533411628412E-02,
    -1.303037261795E-02));
#4527 = CARTESIAN_POINT('',(1.352479949289E-02,-9.988821187268E-03,
    -1.276593393519E-02));
#4528 = CARTESIAN_POINT('',(2.144405900499E-02,7.881519720298E-04,
    -1.223703705228E-02));
#4529 = CARTESIAN_POINT('',(1.902816106821E-02,1.835683650243E-02,
    -1.171184954973E-02));
#4530 = CARTESIAN_POINT('',(3.548278753716E-03,3.302422956203E-02,
    -1.119019390254E-02));
#4531 = CARTESIAN_POINT('',(-3.124854254115E-02,2.958451149693E-02,
    -1.067249100116E-02));
#4532 = CARTESIAN_POINT('',(-4.29234858521E-02,-8.606110769118E-03,
    -1.015834701816E-02));
#4533 = CARTESIAN_POINT('',(-1.695715134632E-02,-3.855146542678E-02,
    -9.647967803808E-03));
#4534 = CARTESIAN_POINT('',(1.489467245831E-02,-2.800122350761E-02,
    -9.141607086669E-03));
#4535 = CARTESIAN_POINT('',(2.32720002409E-02,-9.745687576997E-03,
    -8.638886691745E-03));
#4536 = CARTESIAN_POINT('',(1.915084191883E-02,6.576151137818E-03,
    -8.140053526733E-03));
#4537 = CARTESIAN_POINT('',(8.548377923639E-03,1.321128862732E-02,
    -7.645059227344E-03));
#4538 = CARTESIAN_POINT('',(-1.425846437213E-03,1.943945868503E-02,
    -7.185389477758E-03));
#4539 = CARTESIAN_POINT('',(-1.509263281235E-02,1.734624796857E-02,
    -6.729135060969E-03));
#4540 = CARTESIAN_POINT('',(-2.990176818559E-02,3.949159218451E-03,
    -6.275971689613E-03));
#4541 = CARTESIAN_POINT('',(-2.517526328636E-02,-2.166793940962E-02,
    -5.826301466766E-03));
#4542 = CARTESIAN_POINT('',(-8.459291545626E-04,-3.535995879774E-02,
    -5.379934928073E-03));
#4543 = CARTESIAN_POINT('',(2.358510198794E-02,-2.255673305836E-02,
    -4.936679849239E-03));
#4544 = CARTESIAN_POINT('',(2.894468781101E-02,2.271004758404E-03,
    -4.496735515882E-03));
#4545 = CARTESIAN_POINT('',(1.547477478054E-02,1.539630312174E-02,
    -4.060226342629E-03));
#4546 = CARTESIAN_POINT('',(2.711420412008E-03,1.823113577468E-02,
    -3.626643918374E-03));
#4547 = CARTESIAN_POINT('',(-6.978945975062E-03,1.29711353733E-02,
    -3.196401744564E-03));
#4548 = CARTESIAN_POINT('',(-1.727651580162E-02,7.376920538883E-03,
    -2.733026939325E-03));
#4549 = CARTESIAN_POINT('',(-2.190916586436E-02,-7.423098673373E-03,
    -2.273277634718E-03));
#4550 = CARTESIAN_POINT('',(-1.509265143868E-02,-2.48549170082E-02,
    -1.817399243736E-03));
#4551 = CARTESIAN_POINT('',(1.373107542272E-02,-3.496314574335E-02,
    -1.364585512261E-03));
#4552 = CARTESIAN_POINT('',(3.710219891084E-02,-9.137141458341E-03,
    -9.158555593447E-04));
#4553 = CARTESIAN_POINT('',(2.769523071234E-02,2.411373915598E-02,
    -4.705786600807E-04));
#4554 = CARTESIAN_POINT('',(-1.331775935515E-03,2.767132701941E-02,
    -2.81732422734E-05));
#4555 = CARTESIAN_POINT('',(-1.476916643315E-02,1.633604431713E-02,
    4.103228215499E-04));
#4556 = CARTESIAN_POINT('',(-1.756993836246E-02,1.923443150204E-03,
    8.458868423896E-04));
#4557 = CARTESIAN_POINT('',(-1.166209001353E-02,-7.265115267115E-03,
    1.278144283612E-03));
#4558 = CARTESIAN_POINT('',(-6.266226402979E-03,-1.582042279613E-02,
    1.679396074479E-03));
#4559 = CARTESIAN_POINT('',(6.242994865271E-03,-1.965702960408E-02,
    2.078925412199E-03));
#4560 = CARTESIAN_POINT('',(2.0686368591E-02,-1.360346579212E-02,
    2.472974556726E-03));
#4561 = CARTESIAN_POINT('',(2.936149996089E-02,7.164022376789E-03,
    2.868861241613E-03));
#4562 = CARTESIAN_POINT('',(1.388782037838E-02,2.769069930957E-02,
    3.258538127909E-03));
#4563 = CARTESIAN_POINT('',(-1.162434371964E-02,2.731912882236E-02,
    3.64590096141E-03));
#4564 = CARTESIAN_POINT('',(-2.237441447606E-02,8.403677048999E-03,
    4.034554706178E-03));
#4565 = CARTESIAN_POINT('',(-1.885327746751E-02,-6.150956085997E-03,
    4.416220000844E-03));
#4566 = CARTESIAN_POINT('',(-8.809649782582E-03,-1.360111419972E-02,
    4.79889312521E-03));
#4567 = CARTESIAN_POINT('',(7.284637473717E-04,-1.297107362129E-02,
    5.178261272587E-03));
#4568 = CARTESIAN_POINT('',(1.104870081124E-02,-1.237153644268E-02,
    5.587008785423E-03));
#4569 = CARTESIAN_POINT('',(2.03328754241E-02,-2.302317491764E-03,
    5.993507812028E-03));
#4570 = CARTESIAN_POINT('',(2.145687374059E-02,1.422158122587E-02,
    6.397177534748E-03));
#4571 = CARTESIAN_POINT('',(2.299870288406E-03,3.325575994559E-02,
    6.799763779499E-03));
#4572 = CARTESIAN_POINT('',(-2.638395925471E-02,2.155586476152E-02,
    7.199197977651E-03));
#4573 = CARTESIAN_POINT('',(-3.166528568484E-02,-8.814347059793E-03,
    7.596722463876E-03));
#4574 = CARTESIAN_POINT('',(-9.583603230237E-03,-2.306898949065E-02,
    7.993546677363E-03));
#4575 = CARTESIAN_POINT('',(5.814329523364E-03,-1.897737940288E-02,
    8.387586883908E-03));
#4576 = CARTESIAN_POINT('',(1.364452005303E-02,-8.302418362061E-03,
    8.780696028305E-03));
#4577 = CARTESIAN_POINT('',(1.235148455576E-02,1.510107948669E-03,
    9.172210261812E-03));
#4578 = CARTESIAN_POINT('',(1.12293837538E-02,1.059949840031E-02,
    9.535543857923E-03));
#4579 = CARTESIAN_POINT('',(2.443668713424E-03,1.86196745265E-02,
    9.899264537755E-03));
#4580 = CARTESIAN_POINT('',(-1.176900915992E-02,1.923589811009E-02,
    1.025764234376E-02));
#4581 = CARTESIAN_POINT('',(-2.711295313119E-02,5.635552125056E-03,
    1.062161433167E-02));
#4582 = CARTESIAN_POINT('',(-2.251943696696E-02,-1.754234756973E-02,
    1.097944458468E-02));
#4583 = CARTESIAN_POINT('',(-1.158427020641E-03,-2.750883683056E-02,
    1.133658356263E-02));
#4584 = CARTESIAN_POINT('',(1.553403759056E-02,-1.599186914044E-02,
    1.169839538717E-02));
#4585 = CARTESIAN_POINT('',(1.840340908146E-02,-2.26742652633E-03,
    1.205307673279E-02));
#4586 = CARTESIAN_POINT('',(1.287892601182E-02,8.072263337122E-03,
    1.241176921135E-02));
#4587 = CARTESIAN_POINT('',(4.50824021579E-03,1.135802635575E-02,
    1.276856850062E-02));
#4588 = CARTESIAN_POINT('',(4.486382723537E-06,1.310056924003E-02,
    1.29608048336E-02));
#4589 = CARTESIAN_POINT('',(-5.257341880431E-03,1.300034602371E-02,
    1.315305008748E-02));
#4590 = CARTESIAN_POINT('',(-1.037174804008E-02,1.037477640583E-02,
    1.334523336657E-02));
#4591 = CARTESIAN_POINT('',(-1.404701240195E-02,5.552568124054E-03,
    1.353734304367E-02));
#4592 = CARTESIAN_POINT('',(-1.526462607805E-02,-4.79985376317E-04,
    1.372940726672E-02));
#4593 = CARTESIAN_POINT('',(-1.367078451132E-02,-6.424328653309E-03,
    1.392147425152E-02));
#4594 = CARTESIAN_POINT('',(-9.699940557841E-03,-1.100658935955E-02,
    1.41135923606E-02));
#4595 = CARTESIAN_POINT('',(-4.430417126686E-03,-1.330614471336E-02,
    1.430578996827E-02));
#4596 = CARTESIAN_POINT('',(8.279206226334E-04,-1.307580935017E-02,
    1.449805511177E-02));
#4597 = CARTESIAN_POINT('',(5.213933525085E-03,-1.10536445539E-02,
    1.469031492849E-02));
#4598 = CARTESIAN_POINT('',(7.08951205653E-03,-1.021446538308E-02,
    1.477068949603E-02));
#4599 = CARTESIAN_POINT('',(8.795531674211E-03,-8.898118963654E-03,
    1.48564314141E-02));
#4600 = CARTESIAN_POINT('',(1.026874891399E-02,-7.31142837429E-03,
    1.494030672025E-02));
#4601 = CARTESIAN_POINT('',(1.14418858255E-02,-5.544860431944E-03,
    1.502065052812E-02));
#4602 = CARTESIAN_POINT('',(1.225100189932E-02,-3.617355552602E-03,
    1.509941567595E-02));
#4603 = CARTESIAN_POINT('',(1.264286599447E-02,-1.521157611962E-03,
    1.518022137505E-02));
#4604 = CARTESIAN_POINT('',(1.258232826551E-02,7.333561938894E-04,
    1.526640185836E-02));
#4605 = CARTESIAN_POINT('',(1.205969209003E-02,3.072845487751E-03,
    1.535905502893E-02));
#4606 = CARTESIAN_POINT('',(1.109808599581E-02,5.31617685065E-03,
    1.545509110845E-02));
#4607 = CARTESIAN_POINT('',(9.760835588225E-03,7.129593961119E-03,
    1.554528128572E-02));
#4608 = CARTESIAN_POINT('',(7.973520483983E-03,9.575267122272E-03,
    1.566720951573E-02));
#4609 = CARTESIAN_POINT('',(5.500865178933E-03,1.15672140586E-02,
    1.578951181591E-02));
#4610 = CARTESIAN_POINT('',(2.492800190543E-03,1.282907617798E-02,
    1.591190275236E-02));
#4611 = CARTESIAN_POINT('',(-8.167052274319E-04,1.320283814507E-02,
    1.603429439332E-02));
#4612 = CARTESIAN_POINT('',(-4.145868798542E-03,1.263698983385E-02,
    1.615673379044E-02));
#4613 = CARTESIAN_POINT('',(-7.201320937243E-03,1.117468828026E-02,
    1.627934046013E-02));
#4614 = CARTESIAN_POINT('',(-9.714330462502E-03,8.941919634689E-03,
    1.640224386477E-02));
#4615 = CARTESIAN_POINT('',(-1.147703031138E-02,6.135661114598E-03,
    1.652552089404E-02));
#4616 = CARTESIAN_POINT('',(-1.237864325267E-02,3.012042957055E-03,
    1.664913334619E-02));
#4617 = CARTESIAN_POINT('',(-1.244170760043E-02,-1.254896286937E-04,
    1.677286540932E-02));
#4618 = CARTESIAN_POINT('',(-1.248476477216E-02,-2.4740878004E-03,
    1.686571979277E-02));
#4619 = CARTESIAN_POINT('',(-1.202338292682E-02,-4.869621608076E-03,
    1.695884279561E-02));
#4620 = CARTESIAN_POINT('',(-1.106929290646E-02,-7.175587147103E-03,
    1.705223748402E-02));
#4621 = CARTESIAN_POINT('',(-9.651455996323E-03,-9.273457679552E-03,
    1.714592377662E-02));
#4622 = CARTESIAN_POINT('',(-7.816063924847E-03,-1.106268363417E-02,
    1.723993844459E-02));
#4623 = CARTESIAN_POINT('',(-5.626538863667E-03,-1.246069260639E-02,
    1.733433511154E-02));
#4624 = CARTESIAN_POINT('',(-3.163533427589E-03,-1.340288935832E-02,
    1.742918425365E-02));
#4625 = CARTESIAN_POINT('',(-5.249306746422E-04,-1.384265581875E-02,
    1.752457319954E-02));
#4626 = CARTESIAN_POINT('',(2.17415589398E-03,-1.375135108317E-02,
    1.762060613036E-02));
#4627 = CARTESIAN_POINT('',(4.801382333874E-03,-1.311831141372E-02,
    1.771740407974E-02));
#4628 = CARTESIAN_POINT('',(7.401901973582E-03,-1.257461311835E-02,
    1.781070953477E-02));
#4629 = CARTESIAN_POINT('',(1.014116072799E-02,-1.099401571251E-02,
    1.792372772135E-02));
#4630 = CARTESIAN_POINT('',(1.233516824222E-02,-9.995765032121E-03,
    1.79942405645E-02));
#4631 = CARTESIAN_POINT('',(1.46618164903E-02,-7.455402479212E-03,
    1.81011947594E-02));
#4632 = CARTESIAN_POINT('',(1.676092013805E-02,-4.055121117889E-03,
    1.824319706357E-02));
#4633 = CARTESIAN_POINT('',(1.793344913271E-02,-1.243338743435E-03,
    1.834078270806E-02));
#4634 = CARTESIAN_POINT('',(1.806878418017E-02,1.156581146122E-03,
    1.83299071449E-02));
#4635 = CARTESIAN_POINT('',(1.753112572952E-02,4.213620339519E-03,
    1.823809031658E-02));
#4636 = CARTESIAN_POINT('',(1.633848704365E-02,7.32265952106E-03,
    1.815862159937E-02));
#4637 = CARTESIAN_POINT('',(1.457000189357E-02,9.859635949408E-03,
    1.806221254113E-02));
#4638 = CARTESIAN_POINT('',(1.041569912021E-02,1.59288587215E-02,
    1.78427541278E-02));
#4639 = CARTESIAN_POINT('',(3.525445088363E-03,2.008934165601E-02,
    1.762290056468E-02));
#4640 = CARTESIAN_POINT('',(-5.301860104782E-03,2.088324487087E-02,
    1.740393739073E-02));
#4641 = CARTESIAN_POINT('',(-1.399199611097E-02,1.733376135188E-02,
    1.718509177544E-02));
#4642 = CARTESIAN_POINT('',(-2.020056137673E-02,9.916189080068E-03,
    1.696601497467E-02));
#4643 = CARTESIAN_POINT('',(-2.223654162326E-02,4.678773567211E-04,
    1.674710695937E-02));
#4644 = CARTESIAN_POINT('',(-1.970726076865E-02,-8.546688551725E-03,
    1.652876388403E-02));
#4645 = CARTESIAN_POINT('',(-1.368766729913E-02,-1.499940032626E-02,
    1.631062906351E-02));
#4646 = CARTESIAN_POINT('',(-6.216909097846E-03,-1.787437294358E-02,
    1.609192812505E-02));
#4647 = CARTESIAN_POINT('',(1.074850261801E-03,-1.743986033717E-02,
    1.587396900373E-02));
#4648 = CARTESIAN_POINT('',(1.560074658039E-02,-1.651955666989E-02,
    1.543774343567E-02));
#4649 = CARTESIAN_POINT('',(2.967096050282E-02,-1.950671774051E-03,
    1.500187339961E-02));
#4650 = CARTESIAN_POINT('',(2.680554101691E-02,2.432583089089E-02,
    1.456688698597E-02));
#4651 = CARTESIAN_POINT('',(2.172695134799E-03,4.862783537893E-02,
    1.413145670111E-02));
#4652 = CARTESIAN_POINT('',(-5.435115002022E-02,2.761567984428E-02,
    1.369688871261E-02));
#4653 = CARTESIAN_POINT('',(-3.792880808746E-02,-3.033227334634E-02,
    1.326321855069E-02));
#4654 = CARTESIAN_POINT('',(-3.913394479921E-03,-3.58808553599E-02,
    1.282796674782E-02));
#4655 = CARTESIAN_POINT('',(1.895434826157E-02,-2.278568832715E-02,
    1.239431092578E-02));
#4656 = CARTESIAN_POINT('',(2.244208926952E-02,-2.913526470601E-03,
    1.195990005286E-02));
#4657 = CARTESIAN_POINT('',(1.46843827791E-02,9.323187282267E-03,
    1.152565743876E-02));
#4658 = CARTESIAN_POINT('',(7.482408353168E-03,2.078618000954E-02,
    1.11226326196E-02));
#4659 = CARTESIAN_POINT('',(-9.878951246151E-03,2.543756903248E-02,
    1.071806565102E-02));
#4660 = CARTESIAN_POINT('',(-2.949828654265E-02,1.652340100179E-02,
    1.031731366989E-02));
#4661 = CARTESIAN_POINT('',(-4.058384570159E-02,-1.579776068773E-02,
    9.910367142654E-03));
#4662 = CARTESIAN_POINT('',(-1.18957417845E-02,-4.33248706356E-02,
    9.5079611881E-03));
#4663 = CARTESIAN_POINT('',(2.687992362619E-02,-3.438856565794E-02,
    9.105262312655E-03));
#4664 = CARTESIAN_POINT('',(3.395961376695E-02,-8.114328209487E-04,
    8.697394559264E-03));
#4665 = CARTESIAN_POINT('',(2.154570004984E-02,1.696256256078E-02,
    8.295056784106E-03));
#4666 = CARTESIAN_POINT('',(4.14321384984E-03,2.183631909455E-02,
    7.88833295529E-03));
#4667 = CARTESIAN_POINT('',(-7.975883857855E-03,1.559319617523E-02,
    7.482510013279E-03));
#4668 = CARTESIAN_POINT('',(-2.118360079576E-02,8.981593566718E-03,
    7.045251031458E-03));
#4669 = CARTESIAN_POINT('',(-2.690110542199E-02,-1.016127324121E-02,
    6.60715796833E-03));
#4670 = CARTESIAN_POINT('',(-1.876912731314E-02,-3.289362732518E-02,
    6.168916232724E-03));
#4671 = CARTESIAN_POINT('',(2.409006771051E-02,-4.64862593985E-02,
    5.728807172232E-03));
#4672 = CARTESIAN_POINT('',(5.34120071282E-02,-3.522073125547E-03,
    5.288908988945E-03));
#4673 = CARTESIAN_POINT('',(3.021869117706E-02,4.314515778011E-02,
    4.848092461277E-03));
#4674 = CARTESIAN_POINT('',(-1.462262675347E-02,3.551929131742E-02,
    4.405221136073E-03));
#4675 = CARTESIAN_POINT('',(-2.5784129E-02,1.358446762017E-02,
    3.962372130452E-03));
#4676 = CARTESIAN_POINT('',(-2.249395555753E-02,-6.41162420488E-03,
    3.517855805592E-03));
#4677 = CARTESIAN_POINT('',(-9.988188768488E-03,-1.478865833204E-02,
    3.072330345884E-03));
#4678 = CARTESIAN_POINT('',(1.461956934404E-03,-2.264869364117E-02,
    2.658806187765E-03));
#4679 = CARTESIAN_POINT('',(1.974151839419E-02,-1.996645388071E-02,
    2.243007971641E-03));
#4680 = CARTESIAN_POINT('',(3.462767595071E-02,-3.575371255349E-03,
    1.829433095559E-03));
#4681 = CARTESIAN_POINT('',(3.208777784224E-02,3.153530019699E-02,
    1.409762415956E-03));
#4682 = CARTESIAN_POINT('',(-6.397336873995E-03,4.612445541419E-02,
    9.928105957721E-04));
#4683 = CARTESIAN_POINT('',(-3.978045864767E-02,2.182613710652E-02,
    5.74698807166E-04));
#4684 = CARTESIAN_POINT('',(-3.285704944435E-02,-1.327725056126E-02,
    1.513818314103E-04));
#4685 = CARTESIAN_POINT('',(-1.357613282458E-02,-2.517738212571E-02,
    -2.684625744922E-04));
#4686 = CARTESIAN_POINT('',(5.118804463624E-03,-2.265450500915E-02,
    -6.927764144538E-04));
#4687 = CARTESIAN_POINT('',(1.416270976469E-02,-1.162439522814E-02,
    -1.117370969428E-03));
#4688 = CARTESIAN_POINT('',(2.409963623618E-02,2.043458064856E-04,
    -1.574793453821E-03));
#4689 = CARTESIAN_POINT('',(2.163640350669E-02,2.101861641131E-02,
    -2.034011764851E-03));
#4690 = CARTESIAN_POINT('',(4.425654169551E-03,3.944672450344E-02,
    -2.494523483842E-03));
#4691 = CARTESIAN_POINT('',(-4.260459031678E-02,3.501114944058E-02,
    -2.957549943734E-03));
#4692 = CARTESIAN_POINT('',(-5.328216978299E-02,-1.883789861023E-02,
    -3.421644992805E-03));
#4693 = CARTESIAN_POINT('',(-1.138329838058E-02,-5.460949258216E-02,
    -3.887582564047E-03));
#4694 = CARTESIAN_POINT('',(2.920885616481E-02,-2.845706108245E-02,
    -4.356160903372E-03));
#4695 = CARTESIAN_POINT('',(3.085453640722E-02,-2.352197639394E-03,
    -4.825944267582E-03));
#4696 = CARTESIAN_POINT('',(1.922394691241E-02,1.577276870316E-02,
    -5.29807430707E-03));
#4697 = CARTESIAN_POINT('',(3.471906852422E-03,1.866791607555E-02,
    -5.772123198464E-03));
#4698 = CARTESIAN_POINT('',(-1.206615921534E-02,2.163514768921E-02,
    -6.246142682109E-03));
#4699 = CARTESIAN_POINT('',(-3.08891902378E-02,1.006158312978E-02,
    -6.722480762304E-03));
#4700 = CARTESIAN_POINT('',(-3.520268208567E-02,-1.835911093312E-02,
    -7.199937044163E-03));
#4701 = CARTESIAN_POINT('',(-1.583814968272E-02,-5.134487125516E-02,
    -7.68162647016E-03));
#4702 = CARTESIAN_POINT('',(5.015385074235E-02,-4.513169389442E-02,
    -8.162322008781E-03));
#4703 = CARTESIAN_POINT('',(5.027179262753E-02,2.189435144887E-02,
    -8.648301691451E-03));
#4704 = CARTESIAN_POINT('',(1.416120198383E-02,3.819622494151E-02,
    -9.134345543683E-03));
#4705 = CARTESIAN_POINT('',(-1.429053216115E-02,3.023510518067E-02,
    -9.623742294502E-03));
#4706 = CARTESIAN_POINT('',(-2.38707138826E-02,9.466282230646E-03,
    -1.011496566774E-02));
#4707 = CARTESIAN_POINT('',(-1.877272114854E-02,-6.203599875749E-03,
    -1.060859162645E-02));
#4708 = CARTESIAN_POINT('',(-1.620690486168E-02,-1.404903606276E-02,
    -1.085531813872E-02));
#4709 = CARTESIAN_POINT('',(-1.001424345233E-02,-2.075716744392E-02,
    -1.110293198086E-02));
#4710 = CARTESIAN_POINT('',(-7.720942245487E-04,-2.436247515304E-02,
    -1.135065775112E-02));
#4711 = CARTESIAN_POINT('',(9.841682961873E-03,-2.331672789315E-02,
    -1.159919630274E-02));
#4712 = CARTESIAN_POINT('',(1.90533629158E-02,-1.725564072798E-02,
    -1.184845982586E-02));
#4713 = CARTESIAN_POINT('',(2.429577139576E-02,-7.51623102369E-03,
    -1.209812093103E-02));
#4714 = CARTESIAN_POINT('',(2.439415480424E-02,3.237717460174E-03,
    -1.234829292847E-02));
#4715 = CARTESIAN_POINT('',(1.990154886506E-02,1.222930955827E-02,
    -1.259925331435E-02));
#4716 = CARTESIAN_POINT('',(1.253006307051E-02,1.787317822213E-02,
    -1.28507172944E-02));
#4717 = CARTESIAN_POINT('',(4.304868897313E-03,1.972761226049E-02,
    -1.310276299226E-02));
#4718 = CARTESIAN_POINT('',(7.702135653198E-04,2.05072514721E-02,
    -1.320967756974E-02));
#4719 = CARTESIAN_POINT('',(-2.905030949971E-03,2.059852181992E-02,
    -1.331990418467E-02));
#4720 = CARTESIAN_POINT('',(-6.594976040421E-03,1.99448901289E-02,
    -1.34286495483E-02));
#4721 = CARTESIAN_POINT('',(-1.013992670656E-02,1.856383863625E-02,
    -1.353508754077E-02));
#4722 = CARTESIAN_POINT('',(-1.335954371847E-02,1.6504885019E-02,
    -1.364138459249E-02));
#4723 = CARTESIAN_POINT('',(-1.607805648999E-02,1.383483437243E-02,
    -1.375074917233E-02));
#4724 = CARTESIAN_POINT('',(-1.816152666632E-02,1.065026313918E-02,
    -1.386450538287E-02));
#4725 = CARTESIAN_POINT('',(-1.956716242481E-02,7.117234989298E-03,
    -1.39781906626E-02));
#4726 = CARTESIAN_POINT('',(-2.040468348924E-02,3.538248650894E-03,
    -1.407667759499E-02));
#4727 = CARTESIAN_POINT('',(-2.100973685733E-02,4.464176917496E-04,
    -1.412831982462E-02));
#4728 = CARTESIAN_POINT('',(-2.173973659772E-02,-3.635882284167E-03,
    -1.419926434179E-02));
#4729 = CARTESIAN_POINT('',(-2.197055806024E-02,-7.742416527038E-03,
    -1.422169656512E-02));
#4730 = CARTESIAN_POINT('',(-2.120622307642E-02,-9.183472063256E-03,
    -1.414741520119E-02));
#4731 = CARTESIAN_POINT('',(-2.181415124285E-02,-1.565277239059E-02,
    -1.420649627733E-02));
#4732 = CARTESIAN_POINT('',(-2.175933011682E-02,-1.756277146309E-02,
    -1.420116852432E-02));
#4733 = CARTESIAN_POINT('',(-2.140140021442E-02,-1.984867100295E-02,
    -1.416638335563E-02));
#4734 = CARTESIAN_POINT('',(-2.179597072821E-02,-2.642445551267E-02,
    -1.420472941666E-02));
#4735 = CARTESIAN_POINT('',(-2.157508508947E-02,-2.72243049317E-02,
    -1.418326279945E-02));
#4736 = CARTESIAN_POINT('',(-2.164524896134E-02,-3.375506199445E-02,
    -1.419008162655E-02));
#4737 = CARTESIAN_POINT('',(-2.163481696361E-02,-4.432E-02,
    -1.41890678001E-02));
#4738 = CARTESIAN_POINT('',(1.466181325701E-02,-4.432E-02,
    -1.617979771016E-02));
#4739 = CARTESIAN_POINT('',(1.465965235664E-02,-3.639648886622E-02,
    -1.617950198227E-02));
#4740 = CARTESIAN_POINT('',(1.46736808871E-02,-3.0752540916E-02,
    -1.618142184294E-02));
#4741 = CARTESIAN_POINT('',(1.463505717512E-02,-2.806456494278E-02,
    -1.617613603303E-02));
#4742 = CARTESIAN_POINT('',(1.468268014623E-02,-2.481934167869E-02,
    -1.618265342765E-02));
#4743 = CARTESIAN_POINT('',(1.468546970941E-02,-2.202925088531E-02,
    -1.618303519056E-02));
#4744 = CARTESIAN_POINT('',(1.461016232236E-02,-2.010686097951E-02,
    -1.617272907257E-02));
#4745 = CARTESIAN_POINT('',(1.464182543736E-02,-1.636162597385E-02,
    -1.617706229686E-02));
#4746 = CARTESIAN_POINT('',(1.479702004281E-02,-9.747187447893E-03,
    -1.619830130114E-02));
#4747 = CARTESIAN_POINT('',(1.46022660284E-02,-5.653532203264E-03,
    -1.617164843307E-02));
#4748 = CARTESIAN_POINT('',(1.424319061673E-02,-1.704009191906E-03,
    -1.612250752266E-02));
#4749 = CARTESIAN_POINT('',(1.387603929644E-02,2.121092923339E-03,
    -1.607229691214E-02));
#4750 = CARTESIAN_POINT('',(1.322915869305E-02,4.974193353172E-03,
    -1.598819423301E-02));
#4751 = CARTESIAN_POINT('',(1.248602284774E-02,6.850946037784E-03,
    -1.589198295698E-02));
#4752 = CARTESIAN_POINT('',(1.129316281172E-02,8.623074394911E-03,
    -1.579578997897E-02));
#4753 = CARTESIAN_POINT('',(9.553692897621E-03,1.05453770983E-02,
    -1.570314560231E-02));
#4754 = CARTESIAN_POINT('',(7.492132861799E-03,1.219957991677E-02,
    -1.56124140361E-02));
#4755 = CARTESIAN_POINT('',(5.359209650405E-03,1.313958515964E-02,
    -1.552091200414E-02));
#4756 = CARTESIAN_POINT('',(3.145322340972E-03,1.350267027267E-02,
    -1.542803306424E-02));
#4757 = CARTESIAN_POINT('',(6.713539123765E-04,1.385118713054E-02,
    -1.533569523753E-02));
#4758 = CARTESIAN_POINT('',(-1.574486524784E-03,1.35093135701E-02,
    -1.524442954653E-02));
#4759 = CARTESIAN_POINT('',(-6.899520605602E-03,1.279565786191E-02,
    -1.503048428743E-02));
#4760 = CARTESIAN_POINT('',(-1.195966782203E-02,9.877088185265E-03,
    -1.48174214398E-02));
#4761 = CARTESIAN_POINT('',(-1.5495950132E-02,4.601734313902E-03,
    -1.460524217235E-02));
#4762 = CARTESIAN_POINT('',(-1.645558762081E-02,-2.000292251471E-03,
    -1.439395892561E-02));
#4763 = CARTESIAN_POINT('',(-1.441335394116E-02,-8.426122100063E-03,
    -1.418357063935E-02));
#4764 = CARTESIAN_POINT('',(-9.746036612058E-03,-1.324848797296E-02,
    -1.397405329506E-02));
#4765 = CARTESIAN_POINT('',(-3.560002176421E-03,-1.55032210703E-02,
    -1.376536577346E-02));
#4766 = CARTESIAN_POINT('',(2.628133782355E-03,-1.491588360325E-02,
    -1.355747102722E-02));
#4767 = CARTESIAN_POINT('',(7.457731765148E-03,-1.196753759141E-02,
    -1.335037256872E-02));
#4768 = CARTESIAN_POINT('',(1.053724862292E-02,-7.799649904975E-03,
    -1.314416627294E-02));
#4769 = CARTESIAN_POINT('',(1.670888766266E-02,6.115709659689E-04,
    -1.273170408849E-02));
#4770 = CARTESIAN_POINT('',(1.484235383505E-02,1.428009455932E-02,
    -1.232230000387E-02));
#4771 = CARTESIAN_POINT('',(2.720577624229E-03,2.576444378802E-02,
    -1.191652145543E-02));
#4772 = CARTESIAN_POINT('',(-2.430111692002E-02,2.29727351297E-02,
    -1.151264075487E-02));
#4773 = CARTESIAN_POINT('',(-3.341681855929E-02,-6.676780319974E-03,
    -1.111272552724E-02));
#4774 = CARTESIAN_POINT('',(-1.326580831275E-02,-2.997363080399E-02,
    -1.071552799483E-02));
#4775 = CARTESIAN_POINT('',(1.160817402198E-02,-2.194326384784E-02,
    -1.031984386808E-02));
#4776 = CARTESIAN_POINT('',(1.820569354485E-02,-7.584062258197E-03,
    -9.927759563132E-03));
#4777 = CARTESIAN_POINT('',(1.498176541591E-02,5.159342822863E-03,
    -9.53740223808E-03));
#4778 = CARTESIAN_POINT('',(6.67336955583E-03,1.036837803333E-02,
    -9.149450725737E-03));
#4779 = CARTESIAN_POINT('',(-1.143823614333E-03,1.525168659244E-02,
    -8.789199482893E-03));
#4780 = CARTESIAN_POINT('',(-1.18828841107E-02,1.360556141732E-02,
    -8.430682262463E-03));
#4781 = CARTESIAN_POINT('',(-2.351558743874E-02,3.139804957104E-03,
    -8.074069752276E-03));
#4782 = CARTESIAN_POINT('',(-1.992178148569E-02,-1.707546228712E-02,
    -7.719154177237E-03));
#4783 = CARTESIAN_POINT('',(-7.677624905665E-04,-2.802728671269E-02,
    -7.365622894747E-03));
#4784 = CARTESIAN_POINT('',(1.873362967605E-02,-1.801607040018E-02,
    -7.013417975864E-03));
#4785 = CARTESIAN_POINT('',(2.317806753416E-02,1.745324033666E-03,
    -6.662647718341E-03));
#4786 = CARTESIAN_POINT('',(1.242519288763E-02,1.242015140237E-02,
    -6.313130869221E-03));
#4787 = CARTESIAN_POINT('',(2.12810311739E-03,1.468945474405E-02,
    -5.964269166272E-03));
#4788 = CARTESIAN_POINT('',(-5.701125639567E-03,1.044705007337E-02,
    -5.616558639088E-03));
#4789 = CARTESIAN_POINT('',(-1.402171828658E-02,5.924251220855E-03,
    -5.242075597592E-03));
#4790 = CARTESIAN_POINT('',(-1.782419741354E-02,-6.06717996062E-03,
    -4.868374936084E-03));
#4791 = CARTESIAN_POINT('',(-1.231088864227E-02,-2.025260547089E-02,
    -4.496239920899E-03));
#4792 = CARTESIAN_POINT('',(1.102868787113E-02,-2.879744252034E-02,
    -4.123373883007E-03));
#4793 = CARTESIAN_POINT('',(3.071781527212E-02,-7.847069264816E-03,
    -3.752444401459E-03));
#4794 = CARTESIAN_POINT('',(2.341659429075E-02,1.993154687322E-02,
    -3.38186508589E-03));
#4795 = CARTESIAN_POINT('',(-1.039546224592E-03,2.353668709675E-02,
    -3.010064262124E-03));
#4796 = CARTESIAN_POINT('',(-1.260895874674E-02,1.382932193165E-02,
    -2.639719579291E-03));
#4797 = CARTESIAN_POINT('',(-1.502607336384E-02,1.570209601073E-03,
    -2.26849569648E-03));
#4798 = CARTESIAN_POINT('',(-9.956753092527E-03,-6.332404291387E-03,
    -1.897208771846E-03));
#4799 = CARTESIAN_POINT('',(-5.325623838241E-03,-1.367713922406E-02,
    -1.552699825654E-03));
#4800 = CARTESIAN_POINT('',(5.484951629859E-03,-1.705089450479E-02,
    -1.206082895021E-03));
#4801 = CARTESIAN_POINT('',(1.798050409618E-02,-1.183915862879E-02,
    -8.639611377785E-04));
#4802 = CARTESIAN_POINT('',(2.589856121617E-02,6.071010766344E-03,
    -5.138528347342E-04));
#4803 = CARTESIAN_POINT('',(1.258259706498E-02,2.455038949928E-02,
    -1.689873228867E-04));
#4804 = CARTESIAN_POINT('',(-1.025743408827E-02,2.47354344045E-02,
    1.766462757517E-04));
#4805 = CARTESIAN_POINT('',(-2.040936776419E-02,7.699333996693E-03,
    5.291562537239E-04));
#4806 = CARTESIAN_POINT('',(-1.725744215845E-02,-5.701990613411E-03,
    8.753935303749E-04));
#4807 = CARTESIAN_POINT('',(-8.036463294164E-03,-1.260278048694E-02,
    1.227617759853E-03));
#4808 = CARTESIAN_POINT('',(8.120789113768E-04,-1.202125040659E-02,
    1.579395455369E-03));
#4809 = CARTESIAN_POINT('',(1.037986068612E-02,-1.147012689107E-02,
    1.958499835771E-03));
#4810 = CARTESIAN_POINT('',(1.911943470185E-02,-2.086847995702E-03,
    2.339376613394E-03));
#4811 = CARTESIAN_POINT('',(2.02217617446E-02,1.331448611751E-02,
    2.721306065451E-03));
#4812 = CARTESIAN_POINT('',(2.670019586049E-03,3.176458398942E-02,
    3.106334671421E-03));
#4813 = CARTESIAN_POINT('',(-2.533988139629E-02,2.126573235983E-02,
    3.492146363794E-03));
#4814 = CARTESIAN_POINT('',(-3.133932095703E-02,-8.212970215937E-03,
    3.880100315777E-03));
#4815 = CARTESIAN_POINT('',(-9.697994151163E-03,-2.311040831194E-02,
    4.271575005261E-03));
#4816 = CARTESIAN_POINT('',(5.92002764454E-03,-1.902012397282E-02,
    4.664256607471E-03));
#4817 = CARTESIAN_POINT('',(1.385828354704E-02,-8.306484770499E-03,
    5.06010999863E-03));
#4818 = CARTESIAN_POINT('',(1.254884507806E-02,1.683871288285E-03,
    5.458472800543E-03));
#4819 = CARTESIAN_POINT('',(1.141028515388E-02,1.092936224349E-02,
    5.828180961396E-03));
#4820 = CARTESIAN_POINT('',(2.44058807296E-03,1.919642789179E-02,
    6.201582293931E-03));
#4821 = CARTESIAN_POINT('',(-1.21455940607E-02,1.991024308269E-02,
    6.573853992801E-03));
#4822 = CARTESIAN_POINT('',(-2.834374820262E-02,6.18279149275E-03,
    6.953954273995E-03));
#4823 = CARTESIAN_POINT('',(-2.408116541727E-02,-1.839999774621E-02,
    7.332603033402E-03));
#4824 = CARTESIAN_POINT('',(-1.531890264342E-03,-2.956760384843E-02,
    7.713840370684E-03));
#4825 = CARTESIAN_POINT('',(1.690425151376E-02,-1.743228061029E-02,
    8.102032695718E-03));
#4826 = CARTESIAN_POINT('',(2.009644494716E-02,-2.395796533567E-03,
    8.488163181088E-03));
#4827 = CARTESIAN_POINT('',(1.409928465831E-02,8.964970831182E-03,
    8.880434631176E-03));
#4828 = CARTESIAN_POINT('',(4.849654411743E-03,1.259770767431E-02,
    9.274628406627E-03));
#4829 = CARTESIAN_POINT('',(-1.272172106107E-04,1.452215311485E-02,
    9.486950945193E-03));
#4830 = CARTESIAN_POINT('',(-5.952995609836E-03,1.442140994659E-02,
    9.700240222431E-03));
#4831 = CARTESIAN_POINT('',(-1.166014482008E-02,1.151763931535E-02,
    9.914406327293E-03));
#4832 = CARTESIAN_POINT('',(-1.579883369538E-02,6.141574748451E-03,
    1.012944777419E-02));
#4833 = CARTESIAN_POINT('',(-1.719903775083E-02,-6.321352684534E-04,
    1.03453996153E-02));
#4834 = CARTESIAN_POINT('',(-1.542842764058E-02,-7.353922634019E-03,
    1.056229785755E-02));
#4835 = CARTESIAN_POINT('',(-1.094604427281E-02,-1.257263289385E-02,
    1.078016018394E-02));
#4836 = CARTESIAN_POINT('',(-4.951760561583E-03,-1.521319642228E-02,
    1.099898297951E-02));
#4837 = CARTESIAN_POINT('',(1.068470184377E-03,-1.495863752436E-02,
    1.121875466176E-02));
#4838 = CARTESIAN_POINT('',(6.101579236038E-03,-1.263642145705E-02,
    1.143948531562E-02));
#4839 = CARTESIAN_POINT('',(8.256435499883E-03,-1.164896525903E-02,
    1.153284851924E-02));
#4840 = CARTESIAN_POINT('',(1.021480817902E-02,-1.017321096081E-02,
    1.162981734515E-02));
#4841 = CARTESIAN_POINT('',(1.191038924641E-02,-8.368479128499E-03,
    1.172545055972E-02));
#4842 = CARTESIAN_POINT('',(1.326715586885E-02,-6.314049990551E-03,
    1.181887043818E-02));
#4843 = CARTESIAN_POINT('',(1.420938266805E-02,-4.042806523329E-03,
    1.191180769604E-02));
#4844 = CARTESIAN_POINT('',(1.467165398178E-02,-1.574877536482E-03,
    1.200714642038E-02));
#4845 = CARTESIAN_POINT('',(1.460887612498E-02,1.048719241479E-03,
    1.210746900136E-02));
#4846 = CARTESIAN_POINT('',(1.40062896508E-02,3.732434077766E-03,
    1.221360106347E-02));
#4847 = CARTESIAN_POINT('',(1.28894816118E-02,6.292542149796E-03,
    1.2323156397E-02));
#4848 = CARTESIAN_POINT('',(1.133439782102E-02,8.423500459721E-03,
    1.24290818894E-02));
#4849 = CARTESIAN_POINT('',(9.247817980454E-03,1.127967418519E-02,
    1.257155449202E-02));
#4850 = CARTESIAN_POINT('',(6.357318521656E-03,1.36122713663E-02,
    1.271456255632E-02));
#4851 = CARTESIAN_POINT('',(2.832085625528E-03,1.509474037859E-02,
    1.285799480208E-02));
#4852 = CARTESIAN_POINT('',(-1.056029760488E-03,1.553768761726E-02,
    1.300181426222E-02));
#4853 = CARTESIAN_POINT('',(-4.975888599569E-03,1.487600413754E-02,
    1.314603446611E-02));
#4854 = CARTESIAN_POINT('',(-8.580440442602E-03,1.315599229502E-02,
    1.329069562267E-02));
#4855 = CARTESIAN_POINT('',(-1.155010010538E-02,1.052249238614E-02,
    1.343584080359E-02));
#4856 = CARTESIAN_POINT('',(-1.363612434566E-02,7.206009288494E-03,
    1.358149212652E-02));
#4857 = CARTESIAN_POINT('',(-1.470398854039E-02,3.509839101234E-03,
    1.372762693824E-02));
#4858 = CARTESIAN_POINT('',(-1.477676336275E-02,-2.028042145288E-04,
    1.387415399787E-02));
#4859 = CARTESIAN_POINT('',(-1.482996300385E-02,-2.982084820518E-03,
    1.398406106731E-02));
#4860 = CARTESIAN_POINT('',(-1.42835143132E-02,-5.817653976087E-03,
    1.409425953537E-02));
#4861 = CARTESIAN_POINT('',(-1.315307849159E-02,-8.545786958733E-03,
    1.420474351959E-02));
#4862 = CARTESIAN_POINT('',(-1.147484862048E-02,-1.102501142414E-02,
    1.431551036883E-02));
#4863 = CARTESIAN_POINT('',(-9.30554966199E-03,-1.313610740616E-02,
    1.442656066336E-02));
#4864 = CARTESIAN_POINT('',(-6.722438458933E-03,-1.478210731682E-02,
    1.453789821472E-02));
#4865 = CARTESIAN_POINT('',(-3.823303734753E-03,-1.588829594633E-02,
    1.464953006589E-02));
#4866 = CARTESIAN_POINT('',(-7.264660936129E-04,-1.640221046307E-02,
    1.476146649114E-02));
#4867 = CARTESIAN_POINT('',(2.429221979697E-03,-1.62936404136E-02,
    1.487372099611E-02));
#4868 = CARTESIAN_POINT('',(5.484376119691E-03,-1.555462772266E-02,
    1.49863103178E-02));
#4869 = CARTESIAN_POINT('',(8.54399237877E-03,-1.485895105615E-02,
    1.509657032615E-02));
#4870 = CARTESIAN_POINT('',(1.158706212187E-02,-1.329943001466E-02,
    1.522028015612E-02));
#4871 = CARTESIAN_POINT('',(1.434281796295E-02,-1.169561038257E-02,
    1.53154374191E-02));
#4872 = CARTESIAN_POINT('',(1.683111129828E-02,-8.942021222363E-03,
    1.542682153066E-02));
#4873 = CARTESIAN_POINT('',(1.907264939385E-02,-5.466799868435E-03,
    1.558065224927E-02));
#4874 = CARTESIAN_POINT('',(2.065751170451E-02,-2.089638921456E-03,
    1.570820777828E-02));
#4875 = CARTESIAN_POINT('',(2.098773337031E-02,1.220187979772E-03,
    1.570442140441E-02));
#4876 = CARTESIAN_POINT('',(2.007118016887E-02,4.86460915399E-03,
    1.557739483117E-02));
#4877 = CARTESIAN_POINT('',(1.880537553531E-02,8.274878508829E-03,
    1.549468555157E-02));
#4878 = CARTESIAN_POINT('',(1.675137659479E-02,1.124521599717E-02,
    1.538214479025E-02));
#4879 = CARTESIAN_POINT('',(1.198887341083E-02,1.821044131361E-02,
    1.513032565549E-02));
#4880 = CARTESIAN_POINT('',(4.093681460582E-03,2.295673710042E-02,
    1.487902918298E-02));
#4881 = CARTESIAN_POINT('',(-5.997459494892E-03,2.385775374352E-02,
    1.462858027998E-02));
#4882 = CARTESIAN_POINT('',(-1.590489472953E-02,1.979502092075E-02,
    1.437876435647E-02));
#4883 = CARTESIAN_POINT('',(-2.29581925039E-02,1.1326451785E-02,
    1.41294971414E-02));
#4884 = CARTESIAN_POINT('',(-2.524833088213E-02,5.774588626605E-04,
    1.388089811414E-02));
#4885 = CARTESIAN_POINT('',(-2.235577813349E-02,-9.632151187826E-03,
    1.363307227571E-02));
#4886 = CARTESIAN_POINT('',(-1.553031143686E-02,-1.691233681146E-02,
    1.338590498557E-02));
#4887 = CARTESIAN_POINT('',(-7.098418607686E-03,-2.01648676421E-02,
    1.313917458828E-02));
#4888 = CARTESIAN_POINT('',(1.125872434117E-03,-1.967009029157E-02,
    1.289328755587E-02));
#4889 = CARTESIAN_POINT('',(1.751479469091E-02,-1.864473070638E-02,
    1.240137719255E-02));
#4890 = CARTESIAN_POINT('',(3.323278874351E-02,-2.152640059259E-03,
    1.191219907699E-02));
#4891 = CARTESIAN_POINT('',(3.015697566433E-02,2.711300628685E-02,
    1.142499564499E-02));
#4892 = CARTESIAN_POINT('',(1.803571318869E-03,5.45260039799E-02,
    1.094177226791E-02));
#4893 = CARTESIAN_POINT('',(-6.010890904102E-02,2.975653677196E-02,
    1.045831377908E-02));
#4894 = CARTESIAN_POINT('',(-4.153981602864E-02,-3.341679275369E-02,
    9.981162933014E-03));
#4895 = CARTESIAN_POINT('',(-4.088853458456E-03,-3.917159713053E-02,
    9.502619514075E-03));
#4896 = CARTESIAN_POINT('',(2.055819870004E-02,-2.481253677196E-02,
    9.029025210631E-03));
#4897 = CARTESIAN_POINT('',(2.434247164159E-02,-3.235442500298E-03,
    8.556628457147E-03));
#4898 = CARTESIAN_POINT('',(1.594103665072E-02,9.998916322428E-03,
    8.086878278009E-03));
#4899 = CARTESIAN_POINT('',(8.144442021827E-03,2.240269018689E-02,
    7.650778475318E-03));
#4900 = CARTESIAN_POINT('',(-1.055843370933E-02,2.735957864064E-02,
    7.215719005745E-03));
#4901 = CARTESIAN_POINT('',(-3.172130971517E-02,1.771818565735E-02,
    6.7852205035E-03));
#4902 = CARTESIAN_POINT('',(-4.314636466168E-02,-1.71292441352E-02,
    6.352528670539E-03));
#4903 = CARTESIAN_POINT('',(-1.231060540727E-02,-4.593152102723E-02,
    5.925112912503E-03));
#4904 = CARTESIAN_POINT('',(2.848054492429E-02,-3.593254759557E-02,
    5.499421437499E-03));
#4905 = CARTESIAN_POINT('',(3.539475920784E-02,-7.911664586737E-04,
    5.072148714774E-03));
#4906 = CARTESIAN_POINT('',(2.246505376887E-02,1.761012679371E-02,
    4.650963572581E-03));
#4907 = CARTESIAN_POINT('',(4.378305391253E-03,2.263063013386E-02,
    4.228546902205E-03));
#4908 = CARTESIAN_POINT('',(-8.147943859266E-03,1.61728107672E-02,
    3.808896929967E-03));
#4909 = CARTESIAN_POINT('',(-2.180375229837E-02,9.327381336172E-03,
    3.356786790351E-03));
#4910 = CARTESIAN_POINT('',(-2.763770454637E-02,-1.035740400285E-02,
    2.906425994188E-03));
#4911 = CARTESIAN_POINT('',(-1.917701639705E-02,-3.385527029908E-02,
    2.458418048387E-03));
#4912 = CARTESIAN_POINT('',(2.494762791434E-02,-4.698747366546E-02,
    2.011168987182E-03));
#4913 = CARTESIAN_POINT('',(5.384161160966E-02,-3.096528258308E-03,
    1.566670597158E-03));
#4914 = CARTESIAN_POINT('',(2.975419228228E-02,4.340969225978E-02,
    1.123815752307E-03));
#4915 = CARTESIAN_POINT('',(-1.455919785655E-02,3.503344708316E-02,
    6.815308276418E-04));
#4916 = CARTESIAN_POINT('',(-2.545826364356E-02,1.350265802101E-02,
    2.418268134038E-04));
#4917 = CARTESIAN_POINT('',(-2.216804021274E-02,-6.24065485567E-03,
    -1.969872063373E-04));
#4918 = CARTESIAN_POINT('',(-9.893238798964E-03,-1.445178860311E-02,
    -6.342171169453E-04));
#4919 = CARTESIAN_POINT('',(1.34866125602E-03,-2.216375669991E-02,
    -1.040017938188E-03));
#4920 = CARTESIAN_POINT('',(1.919608410045E-02,-1.950013818489E-02,
    -1.446097558198E-03));
#4921 = CARTESIAN_POINT('',(3.371396596851E-02,-3.427851327212E-03,
    -1.847066307976E-03));
#4922 = CARTESIAN_POINT('',(3.076267920197E-02,3.066388570288E-02,
    -2.253103678534E-03));
#4923 = CARTESIAN_POINT('',(-6.411005500396E-03,4.414292573173E-02,
    -2.65315253928E-03));
#4924 = CARTESIAN_POINT('',(-3.796642495375E-02,2.048300923623E-02,
    -3.052308296602E-03));
#4925 = CARTESIAN_POINT('',(-3.095616995953E-02,-1.255688542938E-02,
    -3.455539180807E-03));
#4926 = CARTESIAN_POINT('',(-1.284821334131E-02,-2.369995378712E-02,
    -3.851686197129E-03));
#4927 = CARTESIAN_POINT('',(4.731555059675E-03,-2.127759805701E-02,
    -4.251222849968E-03));
#4928 = CARTESIAN_POINT('',(1.318996064232E-02,-1.095668381603E-02,
    -4.648505549172E-03));
#4929 = CARTESIAN_POINT('',(2.24828782048E-02,1.258628744744E-04,
    -5.076590704607E-03));
#4930 = CARTESIAN_POINT('',(2.016811328048E-02,1.946931655463E-02,
    -5.504091287298E-03));
#4931 = CARTESIAN_POINT('',(3.981607448833E-03,3.673671490221E-02,
    -5.930222873521E-03));
#4932 = CARTESIAN_POINT('',(-3.949274027267E-02,3.183927173419E-02,
    -6.357002390954E-03));
#4933 = CARTESIAN_POINT('',(-4.855311851908E-02,-1.756871765398E-02,
    -6.781951081221E-03));
#4934 = CARTESIAN_POINT('',(-9.910519755373E-03,-4.958408412964E-02,
    -7.206431219133E-03));
#4935 = CARTESIAN_POINT('',(2.631673454896E-02,-2.554128559852E-02,
    -7.631788649845E-03));
#4936 = CARTESIAN_POINT('',(2.774835206082E-02,-2.158909685046E-03,
    -8.055533364503E-03));
#4937 = CARTESIAN_POINT('',(1.726892783814E-02,1.408821482681E-02,
    -8.479724995243E-03));
#4938 = CARTESIAN_POINT('',(3.186938246725E-03,1.66744223915E-02,
    -8.903539272799E-03));
#4939 = CARTESIAN_POINT('',(-1.070364864997E-02,1.931489986665E-02,
    -9.3273577314E-03));
#4940 = CARTESIAN_POINT('',(-2.748937767042E-02,9.026072916599E-03,
    -9.751261136432E-03));
#4941 = CARTESIAN_POINT('',(-3.11245507082E-02,-1.647543092323E-02,
    -1.017446703978E-02));
#4942 = CARTESIAN_POINT('',(-1.393208543378E-02,-4.524887491814E-02,
    -1.059896139219E-02));
#4943 = CARTESIAN_POINT('',(4.463208763158E-02,-3.943191610638E-02,
    -1.102236714458E-02));
#4944 = CARTESIAN_POINT('',(4.326598657011E-02,1.947023942126E-02,
    -1.144587569767E-02));
#4945 = CARTESIAN_POINT('',(1.247730747798E-02,3.303250183675E-02,
    -1.187103688054E-02));
#4946 = CARTESIAN_POINT('',(-1.244006602972E-02,2.621890096182E-02,
    -1.229519908436E-02));
#4947 = CARTESIAN_POINT('',(-2.058562319989E-02,8.21731141699E-03,
    -1.272050159802E-02));
#4948 = CARTESIAN_POINT('',(-1.620616585964E-02,-5.289905384924E-03,
    -1.314609968193E-02));
#4949 = CARTESIAN_POINT('',(-1.399629541554E-02,-1.204549041585E-02,
    -1.335872551947E-02));
#4950 = CARTESIAN_POINT('',(-8.642410591071E-03,-1.785173293261E-02,
    -1.357220540143E-02));
#4951 = CARTESIAN_POINT('',(-7.237798212529E-04,-2.090223875849E-02,
    -1.378496676677E-02));
#4952 = CARTESIAN_POINT('',(8.405380067921E-03,-1.999697510743E-02,
    -1.399801057263E-02));
#4953 = CARTESIAN_POINT('',(1.630646578168E-02,-1.481335282087E-02,
    -1.421168620789E-02));
#4954 = CARTESIAN_POINT('',(2.074598031119E-02,-6.460044974869E-03,
    -1.442548763783E-02));
#4955 = CARTESIAN_POINT('',(2.080487344463E-02,2.740356622542E-03,
    -1.463902452232E-02));
#4956 = CARTESIAN_POINT('',(1.701267193373E-02,1.037555398461E-02,
    -1.48527417279E-02));
#4957 = CARTESIAN_POINT('',(1.06953661915E-02,1.519213995067E-02,
    -1.506738033509E-02));
#4958 = CARTESIAN_POINT('',(3.710045371598E-03,1.676790350377E-02,
    -1.528159291996E-02));
#4959 = CARTESIAN_POINT('',(7.059726040079E-04,1.739347825447E-02,
    -1.53731550413E-02));
#4960 = CARTESIAN_POINT('',(-2.411041645102E-03,1.755785839031E-02,
    -1.546489167067E-02));
#4961 = CARTESIAN_POINT('',(-5.562413137017E-03,1.697736203129E-02,
    -1.555831288901E-02));
#4962 = CARTESIAN_POINT('',(-8.586299885861E-03,1.572947338267E-02,
    -1.565061645434E-02));
#4963 = CARTESIAN_POINT('',(-1.130566897615E-02,1.397321879562E-02,
    -1.574056757506E-02));
#4964 = CARTESIAN_POINT('',(-1.357866955444E-02,1.179488475314E-02,
    -1.58305787275E-02));
#4965 = CARTESIAN_POINT('',(-1.533131199523E-02,9.179077781023E-03,
    -1.592498951798E-02));
#4966 = CARTESIAN_POINT('',(-1.657245324075E-02,6.105126284255E-03,
    -1.602454658907E-02));
#4967 = CARTESIAN_POINT('',(-1.739108831518E-02,2.768824308315E-03,
    -1.611708357038E-02));
#4968 = CARTESIAN_POINT('',(-1.793594801271E-02,-7.048277406716E-05,
    -1.616440107357E-02));
#4969 = CARTESIAN_POINT('',(-1.86051434619E-02,-3.868263549088E-03,
    -1.622943636798E-02));
#4970 = CARTESIAN_POINT('',(-1.882626504714E-02,-7.408806154655E-03,
    -1.625092591549E-02));
#4971 = CARTESIAN_POINT('',(-1.812917376792E-02,-9.159047244866E-03,
    -1.618317958424E-02));
#4972 = CARTESIAN_POINT('',(-1.866938261768E-02,-1.590117343596E-02,
    -1.623567940567E-02));
#4973 = CARTESIAN_POINT('',(-1.862996180406E-02,-1.747370778642E-02,
    -1.623184832131E-02));
#4974 = CARTESIAN_POINT('',(-1.830921765594E-02,-1.969383162088E-02,
    -1.62006770243E-02));
#4975 = CARTESIAN_POINT('',(-1.865407839679E-02,-2.66210575369E-02,
    -1.623419207561E-02));
#4976 = CARTESIAN_POINT('',(-1.846422188888E-02,-2.712644883665E-02,
    -1.62157410029E-02));
#4977 = CARTESIAN_POINT('',(-1.852367969685E-02,-3.377584478393E-02,
    -1.622151936862E-02));
#4978 = CARTESIAN_POINT('',(-1.851494838188E-02,-4.432E-02,
    -1.622067082185E-02));
#4979 = CARTESIAN_POINT('',(1.161158954218E-02,-4.432E-02,-1.96E-02));
#4980 = CARTESIAN_POINT('',(1.160926607899E-02,-3.638883369606E-02,
    -1.959968202474E-02));
#4981 = CARTESIAN_POINT('',(1.162409748509E-02,-3.078055029371E-02,
    -1.960171176216E-02));
#4982 = CARTESIAN_POINT('',(1.158382041178E-02,-2.802839975178E-02,
    -1.959619968312E-02));
#4983 = CARTESIAN_POINT('',(1.163290386765E-02,-2.481768154548E-02,
    -1.960291695094E-02));
#4984 = CARTESIAN_POINT('',(1.163603534492E-02,-2.207218330291E-02,
    -1.960334550616E-02));
#4985 = CARTESIAN_POINT('',(1.155876830964E-02,-2.010034723209E-02,
    -1.959277120245E-02));
#4986 = CARTESIAN_POINT('',(1.159153293414E-02,-1.630558034857E-02,
    -1.959725517274E-02));
#4987 = CARTESIAN_POINT('',(1.174934245953E-02,-9.757109014123E-03,
    -1.961885203929E-02));
#4988 = CARTESIAN_POINT('',(1.154565808467E-02,-5.709762797261E-03,
    -1.959097701557E-02));
#4989 = CARTESIAN_POINT('',(1.120500578715E-02,-1.953057166711E-03,
    -1.954435738224E-02));
#4990 = CARTESIAN_POINT('',(1.087946130133E-02,1.676637171642E-03,
    -1.949788663219E-02));
#4991 = CARTESIAN_POINT('',(1.017999680855E-02,4.24859805738E-03,
    -1.941332325872E-02));
#4992 = CARTESIAN_POINT('',(9.687591052016E-03,5.482431971715E-03,
    -1.934598739649E-02));
#4993 = CARTESIAN_POINT('',(8.844576807225E-03,6.677793492142E-03,
    -1.92797468683E-02));
#4994 = CARTESIAN_POINT('',(7.428520480846E-03,8.287995850987E-03,
    -1.920314131786E-02));
#4995 = CARTESIAN_POINT('',(5.734255367789E-03,9.749766872957E-03,
    -1.912461683094E-02));
#4996 = CARTESIAN_POINT('',(4.103940542688E-03,1.043103162664E-02,
    -1.905556897561E-02));
#4997 = CARTESIAN_POINT('',(2.445017361922E-03,1.055860312483E-02,
    -1.898989219117E-02));
#4998 = CARTESIAN_POINT('',(3.759355523677E-04,1.098766240888E-02,
    -1.890873345682E-02));
#4999 = CARTESIAN_POINT('',(-1.360479136914E-03,1.067490935172E-02,
    -1.883914816955E-02));
#5000 = CARTESIAN_POINT('',(-5.575723984715E-03,1.010838857955E-02,
    -1.866984917857E-02));
#5001 = CARTESIAN_POINT('',(-9.598683766357E-03,7.797571097582E-03,
    -1.850034744508E-02));
#5002 = CARTESIAN_POINT('',(-1.244042793038E-02,3.596300003344E-03,
    -1.833075248799E-02));
#5003 = CARTESIAN_POINT('',(-1.32380268599E-02,-1.697841007359E-03,
    -1.816107964631E-02));
#5004 = CARTESIAN_POINT('',(-1.161720353805E-02,-6.891853298644E-03,
    -1.799128556506E-02));
#5005 = CARTESIAN_POINT('',(-7.850914591446E-03,-1.082821654599E-02,
    -1.782130073335E-02));
#5006 = CARTESIAN_POINT('',(-2.813860711895E-03,-1.269834958118E-02,
    -1.765105907444E-02));
#5007 = CARTESIAN_POINT('',(2.267073543776E-03,-1.223863883031E-02,
    -1.748052458793E-02));
#5008 = CARTESIAN_POINT('',(6.266450575821E-03,-9.809034345402E-03,
    -1.730971504401E-02));
#5009 = CARTESIAN_POINT('',(8.817981185426E-03,-6.354213429044E-03,
    -1.713872272971E-02));
#5010 = CARTESIAN_POINT('',(1.393509552067E-02,6.167520697768E-04,
    -1.679670399166E-02));
#5011 = CARTESIAN_POINT('',(1.244557039657E-02,1.207197353363E-02,
    -1.645320461556E-02));
#5012 = CARTESIAN_POINT('',(2.351371904846E-03,2.171456254088E-02,
    -1.610918817428E-02));
#5013 = CARTESIAN_POINT('',(-2.051056883607E-02,2.006705440624E-02,
    -1.576189194341E-02));
#5014 = CARTESIAN_POINT('',(-2.931152450376E-02,-5.371534933243E-03,
    -1.541446508653E-02));
#5015 = CARTESIAN_POINT('',(-1.231771200676E-02,-2.644975183358E-02,
    -1.506505264256E-02));
#5016 = CARTESIAN_POINT('',(1.047532079959E-02,-2.005949328406E-02,
    -1.471178556215E-02));
#5017 = CARTESIAN_POINT('',(1.66351432196E-02,-6.809678882267E-03,
    -1.435781412358E-02));
#5018 = CARTESIAN_POINT('',(1.375047256193E-02,4.864269590759E-03,
    -1.400044290056E-02));
#5019 = CARTESIAN_POINT('',(6.043513492599E-03,9.709138109038E-03,
    -1.36405900551E-02));
#5020 = CARTESIAN_POINT('',(-1.209972711665E-03,1.425683334093E-02,
    -1.330647381968E-02));
#5021 = CARTESIAN_POINT('',(-1.125368581446E-02,1.268535279848E-02,
    -1.296964153121E-02));
#5022 = CARTESIAN_POINT('',(-2.230671162355E-02,3.166903059027E-03,
    -1.263077046934E-02));
#5023 = CARTESIAN_POINT('',(-1.939584495132E-02,-1.6331220553E-02,
    -1.228902567609E-02));
#5024 = CARTESIAN_POINT('',(-1.101662205249E-03,-2.747957558534E-02,
    -1.194428712007E-02));
#5025 = CARTESIAN_POINT('',(1.849360570096E-02,-1.809947483411E-02,
    -1.159675727762E-02));
#5026 = CARTESIAN_POINT('',(2.349000353417E-02,1.574076234095E-03,
    -1.124628656736E-02));
#5027 = CARTESIAN_POINT('',(1.26357643473E-02,1.282241296883E-02,
    -1.089247036115E-02));
#5028 = CARTESIAN_POINT('',(2.04195972895E-03,1.51223021307E-02,
    -1.053528758294E-02));
#5029 = CARTESIAN_POINT('',(-6.070781175662E-03,1.074325603737E-02,
    -1.01747671935E-02));
#5030 = CARTESIAN_POINT('',(-1.469545585907E-02,6.066928446241E-03,
    -9.786535543684E-03));
#5031 = CARTESIAN_POINT('',(-1.87608413454E-02,-6.507406529616E-03,
    -9.394097069451E-03));
#5032 = CARTESIAN_POINT('',(-1.308796678482E-02,-2.129677029017E-02,
    -8.998080373293E-03));
#5033 = CARTESIAN_POINT('',(1.132535754445E-02,-3.127837190898E-02,
    -8.596766233389E-03));
#5034 = CARTESIAN_POINT('',(3.357945215413E-02,-9.128286596897E-03,
    -8.192033307454E-03));
#5035 = CARTESIAN_POINT('',(2.653053132131E-02,2.183585699592E-02,
    -7.782799643539E-03));
#5036 = CARTESIAN_POINT('',(-1.105208145215E-03,2.676448520385E-02,
    -7.367931394743E-03));
#5037 = CARTESIAN_POINT('',(-1.441694715478E-02,1.568275607368E-02,
    -6.94929299117E-03));
#5038 = CARTESIAN_POINT('',(-1.726310468759E-02,1.678655386955E-03,
    -6.525361497063E-03));
#5039 = CARTESIAN_POINT('',(-1.141005235711E-02,-7.452448226385E-03,
    -6.09662197433E-03));
#5040 = CARTESIAN_POINT('',(-6.066338467816E-03,-1.593482840794E-02,
    -5.698642627727E-03));
#5041 = CARTESIAN_POINT('',(6.487612724177E-03,-1.99091577676E-02,
    -5.295563395066E-03));
#5042 = CARTESIAN_POINT('',(2.110255508643E-02,-1.394627280528E-02,
    -4.890268138347E-03));
#5043 = CARTESIAN_POINT('',(3.085371373859E-02,6.935084949798E-03,
    -4.477612534158E-03));
#5044 = CARTESIAN_POINT('',(1.540494110603E-02,2.943219382039E-02,
    -4.062632415437E-03));
#5045 = CARTESIAN_POINT('',(-1.222590241045E-02,3.022946671042E-02,
    -3.643382042083E-03));
#5046 = CARTESIAN_POINT('',(-2.514509944354E-02,9.49519226884E-03,
    -3.217377955296E-03));
#5047 = CARTESIAN_POINT('',(-2.1247614503E-02,-7.104340136048E-03,
    -2.789223768048E-03));
#5048 = CARTESIAN_POINT('',(-9.890955537787E-03,-1.569053047679E-02,
    -2.355023365349E-03));
#5049 = CARTESIAN_POINT('',(1.136649306987E-03,-1.496640523325E-02,
    -1.91665453272E-03));
#5050 = CARTESIAN_POINT('',(1.304591565065E-02,-1.429423226082E-02,
    -1.444513309233E-03));
#5051 = CARTESIAN_POINT('',(2.404932879612E-02,-2.526872114871E-03,
    -9.669395547967E-04));
#5052 = CARTESIAN_POINT('',(2.54636389865E-02,1.662037608111E-02,
    -4.840026931105E-04));
#5053 = CARTESIAN_POINT('',(3.7874620389E-03,4.043392967685E-02,
    4.359787211489E-06));
#5054 = CARTESIAN_POINT('',(-3.232097736943E-02,2.750425843497E-02,
    4.982098093521E-04));
#5055 = CARTESIAN_POINT('',(-4.062147090054E-02,-1.038141731376E-02,
    9.974704081697E-04));
#5056 = CARTESIAN_POINT('',(-1.25881889717E-02,-3.00294764138E-02,
    1.502135810371E-03));
#5057 = CARTESIAN_POINT('',(7.715966011308E-03,-2.474481369907E-02,
    2.01229243439E-03));
#5058 = CARTESIAN_POINT('',(1.81209107119E-02,-1.079361036979E-02,
    2.527747528461E-03));
#5059 = CARTESIAN_POINT('',(1.640291359645E-02,2.267330001886E-03,
    3.048622141473E-03));
#5060 = CARTESIAN_POINT('',(1.491694374397E-02,1.436047521126E-02,
    3.53234907825E-03));
#5061 = CARTESIAN_POINT('',(3.182594350945E-03,2.51784701035E-02,
    4.020141300258E-03));
#5062 = CARTESIAN_POINT('',(-1.595732523435E-02,2.622253345491E-02,
    4.514162296679E-03));
#5063 = CARTESIAN_POINT('',(-3.735993208867E-02,8.222292264807E-03,
    5.00997320297E-03));
#5064 = CARTESIAN_POINT('',(-3.190271825837E-02,-2.429048788957E-02,
    5.512752869539E-03));
#5065 = CARTESIAN_POINT('',(-2.096826547444E-03,-3.917229000066E-02,
    6.019758654995E-03));
#5066 = CARTESIAN_POINT('',(2.247485177612E-02,-2.314714796967E-02,
    6.528779505377E-03));
#5067 = CARTESIAN_POINT('',(2.664155189076E-02,-3.155771394877E-03,
    7.045419951169E-03));
#5068 = CARTESIAN_POINT('',(1.87217702832E-02,1.190715764158E-02,
    7.564003800794E-03));
#5069 = CARTESIAN_POINT('',(6.435143280316E-03,1.673039122252E-02,
    8.087699532643E-03));
#5070 = CARTESIAN_POINT('',(-1.728735463321E-04,1.928634346894E-02,
    8.369607494289E-03));
#5071 = CARTESIAN_POINT('',(-7.90256052005E-03,1.91532859687E-02,
    8.652711759293E-03));
#5072 = CARTESIAN_POINT('',(-1.547920897868E-02,1.529701142542E-02,
    8.937001276912E-03));
#5073 = CARTESIAN_POINT('',(-2.097543535066E-02,8.158864378739E-03,
    9.222490818762E-03));
#5074 = CARTESIAN_POINT('',(-2.28335866729E-02,-8.317835381407E-04,
    9.509183965137E-03));
#5075 = CARTESIAN_POINT('',(-2.047957970778E-02,-9.749540864329E-03,
    9.797056788541E-03));
#5076 = CARTESIAN_POINT('',(-1.452817365931E-02,-1.66694861006E-02,
    1.008606223466E-02));
#5077 = CARTESIAN_POINT('',(-6.579676488285E-03,-2.016814002186E-02,
    1.037615520046E-02));
#5078 = CARTESIAN_POINT('',(1.391915173427E-03,-1.982892051341E-02,
    1.066733830978E-02));
#5079 = CARTESIAN_POINT('',(8.059342509481E-03,-1.675207993019E-02,
    1.095972838601E-02));
#5080 = CARTESIAN_POINT('',(1.091752517122E-02,-1.539421463789E-02,
    1.108567527057E-02));
#5081 = CARTESIAN_POINT('',(1.350300997533E-02,-1.351682842386E-02,
    1.121071309477E-02));
#5082 = CARTESIAN_POINT('',(1.574254615889E-02,-1.117230962749E-02,
    1.133529505466E-02));
#5083 = CARTESIAN_POINT('',(1.754105676249E-02,-8.417836068354E-03,
    1.146039837961E-02));
#5084 = CARTESIAN_POINT('',(1.87976867793E-02,-5.322509809904E-03,
    1.158723288673E-02));
#5085 = CARTESIAN_POINT('',(1.942185130403E-02,-1.974491923097E-03,
    1.171694953529E-02));
#5086 = CARTESIAN_POINT('',(1.934928368205E-02,1.511862749978E-03,
    1.185034898111E-02));
#5087 = CARTESIAN_POINT('',(1.85580836583E-02,4.988870832421E-03,
    1.198759013101E-02));
#5088 = CARTESIAN_POINT('',(1.708476552642E-02,8.268385648922E-03,
    1.212789869721E-02));
#5089 = CARTESIAN_POINT('',(1.504030627771E-02,1.111466246208E-02,
    1.226927575174E-02));
#5090 = CARTESIAN_POINT('',(1.228053629278E-02,1.489685024319E-02,
    1.245803184771E-02));
#5091 = CARTESIAN_POINT('',(8.457685655969E-03,1.797977293102E-02,
    1.264692261661E-02));
#5092 = CARTESIAN_POINT('',(3.79989801931E-03,1.993424543821E-02,
    1.283621712204E-02));
#5093 = CARTESIAN_POINT('',(-1.330700694546E-03,2.051372687787E-02,
    1.302599489383E-02));
#5094 = CARTESIAN_POINT('',(-6.495409663788E-03,1.963669477658E-02,
    1.321620555763E-02));
#5095 = CARTESIAN_POINT('',(-1.123636053888E-02,1.736901928717E-02,
    1.340672846475E-02));
#5096 = CARTESIAN_POINT('',(-1.513392481403E-02,1.390633740181E-02,
    1.359743232163E-02));
#5097 = CARTESIAN_POINT('',(-1.786412119862E-02,9.556427164725E-03,
    1.37882348197E-02));
#5098 = CARTESIAN_POINT('',(-1.925602298869E-02,4.721581885268E-03,
    1.397916226493E-02));
#5099 = CARTESIAN_POINT('',(-1.934916543835E-02,-1.190156492727E-04,
    1.417040920756E-02));
#5100 = CARTESIAN_POINT('',(-1.942261457286E-02,-3.744754943513E-03,
    1.431377999711E-02));
#5101 = CARTESIAN_POINT('',(-1.870852080937E-02,-7.433524474672E-03,
    1.445713103878E-02));
#5102 = CARTESIAN_POINT('',(-1.723579220361E-02,-1.097098804568E-02,
    1.460045059026E-02));
#5103 = CARTESIAN_POINT('',(-1.505889333047E-02,-1.417368741643E-02,
    1.474370684759E-02));
#5104 = CARTESIAN_POINT('',(-1.225784528402E-02,-1.688904230376E-02,
    1.488684794505E-02));
#5105 = CARTESIAN_POINT('',(-8.938225677544E-03,-1.899535038143E-02,
    1.502980195527E-02));
#5106 = CARTESIAN_POINT('',(-5.231168643454E-03,-2.040178728022E-02,
    1.517247688913E-02));
#5107 = CARTESIAN_POINT('',(-1.293364833407E-03,-2.104840658778E-02,
    1.531476069585E-02));
#5108 = CARTESIAN_POINT('',(2.692938581806E-03,-2.090613984876E-02,
    1.545652126293E-02));
#5109 = CARTESIAN_POINT('',(6.519937912179E-03,-1.997679656475E-02,
    1.559760641617E-02));
#5110 = CARTESIAN_POINT('',(1.040672174652E-02,-1.899908663558E-02,
    1.573842745282E-02));
#5111 = CARTESIAN_POINT('',(1.399496740904E-02,-1.751826973873E-02,
    1.588109540295E-02));
#5112 = CARTESIAN_POINT('',(1.776714972927E-02,-1.474356570078E-02,
    1.602175882776E-02));
#5113 = CARTESIAN_POINT('',(2.049062132942E-02,-1.168021100003E-02,
    1.613752444037E-02));
#5114 = CARTESIAN_POINT('',(2.298269885257E-02,-8.153853003246E-03,
    1.63120569059E-02));
#5115 = CARTESIAN_POINT('',(2.538829999394E-02,-3.669127288389E-03,
    1.6498748738E-02));
#5116 = CARTESIAN_POINT('',(2.609856037409E-02,1.427691942635E-03,
    1.650921652343E-02));
#5117 = CARTESIAN_POINT('',(2.441577550538E-02,6.130974773998E-03,
    1.631233374731E-02));
#5118 = CARTESIAN_POINT('',(2.304692931634E-02,1.007085463802E-02,
    1.62264645337E-02));
#5119 = CARTESIAN_POINT('',(2.048498691145E-02,1.380798277465E-02,
    1.608501665732E-02));
#5120 = CARTESIAN_POINT('',(1.465712549843E-02,2.234464899108E-02,
    1.577646205508E-02));
#5121 = CARTESIAN_POINT('',(4.979480731586E-03,2.814095014478E-02,
    1.546912628306E-02));
#5122 = CARTESIAN_POINT('',(-7.385689465474E-03,2.926768106442E-02,
    1.516157706775E-02));
#5123 = CARTESIAN_POINT('',(-1.954610153333E-02,2.430257728783E-02,
    1.485465135874E-02));
#5124 = CARTESIAN_POINT('',(-2.822628977086E-02,1.389849935688E-02,
    1.454874254744E-02));
#5125 = CARTESIAN_POINT('',(-3.105730120066E-02,6.761050217465E-04,
    1.424342800975E-02));
#5126 = CARTESIAN_POINT('',(-2.750025523919E-02,-1.187880438489E-02,
    1.393827247248E-02));
#5127 = CARTESIAN_POINT('',(-1.909478160427E-02,-2.083307714539E-02,
    1.36336427026E-02));
#5128 = CARTESIAN_POINT('',(-8.723349893999E-03,-2.485895766677E-02,
    1.333036901907E-02));
#5129 = CARTESIAN_POINT('',(1.417495730459E-03,-2.424160004292E-02,
    1.302708912653E-02));
#5130 = CARTESIAN_POINT('',(2.163042909569E-02,-2.300204767688E-02,
    1.242079842568E-02));
#5131 = CARTESIAN_POINT('',(4.091402244808E-02,-2.541045863678E-03,
    1.181741634638E-02));
#5132 = CARTESIAN_POINT('',(3.753583763529E-02,3.318857219667E-02,
    1.121524013938E-02));
#5133 = CARTESIAN_POINT('',(1.758184478541E-03,6.778225287068E-02,
    1.061867647184E-02));
#5134 = CARTESIAN_POINT('',(-7.362925423484E-02,3.653830747731E-02,
    1.002058547308E-02));
#5135 = CARTESIAN_POINT('',(-5.210477077451E-02,-4.116058952699E-02,
    9.429099094443E-03));
#5136 = CARTESIAN_POINT('',(-4.652097008404E-03,-4.856918825755E-02,
    8.838133196889E-03));
#5137 = CARTESIAN_POINT('',(2.529903765087E-02,-3.06989799543E-02,
    8.251074337992E-03));
#5138 = CARTESIAN_POINT('',(3.015910263816E-02,-4.006944219339E-03,
    7.666593108033E-03));
#5139 = CARTESIAN_POINT('',(1.97327834073E-02,1.236976172088E-02,
    7.085181195805E-03));
#5140 = CARTESIAN_POINT('',(1.008162316311E-02,2.772786482753E-02,
    6.545133047628E-03));
#5141 = CARTESIAN_POINT('',(-1.303467975091E-02,3.382578458814E-02,
    6.008591639009E-03));
#5142 = CARTESIAN_POINT('',(-3.927510690297E-02,2.194995746588E-02,
    5.472298127175E-03));
#5143 = CARTESIAN_POINT('',(-5.329564753247E-02,-2.123245239606E-02,
    4.942121156511E-03));
#5144 = CARTESIAN_POINT('',(-1.514227095981E-02,-5.674273361051E-02,
    4.412048682689E-03));
#5145 = CARTESIAN_POINT('',(3.515847184966E-02,-4.424793145113E-02,
    3.884551647993E-03));
#5146 = CARTESIAN_POINT('',(4.359193955183E-02,-9.417519495967E-04,
    3.362469716696E-03));
#5147 = CARTESIAN_POINT('',(2.761611126197E-02,2.16362436649E-02,
    2.840092118551E-03));
#5148 = CARTESIAN_POINT('',(5.414050535927E-03,2.780586418876E-02,
    2.322447381978E-03));
#5149 = CARTESIAN_POINT('',(-9.965935029844E-03,1.987265705738E-02,
    1.806974367347E-03));
#5150 = CARTESIAN_POINT('',(-2.673207128324E-02,1.1478122378E-02,
    1.25193827809E-03));
#5151 = CARTESIAN_POINT('',(-3.384674745188E-02,-1.269803023037E-02,
    7.002829564266E-04));
#5152 = CARTESIAN_POINT('',(-2.347826542805E-02,-4.141389228179E-02,
    1.517828894683E-04));
#5153 = CARTESIAN_POINT('',(3.067821341683E-02,-5.732533139748E-02,
    -3.93097357404E-04));
#5154 = CARTESIAN_POINT('',(6.550699303321E-02,-3.526302435297E-03,
    -9.348390510044E-04));
#5155 = CARTESIAN_POINT('',(3.580911455749E-02,5.286362852559E-02,
    -1.473211778814E-03));
#5156 = CARTESIAN_POINT('',(-1.764559909132E-02,4.206952076748E-02,
    -2.007932887093E-03));
#5157 = CARTESIAN_POINT('',(-3.063138788654E-02,1.635523553782E-02,
    -2.539458073599E-03));
#5158 = CARTESIAN_POINT('',(-2.666541967744E-02,-7.463538745233E-03,
    -3.06748552099E-03));
#5159 = CARTESIAN_POINT('',(-1.193325693121E-02,-1.729625189212E-02,
    -3.592088485266E-03));
#5160 = CARTESIAN_POINT('',(1.561628364797E-03,-2.65526927894E-02,
    -4.079226360941E-03));
#5161 = CARTESIAN_POINT('',(2.287693443027E-02,-2.331752452469E-02,
    -4.56346048285E-03));
#5162 = CARTESIAN_POINT('',(4.029615461167E-02,-4.072298895002E-03,
    -5.044482536626E-03));
#5163 = CARTESIAN_POINT('',(3.634236887062E-02,3.659648225942E-02,
    -5.52312528742E-03));
#5164 = CARTESIAN_POINT('',(-7.817473741542E-03,5.211920163379E-02,
    -5.998167049463E-03));
#5165 = CARTESIAN_POINT('',(-4.470590791243E-02,2.38196647052E-02,
    -6.470432814881E-03));
#5166 = CARTESIAN_POINT('',(-3.612047728554E-02,-1.471505803741E-02,
    -6.940350543626E-03));
#5167 = CARTESIAN_POINT('',(-1.501124369145E-02,-2.758766043201E-02,
    -7.40637534477E-03));
#5168 = CARTESIAN_POINT('',(5.420542859651E-03,-2.474467128386E-02,
    -7.870247092726E-03));
#5169 = CARTESIAN_POINT('',(1.521998096554E-02,-1.277894851767E-02,
    -8.330898420451E-03));
#5170 = CARTESIAN_POINT('',(2.599045333261E-02,6.705236728041E-05,
    -8.827048859411E-03));
#5171 = CARTESIAN_POINT('',(2.325905107129E-02,2.238595420857E-02,
    -9.319899742589E-03));
#5172 = CARTESIAN_POINT('',(4.506587416201E-03,4.231245085529E-02,
    -9.809188598431E-03));
#5173 = CARTESIAN_POINT('',(-4.543134319604E-02,3.596653939354E-02,
    -1.029569112703E-02));
#5174 = CARTESIAN_POINT('',(-5.48092892714E-02,-2.033650090459E-02,
    -1.077837557827E-02));
#5175 = CARTESIAN_POINT('',(-1.055094186785E-02,-5.583856202598E-02,
    -1.125783879032E-02));
#5176 = CARTESIAN_POINT('',(2.929708348781E-02,-2.818184140209E-02,
    -1.173462228031E-02));
#5177 = CARTESIAN_POINT('',(3.081491198414E-02,-2.512743823805E-03,
    -1.22076653409E-02));
#5178 = CARTESIAN_POINT('',(1.915001523715E-02,1.5519625748E-02,
    -1.267791104576E-02));
#5179 = CARTESIAN_POINT('',(3.635842752531E-03,1.835092160893E-02,
    -1.314494040127E-02));
#5180 = CARTESIAN_POINT('',(-1.167779317076E-02,2.127200892502E-02,
    -1.361201704582E-02));
#5181 = CARTESIAN_POINT('',(-3.001954830933E-02,9.846102938541E-03,
    -1.407588379249E-02));
#5182 = CARTESIAN_POINT('',(-3.401038625361E-02,-1.78584935687E-02,
    -1.453727891026E-02));
#5183 = CARTESIAN_POINT('',(-1.449394165767E-02,-4.947253706704E-02,
    -1.499423105167E-02));
#5184 = CARTESIAN_POINT('',(4.822841622506E-02,-4.131457511295E-02,
    -1.545124321565E-02));
#5185 = CARTESIAN_POINT('',(4.55326338129E-02,2.091468465266E-02,
    -1.590082638263E-02));
#5186 = CARTESIAN_POINT('',(1.298263182653E-02,3.470359960519E-02,
    -1.635238465171E-02));
#5187 = CARTESIAN_POINT('',(-1.295593752031E-02,2.742931643193E-02,
    -1.679789810496E-02));
#5188 = CARTESIAN_POINT('',(-2.139137143048E-02,8.64733744955E-03,
    -1.724222520062E-02));
#5189 = CARTESIAN_POINT('',(-1.684609875546E-02,-5.355193091567E-03,
    -1.768348569351E-02));
#5190 = CARTESIAN_POINT('',(-1.455442898686E-02,-1.236270061952E-02,
    -1.790402298819E-02));
#5191 = CARTESIAN_POINT('',(-9.013841186783E-03,-1.834854069966E-02,
    -1.812435931299E-02));
#5192 = CARTESIAN_POINT('',(-8.415116881948E-04,-2.148071353851E-02,
    -1.83436369336E-02));
#5193 = CARTESIAN_POINT('',(8.525276031863E-03,-2.051240443901E-02,
    -1.856210532351E-02));
#5194 = CARTESIAN_POINT('',(1.657692358289E-02,-1.517002351466E-02,
    -1.878032703845E-02));
#5195 = CARTESIAN_POINT('',(2.105851776402E-02,-6.649459422112E-03,
    -1.89981374443E-02));
#5196 = CARTESIAN_POINT('',(2.108175165395E-02,2.673013506578E-03,
    -1.921488629763E-02));
#5197 = CARTESIAN_POINT('',(1.722982137803E-02,1.037724877751E-02,
    -1.943073309109E-02));
#5198 = CARTESIAN_POINT('',(1.086569481801E-02,1.521374936661E-02,
    -1.964701198775E-02));
#5199 = CARTESIAN_POINT('',(3.856490105888E-03,1.679529836817E-02,
    -1.986192608198E-02));
#5200 = CARTESIAN_POINT('',(8.402719460982E-04,1.741963840515E-02,
    -1.995394271684E-02));
#5201 = CARTESIAN_POINT('',(-2.278315783098E-03,1.759192712156E-02,
    -2.004551494521E-02));
#5202 = CARTESIAN_POINT('',(-5.431970194755E-03,1.700705115737E-02,
    -2.013905554027E-02));
#5203 = CARTESIAN_POINT('',(-8.454893026439E-03,1.575066804696E-02,
    -2.023152651961E-02));
#5204 = CARTESIAN_POINT('',(-1.116470356355E-02,1.399603119478E-02,
    -2.032124165328E-02));
#5205 = CARTESIAN_POINT('',(-1.34204227626E-02,1.183526687891E-02,
    -2.041049106762E-02));
#5206 = CARTESIAN_POINT('',(-1.515652857446E-02,9.245103282149E-03,
    -2.050398794452E-02));
#5207 = CARTESIAN_POINT('',(-1.639308246758E-02,6.187051551067E-03,
    -2.060313731664E-02));
#5208 = CARTESIAN_POINT('',(-1.722192715123E-02,2.842038882579E-03,
    -2.069612695797E-02));
#5209 = CARTESIAN_POINT('',(-1.776895549857E-02,-2.050636160018E-05,
    -2.074384037029E-02));
#5210 = CARTESIAN_POINT('',(-1.844402979782E-02,-3.845795815523E-03,
    -2.080944699666E-02));
#5211 = CARTESIAN_POINT('',(-1.866608921365E-02,-7.441061203114E-03,
    -2.083102768658E-02));
#5212 = CARTESIAN_POINT('',(-1.796249649104E-02,-9.161408753279E-03,
    -2.076264951707E-02));
#5213 = CARTESIAN_POINT('',(-1.850925276864E-02,-1.58771568333E-02,
    -2.081578564573E-02));
#5214 = CARTESIAN_POINT('',(-1.846834297907E-02,-1.748231888921E-02,
    -2.081180985627E-02));
#5215 = CARTESIAN_POINT('',(-1.814400353414E-02,-1.970880223386E-02,
    -2.078028915284E-02));
#5216 = CARTESIAN_POINT('',(-1.84936704539E-02,-2.660204911167E-02,
    -2.08142712893E-02));
#5217 = CARTESIAN_POINT('',(-1.830081390102E-02,-2.713591003255E-02,
    -2.079552865931E-02));
#5218 = CARTESIAN_POINT('',(-1.836130682252E-02,-3.377383540431E-02,
    -2.080140762183E-02));
#5219 = CARTESIAN_POINT('',(-1.83524110774E-02,-4.432E-02,
    -2.080054309502E-02));
#5220 = CARTESIAN_POINT('',(1.466181325701E-02,-4.432E-02,
    -2.302020228984E-02));
#5221 = CARTESIAN_POINT('',(1.46597112923E-02,-3.639926417818E-02,
    -2.301991462754E-02));
#5222 = CARTESIAN_POINT('',(1.467344874753E-02,-3.074238637214E-02,
    -2.302179465339E-02));
#5223 = CARTESIAN_POINT('',(1.46354244466E-02,-2.807767630219E-02,
    -2.301659087529E-02));
#5224 = CARTESIAN_POINT('',(1.468251793231E-02,-2.481994354481E-02,
    -2.30230358077E-02));
#5225 = CARTESIAN_POINT('',(1.468518353766E-02,-2.201368612975E-02,
    -2.302340060649E-02));
#5226 = CARTESIAN_POINT('',(1.461058660316E-02,-2.01092224791E-02,
    -2.301319171678E-02));
#5227 = CARTESIAN_POINT('',(1.464185037596E-02,-1.638194480298E-02,
    -2.30174702895E-02));
#5228 = CARTESIAN_POINT('',(1.47960969661E-02,-9.743590474749E-03,
    -2.303857955407E-02));
#5229 = CARTESIAN_POINT('',(1.460458057223E-02,-5.633146315416E-03,
    -2.301236976736E-02));
#5230 = CARTESIAN_POINT('',(1.423882602893E-02,-1.613719125197E-03,
    -2.296231479099E-02));
#5231 = CARTESIAN_POINT('',(1.387248700041E-02,2.264849051197E-03,
    -2.291195196813E-02));
#5232 = CARTESIAN_POINT('',(1.31899463166E-02,5.261402239471E-03,
    -2.282342130558E-02));
#5233 = CARTESIAN_POINT('',(1.242258447658E-02,7.164755946375E-03,
    -2.272525791509E-02));
#5234 = CARTESIAN_POINT('',(1.122765877611E-02,8.913398156553E-03,
    -2.262927602494E-02));
#5235 = CARTESIAN_POINT('',(9.488848647515E-03,1.084048058259E-02,
    -2.253675690541E-02));
#5236 = CARTESIAN_POINT('',(7.405198934916E-03,1.253455661334E-02,
    -2.2444661286E-02));
#5237 = CARTESIAN_POINT('',(5.220608223848E-03,1.35099721018E-02,
    -2.235060446786E-02));
#5238 = CARTESIAN_POINT('',(2.946009344201E-03,1.388081513316E-02,
    -2.225533233561E-02));
#5239 = CARTESIAN_POINT('',(4.263891653432E-04,1.423233091446E-02,
    -2.21614364724E-02));
#5240 = CARTESIAN_POINT('',(-1.895205197435E-03,1.388370792643E-02,
    -2.2067046582E-02));
#5241 = CARTESIAN_POINT('',(-7.384757211919E-03,1.314545567247E-02,
    -2.184665262933E-02));
#5242 = CARTESIAN_POINT('',(-1.263395231789E-02,1.014094822275E-02,
    -2.162522072305E-02));
#5243 = CARTESIAN_POINT('',(-1.637531183564E-02,4.644207264106E-03,
    -2.140283371635E-02));
#5244 = CARTESIAN_POINT('',(-1.745370262949E-02,-2.319375271009E-03,
    -2.11794909366E-02));
#5245 = CARTESIAN_POINT('',(-1.533988684619E-02,-9.18635803765E-03,
    -2.095516018253E-02));
#5246 = CARTESIAN_POINT('',(-1.036420763153E-02,-1.44204072817E-02,
    -2.072981214455E-02));
#5247 = CARTESIAN_POINT('',(-3.670410825513E-03,-1.692929001315E-02,
    -2.05034372485E-02));
#5248 = CARTESIAN_POINT('',(3.110397364237E-03,-1.633370334936E-02,
    -2.027604492254E-02));
#5249 = CARTESIAN_POINT('',(8.465656710705E-03,-1.308794002843E-02,
    -2.00476452874E-02));
#5250 = CARTESIAN_POINT('',(1.188712333725E-02,-8.452390092519E-03,
    -1.981821326984E-02));
#5251 = CARTESIAN_POINT('',(1.875993781849E-02,8.84911113978E-04,
    -1.935937265917E-02));
#5252 = CARTESIAN_POINT('',(1.675548490213E-02,1.637211369542E-02,
    -1.889633801723E-02));
#5253 = CARTESIAN_POINT('',(3.288691732022E-03,2.927656086978E-02,
    -1.842928115161E-02));
#5254 = CARTESIAN_POINT('',(-2.781631847885E-02,2.758987836367E-02,
    -1.79578102147E-02));
#5255 = CARTESIAN_POINT('',(-4.018711052066E-02,-7.195186185392E-03,
    -1.748227358983E-02));
#5256 = CARTESIAN_POINT('',(-1.706531009086E-02,-3.640923062163E-02,
    -1.700249594619E-02));
#5257 = CARTESIAN_POINT('',(1.446768188626E-02,-2.758460138711E-02,
    -1.651824765644E-02));
#5258 = CARTESIAN_POINT('',(2.293238081453E-02,-9.411791463723E-03,
    -1.602985916799E-02));
#5259 = CARTESIAN_POINT('',(1.898213183478E-02,6.742396383438E-03,
    -1.553713541733E-02));
#5260 = CARTESIAN_POINT('',(8.334598581357E-03,1.342315802162E-02,
    -1.50401019768E-02));
#5261 = CARTESIAN_POINT('',(-1.685270050617E-03,1.970850354539E-02,
    -1.457860666867E-02));
#5262 = CARTESIAN_POINT('',(-1.554045263833E-02,1.75293625238E-02,
    -1.411329360803E-02));
#5263 = CARTESIAN_POINT('',(-3.087067090745E-02,4.398724588088E-03,
    -1.364451170956E-02));
#5264 = CARTESIAN_POINT('',(-2.68214314558E-02,-2.259141426976E-02,
    -1.317182817654E-02));
#5265 = CARTESIAN_POINT('',(-1.489738487323E-03,-3.799541279985E-02,
    -1.269546356462E-02));
#5266 = CARTESIAN_POINT('',(2.555052822566E-02,-2.495453230773E-02,
    -1.221563114067E-02));
#5267 = CARTESIAN_POINT('',(3.236324305701E-02,2.220746599629E-03,
    -1.173210784951E-02));
#5268 = CARTESIAN_POINT('',(1.736527992132E-02,1.759788043457E-02,
    -1.124476451725E-02));
#5269 = CARTESIAN_POINT('',(2.843916451394E-03,2.076795883846E-02,
    -1.075418323676E-02));
#5270 = CARTESIAN_POINT('',(-8.28112484046E-03,1.475683092414E-02,
    -1.025989019687E-02));
#5271 = CARTESIAN_POINT('',(-2.010796429462E-02,8.354253967799E-03,
    -9.727616336439E-03));
#5272 = CARTESIAN_POINT('',(-2.562783994806E-02,-8.89181673495E-03,
    -9.19133266029E-03));
#5273 = CARTESIAN_POINT('',(-1.787733668698E-02,-2.902442621965E-02,
    -8.650738159955E-03));
#5274 = CARTESIAN_POINT('',(1.560583232137E-02,-4.251007484594E-02,
    -8.106810533818E-03));
#5275 = CARTESIAN_POINT('',(4.54472919534E-02,-1.209742578672E-02,
    -7.55832349118E-03));
#5276 = CARTESIAN_POINT('',(3.54556845222E-02,2.96342406333E-02,
    -7.006033359147E-03));
#5277 = CARTESIAN_POINT('',(-1.595366824527E-03,3.556688670988E-02,
    -6.450641935328E-03));
#5278 = CARTESIAN_POINT('',(-1.911465796046E-02,2.093534779441E-02,
    -5.890901943652E-03));
#5279 = CARTESIAN_POINT('',(-2.288282097194E-02,2.294755851012E-03,
    -5.327980343189E-03));
#5280 = CARTESIAN_POINT('',(-1.513970821232E-02,-9.756485186584E-03,
    -4.761433110671E-03));
#5281 = CARTESIAN_POINT('',(-8.074034122415E-03,-2.097254314208E-02,
    -4.235200333783E-03));
#5282 = CARTESIAN_POINT('',(8.435206624215E-03,-2.61265946905E-02,
    -3.707162957207E-03));
#5283 = CARTESIAN_POINT('',(2.768334639404E-02,-1.829518459025E-02,
    -3.172930294642E-03));
#5284 = CARTESIAN_POINT('',(4.005523551691E-02,9.270806757299E-03,
    -2.641037389232E-03));
#5285 = CARTESIAN_POINT('',(1.964861898512E-02,3.809187293656E-02,
    -2.102118347162E-03));
#5286 = CARTESIAN_POINT('',(-1.586816597373E-02,3.855445272273E-02,
    -1.560691293104E-03));
#5287 = CARTESIAN_POINT('',(-3.192935702132E-02,1.200684751418E-02,
    -1.020959233603E-03));
#5288 = CARTESIAN_POINT('',(-2.687434687063E-02,-8.914605473803E-03,
    -4.733049361374E-04));
#5289 = CARTESIAN_POINT('',(-1.255314645622E-02,-1.969107001637E-02,
    7.300100754798E-05));
#5290 = CARTESIAN_POINT('',(1.275318421178E-03,-1.877859891496E-02,
    6.229514650313E-04));
#5291 = CARTESIAN_POINT('',(1.621138158922E-02,-1.793572688207E-02,
    1.21497861422E-03));
#5292 = CARTESIAN_POINT('',(2.986782076477E-02,-3.206393545478E-03,
    1.809401152313E-03));
#5293 = CARTESIAN_POINT('',(3.156795556898E-02,2.066173357668E-02,
    2.406885540899E-03));
#5294 = CARTESIAN_POINT('',(4.141892120071E-03,4.970521420647E-02,
    3.005433258637E-03));
#5295 = CARTESIAN_POINT('',(-3.95525448813E-02,3.300563512467E-02,
    3.607407879913E-03));
#5296 = CARTESIAN_POINT('',(-4.864881161793E-02,-1.304182248198E-02,
    4.211391184602E-03));
#5297 = CARTESIAN_POINT('',(-1.47649680317E-02,-3.558807513278E-02,
    4.816000265586E-03));
#5298 = CARTESIAN_POINT('',(9.016850388436E-03,-2.93312109429E-02,
    5.423615247054E-03));
#5299 = CARTESIAN_POINT('',(2.126400623498E-02,-1.280787868183E-02,
    6.032123375449E-03));
#5300 = CARTESIAN_POINT('',(1.923864685047E-02,2.481547801108E-03,
    6.642279896531E-03));
#5301 = CARTESIAN_POINT('',(1.749507110762E-02,1.665456865166E-02,
    7.20909819521E-03));
#5302 = CARTESIAN_POINT('',(3.789947225483E-03,2.917569304794E-02,
    7.77534217041E-03));
#5303 = CARTESIAN_POINT('',(-1.849076534549E-02,3.034214593405E-02,
    8.347494435823E-03));
#5304 = CARTESIAN_POINT('',(-4.284420435853E-02,9.061019295578E-03,
    8.913191320754E-03));
#5305 = CARTESIAN_POINT('',(-3.592189185861E-02,-2.779346124753E-02,
    9.485686094149E-03));
#5306 = CARTESIAN_POINT('',(-1.997490109799E-03,-4.389697702874E-02,
    1.005883452792E-02));
#5307 = CARTESIAN_POINT('',(2.49517998895E-02,-2.563635729948E-02,
    1.062657391261E-02));
#5308 = CARTESIAN_POINT('',(2.94275643559E-02,-3.581230325272E-03,
    1.120222081816E-02));
#5309 = CARTESIAN_POINT('',(2.065254521647E-02,1.296275640457E-02,
    1.177321771995E-02));
#5310 = CARTESIAN_POINT('',(7.21273048454E-03,1.823440597344E-02,
    1.234621408384E-02));
#5311 = CARTESIAN_POINT('',(-1.309287226518E-05,2.103144017473E-02,
    1.265462328939E-02));
#5312 = CARTESIAN_POINT('',(-8.446383383036E-03,2.087291024882E-02,
    1.296298354884E-02));
#5313 = CARTESIAN_POINT('',(-1.665564476326E-02,1.665874607125E-02,
    1.327137629521E-02));
#5314 = CARTESIAN_POINT('',(-2.256190946523E-02,8.917115818277E-03,
    1.357981434674E-02));
#5315 = CARTESIAN_POINT('',(-2.451912837313E-02,-7.665311080292E-04,
    1.3888265398E-02));
#5316 = CARTESIAN_POINT('',(-2.195544598628E-02,-1.030601267352E-02,
    1.419667508513E-02));
#5317 = CARTESIAN_POINT('',(-1.557536109106E-02,-1.765655432421E-02,
    1.450498962551E-02));
#5318 = CARTESIAN_POINT('',(-7.122772920902E-03,-2.134252061696E-02,
    1.481317803148E-02));
#5319 = CARTESIAN_POINT('',(1.295087195204E-03,-2.097073836903E-02,
    1.512125389851E-02));
#5320 = CARTESIAN_POINT('',(8.322838695861E-03,-1.772941132593E-02,
    1.542929676748E-02));
#5321 = CARTESIAN_POINT('',(1.133488916676E-02,-1.629229660467E-02,
    1.55622968963E-02));
#5322 = CARTESIAN_POINT('',(1.405257779898E-02,-1.432693618841E-02,
    1.569335399073E-02));
#5323 = CARTESIAN_POINT('',(1.640159494999E-02,-1.186986097915E-02,
    1.582387612794E-02));
#5324 = CARTESIAN_POINT('',(1.828445727932E-02,-8.977016049074E-03,
    1.595517072132E-02));
#5325 = CARTESIAN_POINT('',(1.959751225528E-02,-5.726083916149E-03,
    1.608835647613E-02));
#5326 = CARTESIAN_POINT('',(2.024794266154E-02,-2.218807819723E-03,
    1.622427534516E-02));
#5327 = CARTESIAN_POINT('',(2.017077110392E-02,1.416685003998E-03,
    1.636340448437E-02));
#5328 = CARTESIAN_POINT('',(1.934586451689E-02,5.023560046237E-03,
    1.650576820854E-02));
#5329 = CARTESIAN_POINT('',(1.781493867038E-02,8.41395225022E-03,
    1.665084994692E-02));
#5330 = CARTESIAN_POINT('',(1.569856267635E-02,1.136664273549E-02,
    1.679750419887E-02));
#5331 = CARTESIAN_POINT('',(1.283928145995E-02,1.528744271409E-02,
    1.699314800945E-02));
#5332 = CARTESIAN_POINT('',(8.883647916107E-03,1.847067301878E-02,
    1.718835967813E-02));
#5333 = CARTESIAN_POINT('',(4.078915102588E-03,2.047880484872E-02,
    1.738345690822E-02));
#5334 = CARTESIAN_POINT('',(-1.196083633263E-03,2.106577903537E-02,
    1.757853768122E-02));
#5335 = CARTESIAN_POINT('',(-6.489050326776E-03,2.015706732144E-02,
    1.777354982118E-02));
#5336 = CARTESIAN_POINT('',(-1.133233806827E-02,1.782973363996E-02,
    1.796836055852E-02));
#5337 = CARTESIAN_POINT('',(-1.530106667531E-02,1.429249539329E-02,
    1.816282609448E-02));
#5338 = CARTESIAN_POINT('',(-1.807123836504E-02,9.865784732103E-03,
    1.835686116499E-02));
#5339 = CARTESIAN_POINT('',(-1.947785342642E-02,4.961809834425E-03,
    1.855050860499E-02));
#5340 = CARTESIAN_POINT('',(-1.957302589255E-02,6.461618464544E-05,
    1.874400891245E-02));
#5341 = CARTESIAN_POINT('',(-1.964776334224E-02,-3.604943216093E-03,
    1.888907294788E-02));
#5342 = CARTESIAN_POINT('',(-1.892464429721E-02,-7.329028696285E-03,
    1.903383043431E-02));
#5343 = CARTESIAN_POINT('',(-1.743746249E-02,-1.08928804683E-02,
    1.917827824563E-02));
#5344 = CARTESIAN_POINT('',(-1.524471486321E-02,-1.411323293415E-02,
    1.932239463322E-02));
#5345 = CARTESIAN_POINT('',(-1.242960156953E-02,-1.683831468543E-02,
    1.946613922601E-02));
#5346 = CARTESIAN_POINT('',(-9.100025971706E-03,-1.894784850337E-02,
    1.960945303036E-02));
#5347 = CARTESIAN_POINT('',(-5.388594642563E-03,-2.035305135883E-02,
    1.975225843022E-02));
#5348 = CARTESIAN_POINT('',(-1.45261736503E-03,-2.099663441226E-02,
    1.989445918695E-02));
#5349 = CARTESIAN_POINT('',(2.525892867928E-03,-2.085280301375E-02,
    2.003594043948E-02));
#5350 = CARTESIAN_POINT('',(6.340219853241E-03,-1.9927256703E-02,
    2.017656870422E-02));
#5351 = CARTESIAN_POINT('',(1.021268015333E-02,-1.894761967928E-02,
    2.031687175357E-02));
#5352 = CARTESIAN_POINT('',(1.378965262116E-02,-1.749923129132E-02,
    2.045895811193E-02));
#5353 = CARTESIAN_POINT('',(1.754780852158E-02,-1.467858644278E-02,
    2.059974912624E-02));
#5354 = CARTESIAN_POINT('',(2.02206962284E-02,-1.168232994347E-02,
    2.071245216333E-02));
#5355 = CARTESIAN_POINT('',(2.27033838088E-02,-8.226451570681E-03,
    2.088612019719E-02));
#5356 = CARTESIAN_POINT('',(2.51593402055E-02,-3.687145073636E-03,
    2.107605126652E-02));
#5357 = CARTESIAN_POINT('',(2.588700113289E-02,1.501173540085E-03,
    2.108750121742E-02));
#5358 = CARTESIAN_POINT('',(2.414815496878E-02,6.18658422299E-03,
    2.08865036494E-02));
#5359 = CARTESIAN_POINT('',(2.280497309154E-02,1.010640452744E-02,
    2.080291149025E-02));
#5360 = CARTESIAN_POINT('',(2.025719827733E-02,1.381863270848E-02,
    2.066209512846E-02));
#5361 = CARTESIAN_POINT('',(1.447305074371E-02,2.229248531433E-02,
    2.035582532327E-02));
#5362 = CARTESIAN_POINT('',(4.84964474249E-03,2.806606566759E-02,
    2.004996793079E-02));
#5363 = CARTESIAN_POINT('',(-7.473608862444E-03,2.92160378958E-02,
    1.974309921712E-02));
#5364 = CARTESIAN_POINT('',(-1.964456503344E-02,2.428511482103E-02,
    1.943607587209E-02));
#5365 = CARTESIAN_POINT('',(-2.838362014523E-02,1.387979306259E-02,
    1.912928397285E-02));
#5366 = CARTESIAN_POINT('',(-3.12740833224E-02,5.924368686343E-04,
    1.882227980691E-02));
#5367 = CARTESIAN_POINT('',(-2.772026766131E-02,-1.208127878193E-02,
    1.851462443572E-02));
#5368 = CARTESIAN_POINT('',(-1.923592546755E-02,-2.115855526471E-02,
    1.820671388E-02));
#5369 = CARTESIAN_POINT('',(-8.725651642614E-03,-2.524827704196E-02,
    1.789940680798E-02));
#5370 = CARTESIAN_POINT('',(1.578120648951E-03,-2.462142749828E-02,
    1.75912516076E-02));
#5371 = CARTESIAN_POINT('',(2.211256230742E-02,-2.336491745561E-02,
    1.697528394421E-02));
#5372 = CARTESIAN_POINT('',(4.182949618529E-02,-2.554657625208E-03,
    1.635881549986E-02));
#5373 = CARTESIAN_POINT('',(3.852018098383E-02,3.395766479533E-02,
    1.574129750572E-02));
#5374 = CARTESIAN_POINT('',(2.273075827782E-03,6.973411150147E-02,
    1.512410534361E-02));
#5375 = CARTESIAN_POINT('',(-7.60055259693E-02,3.884717171393E-02,
    1.450597653924E-02));
#5376 = CARTESIAN_POINT('',(-5.528924141502E-02,-4.284035783948E-02,
    1.388660709393E-02));
#5377 = CARTESIAN_POINT('',(-4.847358973963E-03,-5.128411229814E-02,
    1.326902952962E-02));
#5378 = CARTESIAN_POINT('',(2.67527165035E-02,-3.245096795752E-02,
    1.264950029276E-02));
#5379 = CARTESIAN_POINT('',(3.204342003053E-02,-4.152457328033E-03,
    1.203075103836E-02));
#5380 = CARTESIAN_POINT('',(2.093447743255E-02,1.328558306119E-02,
    1.141170996102E-02));
#5381 = CARTESIAN_POINT('',(1.066564112051E-02,2.963728882093E-02,
    1.083666221983E-02));
#5382 = CARTESIAN_POINT('',(-1.403050979329E-02,3.620543794084E-02,
    1.02632644828E-02));
#5383 = CARTESIAN_POINT('',(-4.208828447377E-02,2.360157456263E-02,
    9.685495962483E-03));
#5384 = CARTESIAN_POINT('',(-5.770972249162E-02,-2.257529944489E-02,
    9.114613325168E-03));
#5385 = CARTESIAN_POINT('',(-1.682236386647E-02,-6.162854168078E-02,
    8.538534781895E-03));
#5386 = CARTESIAN_POINT('',(3.819051664344E-02,-4.869478201178E-02,
    7.962707808036E-03));
#5387 = CARTESIAN_POINT('',(4.810545777168E-02,-1.094369666577E-03,
    7.392616497758E-03));
#5388 = CARTESIAN_POINT('',(3.042619383098E-02,2.393877863239E-02,
    6.816210774162E-03));
#5389 = CARTESIAN_POINT('',(5.903998164529E-03,3.082249760545E-02,
    6.244667585173E-03));
#5390 = CARTESIAN_POINT('',(-1.118553676035E-02,2.201172525222E-02,
    5.672023822487E-03));
#5391 = CARTESIAN_POINT('',(-2.980846091748E-02,1.27083387844E-02,
    5.055577986398E-03));
#5392 = CARTESIAN_POINT('',(-3.778943328806E-02,-1.430619932049E-02,
    4.439976499631E-03));
#5393 = CARTESIAN_POINT('',(-2.636255867176E-02,-4.611647905886E-02,
    3.824442843934E-03));
#5394 = CARTESIAN_POINT('',(3.405142721507E-02,-6.497379346379E-02,
    3.210927395214E-03));
#5395 = CARTESIAN_POINT('',(7.434087283398E-02,-4.511514746769E-03,
    2.597069143566E-03));
#5396 = CARTESIAN_POINT('',(4.142198595394E-02,6.014784675275E-02,
    1.984151985286E-03));
#5397 = CARTESIAN_POINT('',(-2.024756300277E-02,4.851130964223E-02,
    1.37346639463E-03));
#5398 = CARTESIAN_POINT('',(-3.532072830499E-02,1.879473447603E-02,
    7.626517743654E-04));
#5399 = CARTESIAN_POINT('',(-3.080591250319E-02,-8.712476277759E-03,
    1.536305918188E-04));
#5400 = CARTESIAN_POINT('',(-1.373233805229E-02,-2.011041905991E-02,
    -4.543474689526E-04));
#5401 = CARTESIAN_POINT('',(1.903978697159E-03,-3.084279749094E-02,
    -1.019101933254E-03));
#5402 = CARTESIAN_POINT('',(2.6682275954E-02,-2.711551209565E-02,
    -1.581349866487E-03));
#5403 = CARTESIAN_POINT('',(4.700880923413E-02,-4.81630810752E-03,
    -2.146244401802E-03));
#5404 = CARTESIAN_POINT('',(4.285560842499E-02,4.27182363882E-02,
    -2.704244937695E-03));
#5405 = CARTESIAN_POINT('',(-8.939547129598E-03,6.156046287359E-02,
    -3.265471339045E-03));
#5406 = CARTESIAN_POINT('',(-5.289212491119E-02,2.853778813969E-02,
    -3.825461125587E-03));
#5407 = CARTESIAN_POINT('',(-4.31569601749E-02,-1.754497870502E-02,
    -4.379574393815E-03));
#5408 = CARTESIAN_POINT('',(-1.785640252708E-02,-3.295416491365E-02,
    -4.937784912863E-03));
#5409 = CARTESIAN_POINT('',(6.559076671363E-03,-2.961922832918E-02,
    -5.490953993444E-03));
#5410 = CARTESIAN_POINT('',(1.832306006642E-02,-1.52572979252E-02,
    -6.043906351858E-03));
#5411 = CARTESIAN_POINT('',(3.125643632285E-02,1.365942691502E-04,
    -6.639200660721E-03));
#5412 = CARTESIAN_POINT('',(2.796466322871E-02,2.707107037332E-02,
    -7.232548154485E-03));
#5413 = CARTESIAN_POINT('',(5.596793740342E-03,5.089262034639E-02,
    -7.824531891184E-03));
#5414 = CARTESIAN_POINT('',(-5.490694183102E-02,4.406047897952E-02,
    -8.413730052895E-03));
#5415 = CARTESIAN_POINT('',(-6.696022042496E-02,-2.448198234642E-02,
    -9.00182984909E-03));
#5416 = CARTESIAN_POINT('',(-1.327265553993E-02,-6.843110777983E-02,
    -9.587926893549E-03));
#5417 = CARTESIAN_POINT('',(3.604118112293E-02,-3.468527502014E-02,
    -1.01710907879E-02));
#5418 = CARTESIAN_POINT('',(3.794901806571E-02,-3.089094645921E-03,
    -1.075299777641E-02));
#5419 = CARTESIAN_POINT('',(2.360039346895E-02,1.920043507564E-02,
    -1.13323117441E-02));
#5420 = CARTESIAN_POINT('',(4.426464017035E-03,2.26926195706E-02,
    -1.190953551231E-02));
#5421 = CARTESIAN_POINT('',(-1.45057700371E-02,2.633007901336E-02,
    -1.248679137918E-02));
#5422 = CARTESIAN_POINT('',(-3.715684413201E-02,1.206009458482E-02,
    -1.306149969646E-02));
#5423 = CARTESIAN_POINT('',(-4.245053604196E-02,-2.179767892834E-02,
    -1.363500930522E-02));
#5424 = CARTESIAN_POINT('',(-1.779950260175E-02,-6.201570339264E-02,
    -1.420382185568E-02));
#5425 = CARTESIAN_POINT('',(5.940363156023E-02,-5.136383237901E-02,
    -1.477376905489E-02));
#5426 = CARTESIAN_POINT('',(5.78460422561E-02,2.57115611305E-02,
    -1.53379139975E-02));
#5427 = CARTESIAN_POINT('',(1.591017508981E-02,4.377971550375E-02,
    -1.590192158987E-02));
#5428 = CARTESIAN_POINT('',(-1.614103692471E-02,3.441591804562E-02,
    -1.646229063605E-02));
#5429 = CARTESIAN_POINT('',(-2.695639673881E-02,1.086359761328E-02,
    -1.702060921011E-02));
#5430 = CARTESIAN_POINT('',(-2.120237399867E-02,-6.774002895981E-03,
    -1.757627954542E-02));
#5431 = CARTESIAN_POINT('',(-1.831219498048E-02,-1.561524378716E-02,
    -1.785421660576E-02));
#5432 = CARTESIAN_POINT('',(-1.13661551148E-02,-2.309510322524E-02,
    -1.813114543951E-02));
#5433 = CARTESIAN_POINT('',(-1.009367425633E-03,-2.712292450101E-02,
    -1.84079805621E-02));
#5434 = CARTESIAN_POINT('',(1.076963157914E-02,-2.589340966281E-02,
    -1.868391241003E-02));
#5435 = CARTESIAN_POINT('',(2.090263805665E-02,-1.911044586062E-02,
    -1.895902318192E-02));
#5436 = CARTESIAN_POINT('',(2.661856684431E-02,-8.382094088087E-03,
    -1.923369260664E-02));
#5437 = CARTESIAN_POINT('',(2.667186334748E-02,3.361755835839E-03,
    -1.950781216387E-02));
#5438 = CARTESIAN_POINT('',(2.172446131792E-02,1.314958816833E-02,
    -1.978105934819E-02));
#5439 = CARTESIAN_POINT('',(1.374653055657E-02,1.923887411442E-02,
    -2.005371663641E-02));
#5440 = CARTESIAN_POINT('',(4.864582586047E-03,2.124167472017E-02,
    -2.032575288347E-02));
#5441 = CARTESIAN_POINT('',(1.045392558441E-03,2.209530473873E-02,
    -2.044108732303E-02));
#5442 = CARTESIAN_POINT('',(-2.908906562249E-03,2.21647344864E-02,
    -2.056016452449E-02));
#5443 = CARTESIAN_POINT('',(-6.86946620239E-03,2.146697940783E-02,
    -2.067670836669E-02));
#5444 = CARTESIAN_POINT('',(-1.067048360847E-02,2.000464647861E-02,
    -2.07904432442E-02));
#5445 = CARTESIAN_POINT('',(-1.412029170807E-02,1.779885432545E-02,
    -2.090440030336E-02));
#5446 = CARTESIAN_POINT('',(-1.702791700167E-02,1.491735256915E-02,
    -2.102196011906E-02));
#5447 = CARTESIAN_POINT('',(-1.924510548542E-02,1.149784039132E-02,
    -2.114363181269E-02));
#5448 = CARTESIAN_POINT('',(-2.072381660465E-02,7.766484324019E-03,
    -2.126356861077E-02));
#5449 = CARTESIAN_POINT('',(-2.158918523836E-02,4.051635262853E-03,
    -2.136581984465E-02));
#5450 = CARTESIAN_POINT('',(-2.222795171452E-02,7.927447032894E-04,
    -2.142031939102E-02));
#5451 = CARTESIAN_POINT('',(-2.299869076519E-02,-3.480185173524E-03,
    -2.149522312974E-02));
#5452 = CARTESIAN_POINT('',(-2.323601121492E-02,-7.965937864175E-03,
    -2.151828695263E-02));
#5453 = CARTESIAN_POINT('',(-2.242662246775E-02,-9.199836866384E-03,
    -2.143962707004E-02));
#5454 = CARTESIAN_POINT('',(-2.307992306102E-02,-1.54863419124E-02,
    -2.150311763392E-02));
#5455 = CARTESIAN_POINT('',(-2.301478361545E-02,-1.762244476389E-02,
    -2.14967871022E-02));
#5456 = CARTESIAN_POINT('',(-2.263193899154E-02,-1.995241449712E-02,
    -2.145958061363E-02));
#5457 = CARTESIAN_POINT('',(-2.305981540899E-02,-2.629273074936E-02,
    -2.150116348575E-02));
#5458 = CARTESIAN_POINT('',(-2.28181400305E-02,-2.728986921574E-02,
    -2.147767643213E-02));
#5459 = CARTESIAN_POINT('',(-2.289547704182E-02,-3.374113737676E-02,
    -2.14851923758E-02));
#5460 = CARTESIAN_POINT('',(-2.288390557446E-02,-4.432E-02,
    -2.148406781079E-02));
#5461 = CARTESIAN_POINT('',(1.836E-02,-4.432E-02,-2.259077753603E-02));
#5462 = CARTESIAN_POINT('',(1.835812715942E-02,-3.641005375609E-02,
    -2.259052123028E-02));
#5463 = CARTESIAN_POINT('',(1.837073300174E-02,-3.070290856082E-02,
    -2.259224639037E-02));
#5464 = CARTESIAN_POINT('',(1.83350390306E-02,-2.812864932277E-02,
    -2.258736152724E-02));
#5465 = CARTESIAN_POINT('',(1.838007403636E-02,-2.482228341919E-02,
    -2.259352474842E-02));
#5466 = CARTESIAN_POINT('',(1.838225773098E-02,-2.195317504311E-02,
    -2.259382359579E-02));
#5467 = CARTESIAN_POINT('',(1.831042282224E-02,-2.011840327898E-02,
    -2.258399270039E-02));
#5468 = CARTESIAN_POINT('',(1.834013407274E-02,-1.646093829732E-02,
    -2.25880588042E-02));
#5469 = CARTESIAN_POINT('',(1.849069506453E-02,-9.729606525386E-03,
    -2.260866367985E-02));
#5470 = CARTESIAN_POINT('',(1.831176556526E-02,-5.553892116947E-03,
    -2.258417646016E-02));
#5471 = CARTESIAN_POINT('',(1.792004456772E-02,-1.262698511321E-03,
    -2.253056787037E-02));
#5472 = CARTESIAN_POINT('',(1.750370154046E-02,2.881843660436E-03,
    -2.24755880056E-02));
#5473 = CARTESIAN_POINT('',(1.686553616887E-02,6.2972169115E-03,
    -2.238520956895E-02));
#5474 = CARTESIAN_POINT('',(1.57810159927E-02,8.994521472721E-03,
    -2.225097586949E-02));
#5475 = CARTESIAN_POINT('',(1.416080373979E-02,1.142969059183E-02,
    -2.211879340442E-02));
#5476 = CARTESIAN_POINT('',(1.203023540294E-02,1.373777073113E-02,
    -2.200689637927E-02));
#5477 = CARTESIAN_POINT('',(9.489261455765E-03,1.568682571518E-02,
    -2.189925923636E-02));
#5478 = CARTESIAN_POINT('',(6.66721451778E-03,1.699518954671E-02,
    -2.177658990356E-02));
#5479 = CARTESIAN_POINT('',(3.686766778391E-03,1.76557926067E-02,
    -2.164703647465E-02));
#5480 = CARTESIAN_POINT('',(6.514404898425E-04,1.791128595737E-02,
    -2.153874003362E-02));
#5481 = CARTESIAN_POINT('',(-2.328965161002E-03,1.752368846407E-02,
    -2.141636633427E-02));
#5482 = CARTESIAN_POINT('',(-9.253465684611E-03,1.65936785095E-02,
    -2.113833738316E-02));
#5483 = CARTESIAN_POINT('',(-1.586291511566E-02,1.280561141933E-02,
    -2.085954255382E-02));
#5484 = CARTESIAN_POINT('',(-2.055780117159E-02,5.886308719174E-03,
    -2.057997772266E-02));
#5485 = CARTESIAN_POINT('',(-2.189718764398E-02,-2.859478459291E-03,
    -2.029963157672E-02));
#5486 = CARTESIAN_POINT('',(-1.923354031402E-02,-1.145969465164E-02,
    -2.001850627093E-02));
#5487 = CARTESIAN_POINT('',(-1.299785051668E-02,-1.799168559884E-02,
    -1.973662477674E-02));
#5488 = CARTESIAN_POINT('',(-4.635056353357E-03,-2.110498405054E-02,
    -1.9454024922E-02));
#5489 = CARTESIAN_POINT('',(3.810238446648E-03,-2.035017583294E-02,
    -1.917074012208E-02));
#5490 = CARTESIAN_POINT('',(1.045774801628E-02,-1.631384618194E-02,
    -1.888676680234E-02));
#5491 = CARTESIAN_POINT('',(1.470519019202E-02,-1.055960634099E-02,
    -1.860201851183E-02));
#5492 = CARTESIAN_POINT('',(2.32375888057E-02,1.027172797433E-03,
    -1.803256626302E-02));
#5493 = CARTESIAN_POINT('',(2.070108826199E-02,2.018619140807E-02,
    -1.746048180745E-02));
#5494 = CARTESIAN_POINT('',(4.045063086192E-03,3.609538149454E-02,
    -1.68852416647E-02));
#5495 = CARTESIAN_POINT('',(-3.432239167809E-02,3.362194761753E-02,
    -1.630843484389E-02));
#5496 = CARTESIAN_POINT('',(-4.884373132135E-02,-9.059427995826E-03,
    -1.572816413594E-02));
#5497 = CARTESIAN_POINT('',(-2.027960528416E-02,-4.417904114727E-02,
    -1.514557318654E-02));
#5498 = CARTESIAN_POINT('',(1.739515376317E-02,-3.293426084159E-02,
    -1.456176801239E-02));
#5499 = CARTESIAN_POINT('',(2.740522655561E-02,-1.13439355713E-02,
    -1.397483494107E-02));
#5500 = CARTESIAN_POINT('',(2.264894086373E-02,7.960443827568E-03,
    -1.338648800459E-02));
#5501 = CARTESIAN_POINT('',(1.000103072915E-02,1.588252459298E-02,
    -1.279610759854E-02));
#5502 = CARTESIAN_POINT('',(-1.899311367463E-03,2.333669834968E-02,
    -1.224790551944E-02));
#5503 = CARTESIAN_POINT('',(-1.829097398106E-02,2.077739478697E-02,
    -1.169826405336E-02));
#5504 = CARTESIAN_POINT('',(-3.633338144985E-02,5.050014733105E-03,
    -1.114701476244E-02));
#5505 = CARTESIAN_POINT('',(-3.12086251721E-02,-2.649133401656E-02,
    -1.05943629808E-02));
#5506 = CARTESIAN_POINT('',(-1.47725719006E-03,-4.407653315544E-02,
    -1.004058549643E-02));
#5507 = CARTESIAN_POINT('',(2.954610233814E-02,-2.862403383449E-02,
    -9.485727230775E-03));
#5508 = CARTESIAN_POINT('',(3.697661524987E-02,2.686735469602E-03,
    -8.929697719643E-03));
#5509 = CARTESIAN_POINT('',(1.979460737356E-02,1.992394048493E-02,
    -8.372666917924E-03));
#5510 = CARTESIAN_POINT('',(3.337359540138E-03,2.354645105653E-02,
    -7.8151585697E-03));
#5511 = CARTESIAN_POINT('',(-9.235012429353E-03,1.673980010753E-02,
    -7.256738104376E-03));
#5512 = CARTESIAN_POINT('',(-2.259860095828E-02,9.501823399053E-03,
    -6.655383964383E-03));
#5513 = CARTESIAN_POINT('',(-2.87330191963E-02,-9.893087140779E-03,
    -6.053464815211E-03));
#5514 = CARTESIAN_POINT('',(-1.99602020561E-02,-3.252538858334E-02,
    -5.450277931566E-03));
#5515 = CARTESIAN_POINT('',(1.773353482156E-02,-4.695408348437E-02,
    -4.847880312343E-03));
#5516 = CARTESIAN_POINT('',(4.998231074126E-02,-1.285384290714E-02,
    -4.243886103088E-03));
#5517 = CARTESIAN_POINT('',(3.822274855109E-02,3.259820763985E-02,
    -3.639713155614E-03));
#5518 = CARTESIAN_POINT('',(-1.817810276022E-03,3.819107050468E-02,
    -3.036767922927E-03));
#5519 = CARTESIAN_POINT('',(-2.045804019431E-02,2.254987049458E-02,
    -2.432656147776E-03));
#5520 = CARTESIAN_POINT('',(-2.444022914097E-02,2.557018729802E-03,
    -1.829463086583E-03));
#5521 = CARTESIAN_POINT('',(-1.619429730096E-02,-1.025928442878E-02,
    -1.226461317098E-03));
#5522 = CARTESIAN_POINT('',(-8.669559025178E-03,-2.21998495976E-02,
    -6.663020977972E-04));
#5523 = CARTESIAN_POINT('',(8.822829510981E-03,-2.759322692193E-02,
    -1.081306248103E-04));
#5524 = CARTESIAN_POINT('',(2.917096696293E-02,-1.924890304444E-02,
    4.539088698115E-04));
#5525 = CARTESIAN_POINT('',(4.174072782389E-02,9.962066807676E-03,
    1.008756124594E-03));
#5526 = CARTESIAN_POINT('',(2.006666532291E-02,3.953197682377E-02,
    1.568122078901E-03));
#5527 = CARTESIAN_POINT('',(-1.653061810391E-02,3.940309522365E-02,
    2.126695448665E-03));
#5528 = CARTESIAN_POINT('',(-3.244800725384E-02,1.217035912582E-02,
    2.679064537799E-03));
#5529 = CARTESIAN_POINT('',(-2.726272817887E-02,-8.960209908472E-03,
    3.236857865306E-03));
#5530 = CARTESIAN_POINT('',(-1.275923913247E-02,-1.979943093568E-02,
    3.789244703018E-03));
#5531 = CARTESIAN_POINT('',(1.133541050498E-03,-1.888000075756E-02,
    4.341903958499E-03));
#5532 = CARTESIAN_POINT('',(1.614804296701E-02,-1.802534565375E-02,
    4.936840643738E-03));
#5533 = CARTESIAN_POINT('',(2.973174392993E-02,-3.281298089137E-03,
    5.530073614479E-03));
#5534 = CARTESIAN_POINT('',(3.137849203496E-02,2.064634233365E-02,
    6.122234194557E-03));
#5535 = CARTESIAN_POINT('',(3.586941326202E-03,4.8943847751E-02,
    6.711531080632E-03));
#5536 = CARTESIAN_POINT('',(-3.88121465594E-02,3.182175972584E-02,
    7.299987791807E-03));
#5537 = CARTESIAN_POINT('',(-4.680147689273E-02,-1.303691100725E-02,
    7.886417986074E-03));
#5538 = CARTESIAN_POINT('',(-1.401439134548E-02,-3.398001827413E-02,
    8.469616424307E-03));
#5539 = CARTESIAN_POINT('',(8.522329551028E-03,-2.799385406397E-02,
    9.051603970793E-03));
#5540 = CARTESIAN_POINT('',(2.012041451078E-02,-1.223863810871E-02,
    9.630667908841E-03));
#5541 = CARTESIAN_POINT('',(1.820134581128E-02,2.207631894155E-03,
    1.020738402337E-02));
#5542 = CARTESIAN_POINT('',(1.655019217383E-02,1.560587441658E-02,
    1.074307952161E-02));
#5543 = CARTESIAN_POINT('',(3.623608582298E-03,2.734598938328E-02,
    1.127543041533E-02));
#5544 = CARTESIAN_POINT('',(-1.731751013518E-02,2.835801957014E-02,
    1.180859270998E-02));
#5545 = CARTESIAN_POINT('',(-3.979279919236E-02,8.152402979708E-03,
    1.233485865193E-02));
#5546 = CARTESIAN_POINT('',(-3.287349665407E-02,-2.575641131347E-02,
    1.286219651149E-02));
#5547 = CARTESIAN_POINT('',(-1.565568306615E-03,-4.003908030192E-02,
    1.338715111778E-02));
#5548 = CARTESIAN_POINT('',(2.257117307631E-02,-2.316587996979E-02,
    1.390596690499E-02));
#5549 = CARTESIAN_POINT('',(2.656295636805E-02,-3.304022743228E-03,
    1.44263698671E-02));
#5550 = CARTESIAN_POINT('',(1.860938953536E-02,1.156810547554E-02,
    1.494134785767E-02));
#5551 = CARTESIAN_POINT('',(6.57461940495E-03,1.628700693111E-02,
    1.545450011077E-02));
#5552 = CARTESIAN_POINT('',(1.042817978813E-04,1.879258037401E-02,
    1.5730758914E-02));
#5553 = CARTESIAN_POINT('',(-7.437671436623E-03,1.864182583761E-02,
    1.600613847803E-02));
#5554 = CARTESIAN_POINT('',(-1.47400361544E-02,1.487038961605E-02,
    1.628071773806E-02));
#5555 = CARTESIAN_POINT('',(-1.996094771127E-02,7.979625116161E-03,
    1.655449757483E-02));
#5556 = CARTESIAN_POINT('',(-2.166564003557E-02,-5.975070969337E-04,
    1.682744723574E-02));
#5557 = CARTESIAN_POINT('',(-1.937830067302E-02,-9.005767944393E-03,
    1.709953591237E-02));
#5558 = CARTESIAN_POINT('',(-1.374802180388E-02,-1.545219716879E-02,
    1.737074947451E-02));
#5559 = CARTESIAN_POINT('',(-6.328847232407E-03,-1.866589935914E-02,
    1.764109236058E-02));
#5560 = CARTESIAN_POINT('',(1.026084651491E-03,-1.833305866667E-02,
    1.791057462452E-02));
#5561 = CARTESIAN_POINT('',(7.156301938164E-03,-1.550718221053E-02,
    1.817918413913E-02));
#5562 = CARTESIAN_POINT('',(9.78144934338E-03,-1.427480155738E-02,
    1.829421900318E-02));
#5563 = CARTESIAN_POINT('',(1.215144872097E-02,-1.253032169577E-02,
    1.840976922471E-02));
#5564 = CARTESIAN_POINT('',(1.419605963706E-02,-1.037319294158E-02,
    1.852415296202E-02));
#5565 = CARTESIAN_POINT('',(1.582923811588E-02,-7.8734768096E-03,
    1.863761611107E-02));
#5566 = CARTESIAN_POINT('',(1.696262289863E-02,-5.089288434559E-03,
    1.875157634104E-02));
#5567 = CARTESIAN_POINT('',(1.751902170238E-02,-2.084238992146E-03,
    1.886786712987E-02));
#5568 = CARTESIAN_POINT('',(1.7445897479E-02,1.055121880038E-03,
    1.898798179975E-02));
#5569 = CARTESIAN_POINT('',(1.672885467403E-02,4.201863661371E-03,
    1.911231755276E-02));
#5570 = CARTESIAN_POINT('',(1.540512548561E-02,7.171232527296E-03,
    1.923941950632E-02));
#5571 = CARTESIAN_POINT('',(1.357705612337E-02,9.703208928239E-03,
    1.936522472878E-02));
#5572 = CARTESIAN_POINT('',(1.111405644814E-02,1.307983880256E-02,
    1.953364823623E-02));
#5573 = CARTESIAN_POINT('',(7.71000035903E-03,1.581561730843E-02,
    1.970159969808E-02));
#5574 = CARTESIAN_POINT('',(3.583083534986E-03,1.753714245746E-02,
    1.986916880279E-02));
#5575 = CARTESIAN_POINT('',(-9.391745848021E-04,1.80368480162E-02,
    2.003638562366E-02));
#5576 = CARTESIAN_POINT('',(-5.46904494972E-03,1.725498719139E-02,
    2.020323975667E-02));
#5577 = CARTESIAN_POINT('',(-9.607703046488E-03,1.526161631523E-02,
    2.036969945812E-02));
#5578 = CARTESIAN_POINT('',(-1.299434304804E-02,1.223857853057E-02,
    2.053573078252E-02));
#5579 = CARTESIAN_POINT('',(-1.535529196224E-02,8.461487476171E-03,
    2.070131672019E-02));
#5580 = CARTESIAN_POINT('',(-1.655312378079E-02,4.281710971925E-03,
    2.086647633513E-02));
#5581 = CARTESIAN_POINT('',(-1.663577362794E-02,1.083547041112E-04,
    2.103128390272E-02));
#5582 = CARTESIAN_POINT('',(-1.669766442079E-02,-3.018742981511E-03,
    2.115488110639E-02));
#5583 = CARTESIAN_POINT('',(-1.608179413226E-02,-6.191235120561E-03,
    2.127822405737E-02));
#5584 = CARTESIAN_POINT('',(-1.481574949946E-02,-9.227990469629E-03,
    2.140131823209E-02));
#5585 = CARTESIAN_POINT('',(-1.29479952993E-02,-1.19739364044E-02,
    2.152416684953E-02));
#5586 = CARTESIAN_POINT('',(-1.054787434852E-02,-1.430005891968E-02,
    2.164677087113E-02));
#5587 = CARTESIAN_POINT('',(-7.705607503632E-03,-1.610340262931E-02,
    2.176912900091E-02));
#5588 = CARTESIAN_POINT('',(-4.532293660962E-03,-1.730707076631E-02,
    2.189123768534E-02));
#5589 = CARTESIAN_POINT('',(-1.159909756658E-03,-1.786022518271E-02,
    2.201309111347E-02));
#5590 = CARTESIAN_POINT('',(2.258689233358E-03,-1.773808634971E-02,
    2.213468121683E-02));
#5591 = CARTESIAN_POINT('',(5.549770293339E-03,-1.694193335755E-02,
    2.225599766948E-02));
#5592 = CARTESIAN_POINT('',(8.861077042148E-03,-1.614992745185E-02,
    2.237557410046E-02));
#5593 = CARTESIAN_POINT('',(1.206720416873E-02,-1.466650939843E-02,
    2.250466154367E-02));
#5594 = CARTESIAN_POINT('',(1.513775503493E-02,-1.260421243826E-02,
    2.261507857576E-02));
#5595 = CARTESIAN_POINT('',(1.762582084045E-02,-9.851650733056E-03,
    2.272318609802E-02));
#5596 = CARTESIAN_POINT('',(1.993579636093E-02,-6.468283737796E-03,
    2.288253503602E-02));
#5597 = CARTESIAN_POINT('',(2.187004890397E-02,-2.640269424338E-03,
    2.303466463699E-02));
#5598 = CARTESIAN_POINT('',(2.235292258064E-02,1.402287461274E-03,
    2.303711239624E-02));
#5599 = CARTESIAN_POINT('',(2.109621446207E-02,5.369614343531E-03,
    2.288061202854E-02));
#5600 = CARTESIAN_POINT('',(1.983591366074E-02,8.924227618177E-03,
    2.280037128204E-02));
#5601 = CARTESIAN_POINT('',(1.763564884802E-02,1.210994638101E-02,
    2.267923677673E-02));
#5602 = CARTESIAN_POINT('',(1.258797465629E-02,1.949838018947E-02,
    2.241216426689E-02));
#5603 = CARTESIAN_POINT('',(4.186493122951E-03,2.455716659966E-02,
    2.214460020013E-02));
#5604 = CARTESIAN_POINT('',(-6.592670996702E-03,2.556876768977E-02,
    2.187630102555E-02));
#5605 = CARTESIAN_POINT('',(-1.726213073731E-02,2.126009986452E-02,
    2.160743068753E-02));
#5606 = CARTESIAN_POINT('',(-2.494479745926E-02,1.21489446564E-02,
    2.133805173544E-02));
#5607 = CARTESIAN_POINT('',(-2.750572850426E-02,4.809747936551E-04,
    2.106807166007E-02));
#5608 = CARTESIAN_POINT('',(-2.439820984488E-02,-1.068831503184E-02,
    2.079741097091E-02));
#5609 = CARTESIAN_POINT('',(-1.692802160013E-02,-1.871248326312E-02,
    2.052615952783E-02));
#5610 = CARTESIAN_POINT('',(-7.639834291832E-03,-2.231953301048E-02,
    2.025448764127E-02));
#5611 = CARTESIAN_POINT('',(1.470316286033E-03,-2.176953058361E-02,
    1.998207845466E-02));
#5612 = CARTESIAN_POINT('',(1.962123979629E-02,-2.064709863937E-02,
    1.943737164637E-02));
#5613 = CARTESIAN_POINT('',(3.71883051865E-02,-2.302213876957E-03,
    1.889019326546E-02));
#5614 = CARTESIAN_POINT('',(3.411870102298E-02,3.031110578816E-02,
    1.834125398237E-02));
#5615 = CARTESIAN_POINT('',(2.58325083277E-03,6.19264833788E-02,
    1.778867541245E-02));
#5616 = CARTESIAN_POINT('',(-6.825186137554E-02,3.556493677959E-02,
    1.723634568932E-02));
#5617 = CARTESIAN_POINT('',(-4.995191932302E-02,-3.857265925907E-02,
    1.667831323657E-02));
#5618 = CARTESIAN_POINT('',(-4.576665557035E-03,-4.647257923999E-02,
    1.612148377148E-02));
#5619 = CARTESIAN_POINT('',(2.437111110864E-02,-2.946507348168E-02,
    1.556021593015E-02));
#5620 = CARTESIAN_POINT('',(2.917614225701E-02,-3.715405165069E-03,
    1.499782789829E-02));
#5621 = CARTESIAN_POINT('',(1.905087027083E-02,1.219719537234E-02,
    1.44330386595E-02));
#5622 = CARTESIAN_POINT('',(9.687057373663E-03,2.711243595677E-02,
    1.390851156126E-02));
#5623 = CARTESIAN_POINT('',(-1.291508954304E-02,3.317278322156E-02,
    1.338297543716E-02));
#5624 = CARTESIAN_POINT('',(-3.856363198045E-02,2.166809885368E-02,
    1.285344397913E-02));
#5625 = CARTESIAN_POINT('',(-5.331869579403E-02,-2.056003452414E-02,
    1.232565724471E-02));
#5626 = CARTESIAN_POINT('',(-1.584102475441E-02,-5.705104609974E-02,
    1.179325391548E-02));
#5627 = CARTESIAN_POINT('',(3.537075628231E-02,-4.554843304791E-02,
    1.125926985885E-02));
#5628 = CARTESIAN_POINT('',(4.507441590741E-02,-1.076567238807E-03,
    1.072651515808E-02));
#5629 = CARTESIAN_POINT('',(2.850727624948E-02,2.249661819506E-02,
    1.018844557859E-02));
#5630 = CARTESIAN_POINT('',(5.477347706994E-03,2.899965363909E-02,
    9.651318865934E-03));
#5631 = CARTESIAN_POINT('',(-1.063209066736E-02,2.069900360904E-02,
    9.111711324988E-03));
#5632 = CARTESIAN_POINT('',(-2.818327528624E-02,1.193805366163E-02,
    8.53074987538E-03));
#5633 = CARTESIAN_POINT('',(-3.577823013555E-02,-1.361427611343E-02,
    7.948162977205E-03));
#5634 = CARTESIAN_POINT('',(-2.505248619025E-02,-4.361537551891E-02,
    7.363429283696E-03));
#5635 = CARTESIAN_POINT('',(3.205083614869E-02,-6.221430021306E-02,
    6.777929472998E-03));
#5636 = CARTESIAN_POINT('',(7.133747608566E-02,-4.759400466105E-03,
    6.189935467673E-03));
#5637 = CARTESIAN_POINT('',(4.042153073188E-02,5.778174714233E-02,
    5.600408862755E-03));
#5638 = CARTESIAN_POINT('',(-1.959678712597E-02,4.730493589612E-02,
    5.010280478988E-03));
#5639 = CARTESIAN_POINT('',(-3.440830829105E-02,1.821209547353E-02,
    4.417804722282E-03));
#5640 = CARTESIAN_POINT('',(-3.004729662221E-02,-8.573095181089E-03,
    3.824451657414E-03));
#5641 = CARTESIAN_POINT('',(-1.3345268506E-02,-1.973681736496E-02,
    3.229616394206E-03));
#5642 = CARTESIAN_POINT('',(1.947551290403E-03,-3.023803428022E-02,
    2.677096076023E-03));
#5643 = CARTESIAN_POINT('',(2.628777868193E-02,-2.662567672504E-02,
    2.124737316561E-03));
#5644 = CARTESIAN_POINT('',(4.625328029051E-02,-4.789499835008E-03,
    1.56781841711E-03));
#5645 = CARTESIAN_POINT('',(4.266237489823E-02,4.207616245773E-02,
    1.015264363172E-03));
#5646 = CARTESIAN_POINT('',(-8.608406530906E-03,6.135512728746E-02,
    4.573717076504E-04));
#5647 = CARTESIAN_POINT('',(-5.283215686879E-02,2.886959528843E-02,
    -1.013805346061E-04));
#5648 = CARTESIAN_POINT('',(-4.352596496619E-02,-1.763906195491E-02,
    -6.566358012815E-04));
#5649 = CARTESIAN_POINT('',(-1.795551697898E-02,-3.326967737768E-02,
    -1.218195767342E-03));
#5650 = CARTESIAN_POINT('',(6.716870928602E-03,-2.994879883088E-02,
    -1.776852659194E-03));
#5651 = CARTESIAN_POINT('',(1.86513210066E-02,-1.538504415438E-02,
    -2.337571712181E-03));
#5652 = CARTESIAN_POINT('',(3.177162704457E-02,2.137298169636E-04,
    -2.941209343371E-03));
#5653 = CARTESIAN_POINT('',(2.845405476461E-02,2.766592923922E-02,
    -3.545451595686E-03));
#5654 = CARTESIAN_POINT('',(5.83804515341E-03,5.182528004394E-02,
    -4.150991837525E-03));
#5655 = CARTESIAN_POINT('',(-5.608345614102E-02,4.56979185247E-02,
    -4.756044409204E-03));
#5656 = CARTESIAN_POINT('',(-6.937816125312E-02,-2.488316581684E-02,
    -5.362806067212E-03));
#5657 = CARTESIAN_POINT('',(-1.432329997271E-02,-7.109017126056E-02,
    -5.970068674985E-03));
#5658 = CARTESIAN_POINT('',(3.771234628004E-02,-3.645297355613E-02,
    -6.576640029483E-03));
#5659 = CARTESIAN_POINT('',(3.977445404793E-02,-3.165592886102E-03,
    -7.184727545205E-03));
#5660 = CARTESIAN_POINT('',(2.476046305211E-02,2.024312226231E-02,
    -7.792503479693E-03));
#5661 = CARTESIAN_POINT('',(4.555803509699E-03,2.393049629898E-02,
    -8.400700476835E-03));
#5662 = CARTESIAN_POINT('',(-1.539090385622E-02,2.776953344338E-02,
    -9.008892478641E-03));
#5663 = CARTESIAN_POINT('',(-3.934285439957E-02,1.271466709388E-02,
    -9.617101104978E-03));
#5664 = CARTESIAN_POINT('',(-4.510662917388E-02,-2.301312213654E-02,
    -1.022598965534E-02));
#5665 = CARTESIAN_POINT('',(-1.921999186873E-02,-6.600653442664E-02,
    -1.083387735506E-02));
#5666 = CARTESIAN_POINT('',(6.307074805146E-02,-5.556549404007E-02,
    -1.144271527536E-02));
#5667 = CARTESIAN_POINT('',(6.302124407055E-02,2.735204172017E-02,
    -1.205167369405E-02));
#5668 = CARTESIAN_POINT('',(1.71630546427E-02,4.759406825201E-02,
    -1.265913104388E-02));
#5669 = CARTESIAN_POINT('',(-1.752682629707E-02,3.740294277597E-02,
    -1.326763313698E-02));
#5670 = CARTESIAN_POINT('',(-2.944160261158E-02,1.17803129923E-02,
    -1.387517169033E-02));
#5671 = CARTESIAN_POINT('',(-2.314162854093E-02,-7.501360979098E-03,
    -1.448253863118E-02));
#5672 = CARTESIAN_POINT('',(-1.998092007269E-02,-1.717058773933E-02,
    -1.478637619169E-02));
#5673 = CARTESIAN_POINT('',(-1.239600723269E-02,-2.5342204455E-02,
    -1.50894726292E-02));
#5674 = CARTESIAN_POINT('',(-1.021824772445E-03,-2.980212041398E-02,
    -1.53932273526E-02));
#5675 = CARTESIAN_POINT('',(1.190909000686E-02,-2.847283344376E-02,
    -1.569675801509E-02));
#5676 = CARTESIAN_POINT('',(2.307246109385E-02,-2.101321067397E-02,
    -1.599974316371E-02));
#5677 = CARTESIAN_POINT('',(2.943102317131E-02,-9.196956555051E-03,
    -1.630262996024E-02));
#5678 = CARTESIAN_POINT('',(2.952451263648E-02,3.781096667174E-03,
    -1.66057781507E-02));
#5679 = CARTESIAN_POINT('',(2.402174780376E-02,1.46550488619E-02,
    -1.690879420699E-02));
#5680 = CARTESIAN_POINT('',(1.519813737386E-02,2.141182319269E-02,
    -1.721099231128E-02));
#5681 = CARTESIAN_POINT('',(5.314447768053E-03,2.363967748981E-02,
    -1.751360160021E-02));
#5682 = CARTESIAN_POINT('',(1.067017522797E-03,2.461873840642E-02,
    -1.764130375377E-02));
#5683 = CARTESIAN_POINT('',(-3.340386254715E-03,2.462697989691E-02,
    -1.777543818522E-02));
#5684 = CARTESIAN_POINT('',(-7.737921578445E-03,2.38708119479E-02,
    -1.790440300317E-02));
#5685 = CARTESIAN_POINT('',(-1.196242997692E-02,2.230224080503E-02,
    -1.802958149157E-02));
#5686 = CARTESIAN_POINT('',(-1.582077546023E-02,1.985019147576E-02,
    -1.815687040731E-02));
#5687 = CARTESIAN_POINT('',(-1.909423240801E-02,1.656525959577E-02,
    -1.829032476789E-02));
#5688 = CARTESIAN_POINT('',(-2.158392237838E-02,1.267789265889E-02,
    -1.842791912888E-02));
#5689 = CARTESIAN_POINT('',(-2.319729983788E-02,8.570000610614E-03,
    -1.85594253515E-02));
#5690 = CARTESIAN_POINT('',(-2.407568681241E-02,4.659995805206E-03,
    -1.866640685991E-02));
#5691 = CARTESIAN_POINT('',(-2.476285645907E-02,1.201262326357E-03,
    -1.872432938865E-02));
#5692 = CARTESIAN_POINT('',(-2.558165045678E-02,-3.296529231484E-03,
    -1.880390331398E-02));
#5693 = CARTESIAN_POINT('',(-2.582663692942E-02,-8.229597360285E-03,
    -1.882771215397E-02));
#5694 = CARTESIAN_POINT('',(-2.496410402745E-02,-9.219140328874E-03,
    -1.874388749364E-02));
#5695 = CARTESIAN_POINT('',(-2.567092466203E-02,-1.529002519122E-02,
    -1.881257936554E-02));
#5696 = CARTESIAN_POINT('',(-2.559361401631E-02,-1.769283371477E-02,
    -1.880506598418E-02));
#5697 = CARTESIAN_POINT('',(-2.518138068617E-02,-2.007478741126E-02,
    -1.876500337465E-02));
#5698 = CARTESIAN_POINT('',(-2.564854381281E-02,-2.613735191544E-02,
    -1.881040429826E-02));
#5699 = CARTESIAN_POINT('',(-2.53823454408E-02,-2.736720700511E-02,
    -1.878453399458E-02));
#5700 = CARTESIAN_POINT('',(-2.546814368609E-02,-3.372471228853E-02,
    -1.879287223739E-02));
#5701 = CARTESIAN_POINT('',(-2.545522813233E-02,-4.432E-02,
    -1.879161704828E-02));
#5702 = CARTESIAN_POINT('',(1.836E-02,-4.432E-02,-1.96E-02));
#5703 = CARTESIAN_POINT('',(1.835810139144E-02,-3.640884032777E-02,
    -1.95997401678E-02));
#5704 = CARTESIAN_POINT('',(1.837083449834E-02,-3.070734835401E-02,
    -1.960148274456E-02));
#5705 = CARTESIAN_POINT('',(1.833487845131E-02,-2.812291674384E-02,
    -1.95965620153E-02));
#5706 = CARTESIAN_POINT('',(1.83801449599E-02,-2.482202026989E-02,
    -1.960275691857E-02));
#5707 = CARTESIAN_POINT('',(1.838238285167E-02,-2.195998030159E-02,
    -1.960306318303E-02));
#5708 = CARTESIAN_POINT('',(1.83102373172E-02,-2.011737077866E-02,
    -1.959318977725E-02));
#5709 = CARTESIAN_POINT('',(1.834012316903E-02,-1.645205445178E-02,
    -1.959727977595E-02));
#5710 = CARTESIAN_POINT('',(1.849109865426E-02,-9.731179202316E-03,
    -1.96179413767E-02));
#5711 = CARTESIAN_POINT('',(1.831075359504E-02,-5.562805282056E-03,
    -1.959326043194E-02));
#5712 = CARTESIAN_POINT('',(1.792195286291E-02,-1.302175343443E-03,
    -1.95400514922E-02));
#5713 = CARTESIAN_POINT('',(1.750525468356E-02,2.818990273204E-03,
    -1.948513817806E-02));
#5714 = CARTESIAN_POINT('',(1.688268069494E-02,6.17164277692E-03,
    -1.939669575458E-02));
#5715 = CARTESIAN_POINT('',(1.580875266429E-02,8.857316777544E-03,
    -1.926331556312E-02));
#5716 = CARTESIAN_POINT('',(1.418944356598E-02,1.130275456424E-02,
    -1.913104080574E-02));
#5717 = CARTESIAN_POINT('',(1.205858675618E-02,1.360874490211E-02,
    -1.901908901536E-02));
#5718 = CARTESIAN_POINT('',(9.527270908662E-03,1.554036642794E-02,
    -1.891204826696E-02));
#5719 = CARTESIAN_POINT('',(6.727814154565E-03,1.683324810985E-02,
    -1.879049594368E-02));
#5720 = CARTESIAN_POINT('',(3.773910868546E-03,1.749045923483E-02,
    -1.866198887188E-02));
#5721 = CARTESIAN_POINT('',(7.585445439974E-04,1.774464138925E-02,
    -1.855437363918E-02));
#5722 = CARTESIAN_POINT('',(-2.188739800005E-03,1.735999489632E-02,
    -1.843336590952E-02));
#5723 = CARTESIAN_POINT('',(-9.041309411553E-03,1.644073910047E-02,
    -1.815815647116E-02));
#5724 = CARTESIAN_POINT('',(-1.556810288641E-02,1.269024592251E-02,
    -1.788302078103E-02));
#5725 = CARTESIAN_POINT('',(-2.01733246105E-02,5.867738597502E-03,
    -1.760791900127E-02));
#5726 = CARTESIAN_POINT('',(-2.146078948776E-02,-2.719968242343E-03,
    -1.733284555228E-02));
#5727 = CARTESIAN_POINT('',(-1.882843945099E-02,-1.112730253393E-02,
    -1.705781620458E-02));
#5728 = CARTESIAN_POINT('',(-1.272757235156E-02,-1.747929632394E-02,
    -1.678285624295E-02));
#5729 = CARTESIAN_POINT('',(-4.586783228041E-03,-2.048147488388E-02,
    -1.650798970304E-02));
#5730 = CARTESIAN_POINT('',(3.599382046221E-03,-1.973027339919E-02,
    -1.623322968008E-02));
#5731 = CARTESIAN_POINT('',(1.001706073674E-02,-1.582398123303E-02,
    -1.595856971014E-02));
#5732 = CARTESIAN_POINT('',(1.411499484246E-02,-1.027421376413E-02,
    -1.568397622351E-02));
#5733 = CARTESIAN_POINT('',(2.234082390535E-02,9.076623847309E-04,
    -1.513480165765E-02));
#5734 = CARTESIAN_POINT('',(1.98646246651E-02,1.927151395525E-02,
    -1.458616567859E-02));
#5735 = CARTESIAN_POINT('',(3.796670919955E-03,3.455980552829E-02,
    -1.403771778362E-02));
#5736 = CARTESIAN_POINT('',(-3.278546710962E-02,3.160322955723E-02,
    -1.349046292252E-02));
#5737 = CARTESIAN_POINT('',(-4.588360858673E-02,-8.832769382476E-03,
    -1.294325557705E-02));
#5738 = CARTESIAN_POINT('',(-1.861837831524E-02,-4.136525328702E-02,
    -1.239677049517E-02));
#5739 = CARTESIAN_POINT('',(1.614491311075E-02,-3.046774217461E-02,
    -1.185168754953E-02));
#5740 = CARTESIAN_POINT('',(2.533861339825E-02,-1.054481157415E-02,
    -1.130686081641E-02));
#5741 = CARTESIAN_POINT('',(2.089989139128E-02,7.268297482693E-03,
    -1.076327076566E-02));
#5742 = CARTESIAN_POINT('',(9.274704326392E-03,1.454690661015E-02,
    -1.022058341294E-02));
#5743 = CARTESIAN_POINT('',(-1.662578902338E-03,2.138807851736E-02,
    -9.716647498599E-03));
#5744 = CARTESIAN_POINT('',(-1.669180339671E-02,1.906182137777E-02,
    -9.213699557165E-03));
#5745 = CARTESIAN_POINT('',(-3.311757481771E-02,4.499586975774E-03,
    -8.711493226025E-03));
#5746 = CARTESIAN_POINT('',(-2.819194422923E-02,-2.407963671309E-02,
    -8.210332223784E-03));
#5747 = CARTESIAN_POINT('',(-1.161593172311E-03,-3.971824597658E-02,
    -7.710260212253E-03));
#5748 = CARTESIAN_POINT('',(2.656560216305E-02,-2.559038344642E-02,
    -7.211203540007E-03));
#5749 = CARTESIAN_POINT('',(3.296065153044E-02,2.478870114E-03,
    -6.713216617763E-03));
#5750 = CARTESIAN_POINT('',(1.763469107705E-02,1.766012180334E-02,
    -6.216446630276E-03));
#5751 = CARTESIAN_POINT('',(3.024389976073E-03,2.088879341561E-02,
    -5.720901244037E-03));
#5752 = CARTESIAN_POINT('',(-8.106979202207E-03,1.485546774041E-02,
    -5.22656992447E-03));
#5753 = CARTESIAN_POINT('',(-1.993755837995E-02,8.439371968968E-03,
    -4.694205451854E-03));
#5754 = CARTESIAN_POINT('',(-2.532109253033E-02,-8.658092907075E-03,
    -4.163371224964E-03));
#5755 = CARTESIAN_POINT('',(-1.752642674739E-02,-2.869015279577E-02,
    -3.633838587651E-03));
#5756 = CARTESIAN_POINT('',(1.573230512214E-02,-4.095861461386E-02,
    -3.106232912302E-03));
#5757 = CARTESIAN_POINT('',(4.354225482606E-02,-1.099549218274E-02,
    -2.579870831216E-03));
#5758 = CARTESIAN_POINT('',(3.295898963171E-02,2.835597339792E-02,
    -2.055145907848E-03));
#5759 = CARTESIAN_POINT('',(-1.574793105768E-03,3.293119876204E-02,
    -1.5324705826E-03));
#5760 = CARTESIAN_POINT('',(-1.761360331373E-02,1.944295740586E-02,
    -1.011166663113E-03));
#5761 = CARTESIAN_POINT('',(-2.100508375171E-02,2.240230940003E-03,
    -4.917881220966E-04));
#5762 = CARTESIAN_POINT('',(-1.392819365725E-02,-8.762199847947E-03,
    2.584148325672E-05));
#5763 = CARTESIAN_POINT('',(-7.467892714078E-03,-1.901013619687E-02,
    5.065469883409E-04));
#5764 = CARTESIAN_POINT('',(7.532912188124E-03,-2.3625128263E-02,
    9.853973936944E-04));
#5765 = CARTESIAN_POINT('',(2.492866777697E-02,-1.642618441828E-02,
    1.463441713269E-03));
#5766 = CARTESIAN_POINT('',(3.555111389239E-02,8.563044592236E-03,
    1.938808683103E-03));
#5767 = CARTESIAN_POINT('',(1.697724285065E-02,3.361133806667E-02,
    2.413330103405E-03));
#5768 = CARTESIAN_POINT('',(-1.407748091178E-02,3.336111202301E-02,
    2.886298205037E-03));
#5769 = CARTESIAN_POINT('',(-2.741121086494E-02,1.028701808741E-02,
    3.356809621988E-03));
#5770 = CARTESIAN_POINT('',(-2.305800282319E-02,-7.555582997233E-03,
    3.826538933075E-03));
#5771 = CARTESIAN_POINT('',(-1.078444445753E-02,-1.67002725677E-02,
    4.294068914114E-03));
#5772 = CARTESIAN_POINT('',(9.310023989348E-04,-1.592553718943E-02,
    4.760082615543E-03));
#5773 = CARTESIAN_POINT('',(1.359837188912E-02,-1.519844104821E-02,
    5.261924714581E-03));
#5774 = CARTESIAN_POINT('',(2.503230967701E-02,-2.79180779045E-03,
    5.761790713253E-03));
#5775 = CARTESIAN_POINT('',(2.641768288778E-02,1.743396177976E-02,
    6.259705864652E-03));
#5776 = CARTESIAN_POINT('',(2.943405807299E-03,4.109980384829E-02,
    6.755647430065E-03));
#5777 = CARTESIAN_POINT('',(-3.259805290705E-02,2.668881224368E-02,
    7.24959288473E-03));
#5778 = CARTESIAN_POINT('',(-3.923338128879E-02,-1.092562903352E-02,
    7.741570224974E-03));
#5779 = CARTESIAN_POINT('',(-1.179899728786E-02,-2.852450388239E-02,
    8.231581550837E-03));
#5780 = CARTESIAN_POINT('',(7.168329537194E-03,-2.348561673343E-02,
    8.71959542735E-03));
#5781 = CARTESIAN_POINT('',(1.688246728191E-02,-1.027052823539E-02,
    9.205681968573E-03));
#5782 = CARTESIAN_POINT('',(1.527641518352E-02,1.858869921412E-03,
    9.689797142592E-03));
#5783 = CARTESIAN_POINT('',(1.388978796381E-02,1.310268640844E-02,
    1.013931168977E-02));
#5784 = CARTESIAN_POINT('',(3.033638647862E-03,2.298283195489E-02,
    1.058734747654E-02));
#5785 = CARTESIAN_POINT('',(-1.454325964755E-02,2.379695884012E-02,
    1.103311752687E-02));
#5786 = CARTESIAN_POINT('',(-3.345287616178E-02,6.893977552381E-03,
    1.14782364918E-02));
#5787 = CARTESIAN_POINT('',(-2.769646681051E-02,-2.16493794416E-02,
    1.192082054808E-02));
#5788 = CARTESIAN_POINT('',(-1.361997663625E-03,-3.377395856625E-02,
    1.236186734021E-02));
#5789 = CARTESIAN_POINT('',(1.905260533343E-02,-1.957887455511E-02,
    1.280218114608E-02));
#5790 = CARTESIAN_POINT('',(2.248318272476E-02,-2.785724634779E-03,
    1.323972329995E-02));
#5791 = CARTESIAN_POINT('',(1.574415777359E-02,9.820184406332E-03,
    1.367655853451E-02));
#5792 = CARTESIAN_POINT('',(5.54142981037E-03,1.382251664343E-02,
    1.41115343057E-02));
#5793 = CARTESIAN_POINT('',(5.438409030255E-05,1.594657480702E-02,
    1.43457818738E-02));
#5794 = CARTESIAN_POINT('',(-6.347506658527E-03,1.582108593066E-02,
    1.457959428275E-02));
#5795 = CARTESIAN_POINT('',(-1.255589209724E-02,1.262258301095E-02,
    1.481297555232E-02));
#5796 = CARTESIAN_POINT('',(-1.700398005661E-02,6.766096620102E-03,
    1.504592030925E-02));
#5797 = CARTESIAN_POINT('',(-1.846513305682E-02,-5.387462366211E-04,
    1.527842725124E-02));
#5798 = CARTESIAN_POINT('',(-1.652454259217E-02,-7.715048298852E-03,
    1.551050508194E-02));
#5799 = CARTESIAN_POINT('',(-1.172398118086E-02,-1.322939326417E-02,
    1.574217091756E-02));
#5800 = CARTESIAN_POINT('',(-5.379632179547E-03,-1.598602203625E-02,
    1.597344116443E-02));
#5801 = CARTESIAN_POINT('',(9.270026370622E-04,-1.570443400842E-02,
    1.620431486814E-02));
#5802 = CARTESIAN_POINT('',(6.185117731625E-03,-1.328041338222E-02,
    1.643474953381E-02));
#5803 = CARTESIAN_POINT('',(8.435480699955E-03,-1.224463347023E-02,
    1.65324542496E-02));
#5804 = CARTESIAN_POINT('',(1.047349019759E-02,-1.071422032971E-02,
    1.66331003194E-02));
#5805 = CARTESIAN_POINT('',(1.223240427553E-02,-8.842310657934E-03,
    1.673222984114E-02));
#5806 = CARTESIAN_POINT('',(1.363556197068E-02,-6.709168620771E-03,
    1.682913331959E-02));
#5807 = CARTESIAN_POINT('',(1.460681239898E-02,-4.353321993581E-03,
    1.69254960085E-02));
#5808 = CARTESIAN_POINT('',(1.508094384841E-02,-1.802698302054E-03,
    1.702404425245E-02));
#5809 = CARTESIAN_POINT('',(1.501411287226E-02,8.942390369644E-04,
    1.712719182906E-02));
#5810 = CARTESIAN_POINT('',(1.439427338203E-02,3.637354574561E-03,
    1.723568629084E-02));
#5811 = CARTESIAN_POINT('',(1.325160574071E-02,6.243704688973E-03,
    1.734725530738E-02));
#5812 = CARTESIAN_POINT('',(1.16689458558E-02,8.416401444679E-03,
    1.745525300725E-02));
#5813 = CARTESIAN_POINT('',(9.54378846606E-03,1.132755296242E-02,
    1.760042887598E-02));
#5814 = CARTESIAN_POINT('',(6.605432768981E-03,1.369141568352E-02,
    1.7745555757E-02));
#5815 = CARTESIAN_POINT('',(3.037941862766E-03,1.518310931773E-02,
    1.789053577758E-02));
#5816 = CARTESIAN_POINT('',(-8.779399061184E-04,1.561984308062E-02,
    1.803534000849E-02));
#5817 = CARTESIAN_POINT('',(-4.80745687413E-03,1.494598851263E-02,
    1.817998677355E-02));
#5818 = CARTESIAN_POINT('',(-8.404511991866E-03,1.321815229774E-02,
    1.832451995912E-02));
#5819 = CARTESIAN_POINT('',(-1.135433675527E-02,1.059024908264E-02,
    1.846898732364E-02));
#5820 = CARTESIAN_POINT('',(-1.341616113681E-02,7.298574295384E-03,
    1.861341880711E-02));
#5821 = CARTESIAN_POINT('',(-1.446588351673E-02,3.64687696449E-03,
    1.875780484066E-02));
#5822 = CARTESIAN_POINT('',(-1.453874061418E-02,-8.567462291269E-06,
    1.890207465602E-02));
#5823 = CARTESIAN_POINT('',(-1.459121459648E-02,-2.746415390955E-03,
    1.901030044958E-02));
#5824 = CARTESIAN_POINT('',(-1.405258852954E-02,-5.530428364319E-03,
    1.911853342649E-02));
#5825 = CARTESIAN_POINT('',(-1.294252120296E-02,-8.201788808365E-03,
    1.922677785806E-02));
#5826 = CARTESIAN_POINT('',(-1.129972564781E-02,-1.062369704198E-02,
    1.933504531307E-02));
#5827 = CARTESIAN_POINT('',(-9.181969136682E-03,-1.268137127692E-02,
    1.944335465786E-02));
#5828 = CARTESIAN_POINT('',(-6.66607318365E-03,-1.428204761785E-02,
    1.955173205622E-02));
#5829 = CARTESIAN_POINT('',(-3.847913544275E-03,-1.535498006231E-02,
    1.96602109695E-02));
#5830 = CARTESIAN_POINT('',(-8.424202156505E-04,-1.585144050073E-02,
    1.97688321565E-02));
#5831 = CARTESIAN_POINT('',(2.216422563669E-03,-1.574471871644E-02,
    1.987764367359E-02));
#5832 = CARTESIAN_POINT('',(5.175576313606E-03,-1.503012238563E-02,
    1.998670087461E-02));
#5833 = CARTESIAN_POINT('',(8.131489507865E-03,-1.43622702851E-02,
    2.009314181762E-02));
#5834 = CARTESIAN_POINT('',(1.110418244836E-02,-1.283026255547E-02,
    2.021419463251E-02));
#5835 = CARTESIAN_POINT('',(1.373646163858E-02,-1.129998873519E-02,
    2.030465957014E-02));
#5836 = CARTESIAN_POINT('',(1.614381866537E-02,-8.653526606136E-03,
    2.04121904287E-02));
#5837 = CARTESIAN_POINT('',(1.83483582495E-02,-5.26170242784E-03,
    2.05628660498E-02));
#5838 = CARTESIAN_POINT('',(1.990174901833E-02,-1.94180408389E-03,
    2.068772367252E-02));
#5839 = CARTESIAN_POINT('',(2.021085338041E-02,1.2794343037E-03,
    2.068350977057E-02));
#5840 = CARTESIAN_POINT('',(1.931367009579E-02,4.791617341523E-03,
    2.055935117256E-02));
#5841 = CARTESIAN_POINT('',(1.80872003522E-02,8.123443569619E-03,
    2.047949644071E-02));
#5842 = CARTESIAN_POINT('',(1.61028253708E-02,1.098479116521E-02,
    2.037072465893E-02));
#5843 = CARTESIAN_POINT('',(1.150183688825E-02,1.771361945548E-02,
    2.012745919735E-02));
#5844 = CARTESIAN_POINT('',(3.855969105656E-03,2.232325412783E-02,
    1.988375038241E-02));
#5845 = CARTESIAN_POINT('',(-5.947265550742E-03,2.322600628032E-02,
    1.964011920814E-02));
#5846 = CARTESIAN_POINT('',(-1.562706342414E-02,1.92969306082E-02,
    1.939626123148E-02));
#5847 = CARTESIAN_POINT('',(-2.2572679418E-02,1.103256686824E-02,
    1.915203335506E-02));
#5848 = CARTESIAN_POINT('',(-2.487113506375E-02,4.744260751904E-04,
    1.890758930972E-02));
#5849 = CARTESIAN_POINT('',(-2.205273530677E-02,-9.617501791788E-03,
    1.866308742747E-02));
#5850 = CARTESIAN_POINT('',(-1.530784444963E-02,-1.685594179469E-02,
    1.841839429567E-02));
#5851 = CARTESIAN_POINT('',(-6.928371694839E-03,-2.009695297703E-02,
    1.817320788316E-02));
#5852 = CARTESIAN_POINT('',(1.272583273917E-03,-1.960469546039E-02,
    1.792802372919E-02));
#5853 = CARTESIAN_POINT('',(1.761099318834E-02,-1.858332765463E-02,
    1.743755754102E-02));
#5854 = CARTESIAN_POINT('',(3.342963284466E-02,-2.126442825505E-03,
    1.694603333253E-02));
#5855 = CARTESIAN_POINT('',(3.046212101995E-02,2.731846833952E-02,
    1.645407048417E-02));
#5856 = CARTESIAN_POINT('',(2.377972983782E-03,5.527715937886E-02,
    1.596006605678E-02));
#5857 = CARTESIAN_POINT('',(-6.130150569787E-02,3.159030831193E-02,
    1.546661720097E-02));
#5858 = CARTESIAN_POINT('',(-4.394036370524E-02,-3.445246630271E-02,
    1.497076589363E-02));
#5859 = CARTESIAN_POINT('',(-4.245030018477E-03,-4.117671729994E-02,
    1.447472525965E-02));
#5860 = CARTESIAN_POINT('',(2.16627296851E-02,-2.612538090441E-02,
    1.397726342796E-02));
#5861 = CARTESIAN_POINT('',(2.580911576326E-02,-3.314465817835E-03,
    1.347886397558E-02));
#5862 = CARTESIAN_POINT('',(1.686762652496E-02,1.07601913273E-02,
    1.297934804913E-02));
#5863 = CARTESIAN_POINT('',(8.584732863415E-03,2.394930798316E-02,
    1.251557209043E-02));
#5864 = CARTESIAN_POINT('',(-1.139702039459E-02,2.930517612702E-02,
    1.205052054409E-02));
#5865 = CARTESIAN_POINT('',(-3.403095926155E-02,1.909574992774E-02,
    1.158537882451E-02));
#5866 = CARTESIAN_POINT('',(-4.69512707478E-02,-1.817889760594E-02,
    1.111801219368E-02));
#5867 = CARTESIAN_POINT('',(-1.386838326946E-02,-5.018795836766E-02,
    1.065060755179E-02));
#5868 = CARTESIAN_POINT('',(3.112533995425E-02,-3.996849935293E-02,
    1.018226608574E-02));
#5869 = CARTESIAN_POINT('',(3.951701483718E-02,-9.440000298743E-04,
    9.711954858673E-03));
#5870 = CARTESIAN_POINT('',(2.502648814966E-02,1.972959037792E-02,
    9.241751181344E-03));
#5871 = CARTESIAN_POINT('',(4.810280778416E-03,2.541798636682E-02,
    8.769825910612E-03));
#5872 = CARTESIAN_POINT('',(-9.303987262609E-03,1.814609989214E-02,
    8.297110669133E-03));
#5873 = CARTESIAN_POINT('',(-2.4683438041E-02,1.045982361417E-02,
    7.788000453419E-03));
#5874 = CARTESIAN_POINT('',(-3.133966777877E-02,-1.188777467732E-02,
    7.277660472768E-03));
#5875 = CARTESIAN_POINT('',(-2.19108067517E-02,-3.825450142205E-02,
    6.76617275821E-03));
#5876 = CARTESIAN_POINT('',(2.807045192959E-02,-5.435027980577E-02,
    6.253368322615E-03));
#5877 = CARTESIAN_POINT('',(6.237474160696E-02,-4.140736795821E-03,
    5.73942222831E-03));
#5878 = CARTESIAN_POINT('',(3.532011095445E-02,5.04634524612E-02,
    5.224250662016E-03));
#5879 = CARTESIAN_POINT('',(-1.710970693972E-02,4.141211360679E-02,
    4.707750807531E-03));
#5880 = CARTESIAN_POINT('',(-3.009621864552E-02,1.589828154685E-02,
    4.190088426367E-03));
#5881 = CARTESIAN_POINT('',(-2.627062608987E-02,-7.492359692984E-03,
    3.671153731503E-03));
#5882 = CARTESIAN_POINT('',(-1.166672863724E-02,-1.72627378485E-02,
    3.150973370045E-03));
#5883 = CARTESIAN_POINT('',(1.704754112404E-03,-2.64433639607E-02,
    2.667951131894E-03));
#5884 = CARTESIAN_POINT('',(2.301464853806E-02,-2.329606530287E-02,
    2.183872644101E-03));
#5885 = CARTESIAN_POINT('',(4.044047812061E-02,-4.182435545178E-03,
    1.698625756334E-03));
#5886 = CARTESIAN_POINT('',(3.737507637024E-02,3.680573132736E-02,
    1.212513389564E-03));
#5887 = CARTESIAN_POINT('',(-7.502871702449E-03,5.373979135082E-02,
    7.25091151711E-04));
#5888 = CARTESIAN_POINT('',(-4.630630775824E-02,2.534786619748E-02,
    2.366591362802E-04));
#5889 = CARTESIAN_POINT('',(-3.819150720527E-02,-1.545815625809E-02,
    -2.526269849358E-04));
#5890 = CARTESIAN_POINT('',(-1.576582490178E-02,-2.92235297517E-02,
    -7.433291709173E-04));
#5891 = CARTESIAN_POINT('',(5.917837696113E-03,-2.630165192001E-02,
    -1.234814536824E-03));
#5892 = CARTESIAN_POINT('',(1.640701538565E-02,-1.350471969126E-02,
    -1.727471340805E-03));
#5893 = CARTESIAN_POINT('',(2.793563164038E-02,2.09037811725E-04,
    -2.258001398596E-03));
#5894 = CARTESIAN_POINT('',(2.504522913564E-02,2.434227282526E-02,
    -2.789731680268E-03));
#5895 = CARTESIAN_POINT('',(5.131849661483E-03,4.56360022737E-02,
    -3.322757660684E-03));
#5896 = CARTESIAN_POINT('',(-4.934402322889E-02,4.035453398262E-02,
    -3.856797176468E-03));
#5897 = CARTESIAN_POINT('',(-6.133016551807E-02,-2.186053221354E-02,
    -4.39222553001E-03));
#5898 = CARTESIAN_POINT('',(-1.285329917665E-02,-6.284983192135E-02,
    -4.928825619514E-03));
#5899 = CARTESIAN_POINT('',(3.346060122244E-02,-3.245501731929E-02,
    -5.466400466429E-03));
#5900 = CARTESIAN_POINT('',(3.531449522757E-02,-2.758895262749E-03,
    -6.005335906393E-03));
#5901 = CARTESIAN_POINT('',(2.199220498226E-02,1.800794548274E-02,
    -6.545288893382E-03));
#5902 = CARTESIAN_POINT('',(4.013855181061E-03,2.129920618726E-02,
    -7.08641183765E-03));
#5903 = CARTESIAN_POINT('',(-1.372853153578E-02,2.470234056629E-02,
    -7.627517580375E-03));
#5904 = CARTESIAN_POINT('',(-3.511602231869E-02,1.138812511182E-02,
    -8.16979093364E-03));
#5905 = CARTESIAN_POINT('',(-4.015465562978E-02,-2.068611653483E-02,
    -8.712963349754E-03));
#5906 = CARTESIAN_POINT('',(-1.752907077573E-02,-5.867570284089E-02,
    -9.25775191261E-03));
#5907 = CARTESIAN_POINT('',(5.661229939692E-02,-5.034859396726E-02,
    -9.802518642074E-03));
#5908 = CARTESIAN_POINT('',(5.664651834902E-02,2.462319658451E-02,
    -1.034998769275E-02));
#5909 = CARTESIAN_POINT('',(1.566212831327E-02,4.289514659677E-02,
    -1.089673829378E-02));
#5910 = CARTESIAN_POINT('',(-1.590867922911E-02,3.381902397832E-02,
    -1.144568771574E-02));
#5911 = CARTESIAN_POINT('',(-2.665615824709E-02,1.062329761147E-02,
    -1.199506867903E-02));
#5912 = CARTESIAN_POINT('',(-2.095717484474E-02,-6.852480427423E-03,
    -1.254556512881E-02));
#5913 = CARTESIAN_POINT('',(-1.809391246718E-02,-1.560981190105E-02,
    -1.282084716521E-02));
#5914 = CARTESIAN_POINT('',(-1.120512534251E-02,-2.304968594946E-02,
    -1.309620230503E-02));
#5915 = CARTESIAN_POINT('',(-8.969594984983E-04,-2.708229778351E-02,
    -1.337194255185E-02));
#5916 = CARTESIAN_POINT('',(1.087538648437E-02,-2.589478066845E-02,
    -1.364797715892E-02));
#5917 = CARTESIAN_POINT('',(2.106291200482E-02,-1.913442570098E-02,
    -1.392410149478E-02));
#5918 = CARTESIAN_POINT('',(2.686339728354E-02,-8.356593789366E-03,
    -1.420037544564E-02));
#5919 = CARTESIAN_POINT('',(2.695933372036E-02,3.509407063669E-03,
    -1.447703553958E-02));
#5920 = CARTESIAN_POINT('',(2.196164833442E-02,1.344217921009E-02,
    -1.475402376067E-02));
#5921 = CARTESIAN_POINT('',(1.386410022218E-02,1.964250070741E-02,
    -1.503085480284E-02));
#5922 = CARTESIAN_POINT('',(4.809658332683E-03,2.168364487515E-02,
    -1.530818229623E-02));
#5923 = CARTESIAN_POINT('',(9.186155440585E-04,2.256299493926E-02,
    -1.542549066176E-02));
#5924 = CARTESIAN_POINT('',(-3.122708602343E-03,2.261275085842E-02,
    -1.554767118495E-02));
#5925 = CARTESIAN_POINT('',(-7.166448809432E-03,2.19078510384E-02,
    -1.566652627574E-02));
#5926 = CARTESIAN_POINT('',(-1.105117834174E-02,2.043303972065E-02,
    -1.578233451617E-02));
#5927 = CARTESIAN_POINT('',(-1.459015958935E-02,1.817753824737E-02,
    -1.58991274999E-02));
#5928 = CARTESIAN_POINT('',(-1.7586144449E-02,1.520004698411E-02,
    -1.602053697011E-02));
#5929 = CARTESIAN_POINT('',(-1.987272452235E-02,1.166407789903E-02,
    -1.614621225588E-02));
#5930 = CARTESIAN_POINT('',(-2.138223113135E-02,7.843617799958E-03,
    -1.626880800705E-02));
#5931 = CARTESIAN_POINT('',(-2.224018515083E-02,4.09912222805E-03,
    -1.637154222745E-02));
#5932 = CARTESIAN_POINT('',(-2.28862966582E-02,8.238400090534E-04,
    -1.642632460663E-02));
#5933 = CARTESIAN_POINT('',(-2.366069352725E-02,-3.466205757825E-03,
    -1.650158382788E-02));
#5934 = CARTESIAN_POINT('',(-2.389859749483E-02,-7.986006943661E-03,
    -1.652470435955E-02));
#5935 = CARTESIAN_POINT('',(-2.308516355194E-02,-9.201306196065E-03,
    -1.644565134742E-02));
#5936 = CARTESIAN_POINT('',(-2.374253795244E-02,-1.547139879091E-02,
    -1.650953782144E-02));
#5937 = CARTESIAN_POINT('',(-2.367647206657E-02,-1.762780258893E-02,
    -1.650311725425E-02));
#5938 = CARTESIAN_POINT('',(-2.329139045029E-02,-1.996172920711E-02,
    -1.646569336514E-02));
#5939 = CARTESIAN_POINT('',(-2.372225727051E-02,-2.628090371405E-02,
    -1.650756685746E-02));
#5940 = CARTESIAN_POINT('',(-2.347871526513E-02,-2.72957559684E-02,
    -1.648389839701E-02));
#5941 = CARTESIAN_POINT('',(-2.355669632371E-02,-3.373988714149E-02,
    -1.649147693197E-02));
#5942 = CARTESIAN_POINT('',(-2.354502254797E-02,-4.432E-02,
    -1.649034242419E-02));
#5943 = DEFINITIONAL_REPRESENTATION('',(#5944),#5948);
#5944 = LINE('',#5945,#5946);
#5945 = CARTESIAN_POINT('',(0.,217.));
#5946 = VECTOR('',#5947,1.);
#5947 = DIRECTION('',(1.,0.));
#5948 = ( GEOMETRIC_REPRESENTATION_CONTEXT(2) 
PARAMETRIC_REPRESENTATION_CONTEXT() REPRESENTATION_CONTEXT('2D SPACE',''
  ) );
#5949 = FACE_BOUND('',#5950,.F.);
#5950 = EDGE_LOOP('',(#5951));
#5951 = ORIENTED_EDGE('',*,*,#5952,.T.);
#5952 = EDGE_CURVE('',#5953,#5953,#5955,.T.);
#5953 = VERTEX_POINT('',#5954);
#5954 = CARTESIAN_POINT('',(1.836E-02,-4.432E-02,-1.96E-02));
#5955 = SURFACE_CURVE('',#5956,(#5964,#5975),.PCURVE_S1.);
#5956 = ( BOUNDED_CURVE() B_SPLINE_CURVE(6,(#5957,#5958,#5959,#5960,
#5961,#5962,#5963),.UNSPECIFIED.,.T.,.F.) B_SPLINE_CURVE_WITH_KNOTS((1,6
    ,6,1),(-6.28318530718,0.,6.28318530718,12.566370614359),
.UNSPECIFIED.) CURVE() GEOMETRIC_REPRESENTATION_ITEM() 
RATIONAL_B_SPLINE_CURVE((1.669078461068,1.03672962321,1.038346699848,
    0.853534330196,1.038346699848,1.03672962321,1.669078461068)) 
REPRESENTATION_ITEM('') );
#5957 = CARTESIAN_POINT('',(1.836E-02,-4.432E-02,-1.96E-02));
#5958 = CARTESIAN_POINT('',(1.836E-02,-4.432E-02,-1.660922246397E-02));
#5959 = CARTESIAN_POINT('',(1.466181325701E-02,-4.432E-02,
    -1.617979771016E-02));
#5960 = CARTESIAN_POINT('',(1.161158954218E-02,-4.432E-02,-1.96E-02));
#5961 = CARTESIAN_POINT('',(1.466181325701E-02,-4.432E-02,
    -2.302020228984E-02));
#5962 = CARTESIAN_POINT('',(1.836E-02,-4.432E-02,-2.259077753603E-02));
#5963 = CARTESIAN_POINT('',(1.836E-02,-4.432E-02,-1.96E-02));
#5964 = PCURVE('',#4059,#5965);
#5965 = DEFINITIONAL_REPRESENTATION('',(#5966),#5974);
#5966 = ( BOUNDED_CURVE() B_SPLINE_CURVE(6,(#5967,#5968,#5969,#5970,
#5971,#5972,#5973),.UNSPECIFIED.,.T.,.F.) B_SPLINE_CURVE_WITH_KNOTS((1,6
    ,6,1),(-6.28318530718,0.,6.28318530718,12.566370614359),
.UNSPECIFIED.) CURVE() GEOMETRIC_REPRESENTATION_ITEM() 
RATIONAL_B_SPLINE_CURVE((1.669078461068,1.03672962321,1.038346699848,
    0.853534330196,1.038346699848,1.03672962321,1.669078461068)) 
REPRESENTATION_ITEM('') );
#5967 = CARTESIAN_POINT('',(2.472E-02,6.268E-02));
#5968 = CARTESIAN_POINT('',(2.771077753603E-02,6.268E-02));
#5969 = CARTESIAN_POINT('',(2.814020228984E-02,5.898181325701E-02));
#5970 = CARTESIAN_POINT('',(2.472E-02,5.593158954218E-02));
#5971 = CARTESIAN_POINT('',(2.129979771016E-02,5.898181325701E-02));
#5972 = CARTESIAN_POINT('',(2.172922246397E-02,6.268E-02));
#5973 = CARTESIAN_POINT('',(2.472E-02,6.268E-02));
#5974 = ( GEOMETRIC_REPRESENTATION_CONTEXT(2) 
PARAMETRIC_REPRESENTATION_CONTEXT() REPRESENTATION_CONTEXT('2D SPACE',''
  ) );
#5975 = PCURVE('',#4255,#5976);
#5976 = DEFINITIONAL_REPRESENTATION('',(#5977),#5981);
#5977 = LINE('',#5978,#5979);
#5978 = CARTESIAN_POINT('',(0.,0.));
#5979 = VECTOR('',#5980,1.);
#5980 = DIRECTION('',(1.,0.));
#5981 = ( GEOMETRIC_REPRESENTATION_CONTEXT(2) 
PARAMETRIC_REPRESENTATION_CONTEXT() REPRESENTATION_CONTEXT('2D SPACE',''
  ) );
#5982 = ADVANCED_FACE('',(#5983),#4141,.T.);
#5983 = FACE_BOUND('',#5984,.T.);
#5984 = EDGE_LOOP('',(#5985,#5986,#5987,#6010));
#5985 = ORIENTED_EDGE('',*,*,#4127,.F.);
#5986 = ORIENTED_EDGE('',*,*,#4180,.T.);
#5987 = ORIENTED_EDGE('',*,*,#5988,.T.);
#5988 = EDGE_CURVE('',#4181,#5989,#5991,.T.);
#5989 = VERTEX_POINT('',#5990);
#5990 = CARTESIAN_POINT('',(4.432E-02,4.432E-02,4.432E-02));
#5991 = SURFACE_CURVE('',#5992,(#5996,#6003),.PCURVE_S1.);
#5992 = LINE('',#5993,#5994);
#5993 = CARTESIAN_POINT('',(4.432E-02,-4.432E-02,4.432E-02));
#5994 = VECTOR('',#5995,1.);
#5995 = DIRECTION('',(-0.,1.,0.));
#5996 = PCURVE('',#4141,#5997);
#5997 = DEFINITIONAL_REPRESENTATION('',(#5998),#6002);
#5998 = LINE('',#5999,#6000);
#5999 = CARTESIAN_POINT('',(8.864E-02,0.));
#6000 = VECTOR('',#6001,1.);
#6001 = DIRECTION('',(0.,1.));
#6002 = ( GEOMETRIC_REPRESENTATION_CONTEXT(2) 
PARAMETRIC_REPRESENTATION_CONTEXT() REPRESENTATION_CONTEXT('2D SPACE',''
  ) );
#6003 = PCURVE('',#4217,#6004);
#6004 = DEFINITIONAL_REPRESENTATION('',(#6005),#6009);
#6005 = LINE('',#6006,#6007);
#6006 = CARTESIAN_POINT('',(8.864E-02,0.));
#6007 = VECTOR('',#6008,1.);
#6008 = DIRECTION('',(0.,-1.));
#6009 = ( GEOMETRIC_REPRESENTATION_CONTEXT(2) 
PARAMETRIC_REPRESENTATION_CONTEXT() REPRESENTATION_CONTEXT('2D SPACE',''
  ) );
#6010 = ORIENTED_EDGE('',*,*,#6011,.F.);
#6011 = EDGE_CURVE('',#4100,#5989,#6012,.T.);
#6012 = SURFACE_CURVE('',#6013,(#6017,#6024),.PCURVE_S1.);
#6013 = LINE('',#6014,#6015);
#6014 = CARTESIAN_POINT('',(-4.432E-02,4.432E-02,4.432E-02));
#6015 = VECTOR('',#6016,1.);
#6016 = DIRECTION('',(1.,0.,-0.));
#6017 = PCURVE('',#4141,#6018);
#6018 = DEFINITIONAL_REPRESENTATION('',(#6019),#6023);
#6019 = LINE('',#6020,#6021);
#6020 = CARTESIAN_POINT('',(0.,8.864E-02));
#6021 = VECTOR('',#6022,1.);
#6022 = DIRECTION('',(1.,0.));
#6023 = ( GEOMETRIC_REPRESENTATION_CONTEXT(2) 
PARAMETRIC_REPRESENTATION_CONTEXT() REPRESENTATION_CONTEXT('2D SPACE',''
  ) );
#6024 = PCURVE('',#4115,#6025);
#6025 = DEFINITIONAL_REPRESENTATION('',(#6026),#6030);
#6026 = LINE('',#6027,#6028);
#6027 = CARTESIAN_POINT('',(8.864E-02,0.));
#6028 = VECTOR('',#6029,1.);
#6029 = DIRECTION('',(0.,1.));
#6030 = ( GEOMETRIC_REPRESENTATION_CONTEXT(2) 
PARAMETRIC_REPRESENTATION_CONTEXT() REPRESENTATION_CONTEXT('2D SPACE',''
  ) );
#6031 = ADVANCED_FACE('',(#6032),#4115,.T.);
#6032 = FACE_BOUND('',#6033,.T.);
#6033 = EDGE_LOOP('',(#6034,#6057,#6058,#6059));
#6034 = ORIENTED_EDGE('',*,*,#6035,.F.);
#6035 = EDGE_CURVE('',#4072,#6036,#6038,.T.);
#6036 = VERTEX_POINT('',#6037);
#6037 = CARTESIAN_POINT('',(4.432E-02,4.432E-02,-4.432E-02));
#6038 = SURFACE_CURVE('',#6039,(#6043,#6050),.PCURVE_S1.);
#6039 = LINE('',#6040,#6041);
#6040 = CARTESIAN_POINT('',(-4.432E-02,4.432E-02,-4.432E-02));
#6041 = VECTOR('',#6042,1.);
#6042 = DIRECTION('',(1.,0.,-0.));
#6043 = PCURVE('',#4115,#6044);
#6044 = DEFINITIONAL_REPRESENTATION('',(#6045),#6049);
#6045 = LINE('',#6046,#6047);
#6046 = CARTESIAN_POINT('',(0.,0.));
#6047 = VECTOR('',#6048,1.);
#6048 = DIRECTION('',(0.,1.));
#6049 = ( GEOMETRIC_REPRESENTATION_CONTEXT(2) 
PARAMETRIC_REPRESENTATION_CONTEXT() REPRESENTATION_CONTEXT('2D SPACE',''
  ) );
#6050 = PCURVE('',#4087,#6051);
#6051 = DEFINITIONAL_REPRESENTATION('',(#6052),#6056);
#6052 = LINE('',#6053,#6054);
#6053 = CARTESIAN_POINT('',(0.,8.864E-02));
#6054 = VECTOR('',#6055,1.);
#6055 = DIRECTION('',(1.,0.));
#6056 = ( GEOMETRIC_REPRESENTATION_CONTEXT(2) 
PARAMETRIC_REPRESENTATION_CONTEXT() REPRESENTATION_CONTEXT('2D SPACE',''
  ) );
#6057 = ORIENTED_EDGE('',*,*,#4099,.T.);
#6058 = ORIENTED_EDGE('',*,*,#6011,.T.);
#6059 = ORIENTED_EDGE('',*,*,#6060,.F.);
#6060 = EDGE_CURVE('',#6036,#5989,#6061,.T.);
#6061 = SURFACE_CURVE('',#6062,(#6066,#6073),.PCURVE_S1.);
#6062 = LINE('',#6063,#6064);
#6063 = CARTESIAN_POINT('',(4.432E-02,4.432E-02,-4.432E-02));
#6064 = VECTOR('',#6065,1.);
#6065 = DIRECTION('',(0.,0.,1.));
#6066 = PCURVE('',#4115,#6067);
#6067 = DEFINITIONAL_REPRESENTATION('',(#6068),#6072);
#6068 = LINE('',#6069,#6070);
#6069 = CARTESIAN_POINT('',(0.,8.864E-02));
#6070 = VECTOR('',#6071,1.);
#6071 = DIRECTION('',(1.,0.));
#6072 = ( GEOMETRIC_REPRESENTATION_CONTEXT(2) 
PARAMETRIC_REPRESENTATION_CONTEXT() REPRESENTATION_CONTEXT('2D SPACE',''
  ) );
#6073 = PCURVE('',#4217,#6074);
#6074 = DEFINITIONAL_REPRESENTATION('',(#6075),#6079);
#6075 = LINE('',#6076,#6077);
#6076 = CARTESIAN_POINT('',(0.,-8.864E-02));
#6077 = VECTOR('',#6078,1.);
#6078 = DIRECTION('',(1.,0.));
#6079 = ( GEOMETRIC_REPRESENTATION_CONTEXT(2) 
PARAMETRIC_REPRESENTATION_CONTEXT() REPRESENTATION_CONTEXT('2D SPACE',''
  ) );
#6080 = ADVANCED_FACE('',(#6081),#4087,.F.);
#6081 = FACE_BOUND('',#6082,.F.);
#6082 = EDGE_LOOP('',(#6083,#6084,#6085,#6106));
#6083 = ORIENTED_EDGE('',*,*,#4071,.F.);
#6084 = ORIENTED_EDGE('',*,*,#4156,.T.);
#6085 = ORIENTED_EDGE('',*,*,#6086,.T.);
#6086 = EDGE_CURVE('',#4157,#6036,#6087,.T.);
#6087 = SURFACE_CURVE('',#6088,(#6092,#6099),.PCURVE_S1.);
#6088 = LINE('',#6089,#6090);
#6089 = CARTESIAN_POINT('',(4.432E-02,-4.432E-02,-4.432E-02));
#6090 = VECTOR('',#6091,1.);
#6091 = DIRECTION('',(-0.,1.,0.));
#6092 = PCURVE('',#4087,#6093);
#6093 = DEFINITIONAL_REPRESENTATION('',(#6094),#6098);
#6094 = LINE('',#6095,#6096);
#6095 = CARTESIAN_POINT('',(8.864E-02,0.));
#6096 = VECTOR('',#6097,1.);
#6097 = DIRECTION('',(0.,1.));
#6098 = ( GEOMETRIC_REPRESENTATION_CONTEXT(2) 
PARAMETRIC_REPRESENTATION_CONTEXT() REPRESENTATION_CONTEXT('2D SPACE',''
  ) );
#6099 = PCURVE('',#4217,#6100);
#6100 = DEFINITIONAL_REPRESENTATION('',(#6101),#6105);
#6101 = LINE('',#6102,#6103);
#6102 = CARTESIAN_POINT('',(0.,0.));
#6103 = VECTOR('',#6104,1.);
#6104 = DIRECTION('',(0.,-1.));
#6105 = ( GEOMETRIC_REPRESENTATION_CONTEXT(2) 
PARAMETRIC_REPRESENTATION_CONTEXT() REPRESENTATION_CONTEXT('2D SPACE',''
  ) );
#6106 = ORIENTED_EDGE('',*,*,#6035,.F.);
#6107 = ADVANCED_FACE('',(#6108),#4217,.T.);
#6108 = FACE_BOUND('',#6109,.T.);
#6109 = EDGE_LOOP('',(#6110,#6111,#6112,#6113));
#6110 = ORIENTED_EDGE('',*,*,#4203,.F.);
#6111 = ORIENTED_EDGE('',*,*,#6086,.T.);
#6112 = ORIENTED_EDGE('',*,*,#6060,.T.);
#6113 = ORIENTED_EDGE('',*,*,#5988,.F.);
#6114 = ADVANCED_FACE('',(#6115),#4255,.T.);
#6115 = FACE_BOUND('',#6116,.T.);
#6116 = EDGE_LOOP('',(#6117,#6375,#6376,#6377));
#6117 = ORIENTED_EDGE('',*,*,#6118,.T.);
#6118 = EDGE_CURVE('',#5953,#4232,#6119,.T.);
#6119 = SEAM_CURVE('',#6120,(#6362,#6368),.PCURVE_S1.);
#6120 = ( BOUNDED_CURVE() B_SPLINE_CURVE(10,(#6121,#6122,#6123,#6124,
    #6125,#6126,#6127,#6128,#6129,#6130,#6131,#6132,#6133,#6134,#6135,
    #6136,#6137,#6138,#6139,#6140,#6141,#6142,#6143,#6144,#6145,#6146,
    #6147,#6148,#6149,#6150,#6151,#6152,#6153,#6154,#6155,#6156,#6157,
    #6158,#6159,#6160,#6161,#6162,#6163,#6164,#6165,#6166,#6167,#6168,
    #6169,#6170,#6171,#6172,#6173,#6174,#6175,#6176,#6177,#6178,#6179,
    #6180,#6181,#6182,#6183,#6184,#6185,#6186,#6187,#6188,#6189,#6190,
    #6191,#6192,#6193,#6194,#6195,#6196,#6197,#6198,#6199,#6200,#6201,
    #6202,#6203,#6204,#6205,#6206,#6207,#6208,#6209,#6210,#6211,#6212,
    #6213,#6214,#6215,#6216,#6217,#6218,#6219,#6220,#6221,#6222,#6223,
    #6224,#6225,#6226,#6227,#6228,#6229,#6230,#6231,#6232,#6233,#6234,
    #6235,#6236,#6237,#6238,#6239,#6240,#6241,#6242,#6243,#6244,#6245,
    #6246,#6247,#6248,#6249,#6250,#6251,#6252,#6253,#6254,#6255,#6256,
    #6257,#6258,#6259,#6260,#6261,#6262,#6263,#6264,#6265,#6266,#6267,
    #6268,#6269,#6270,#6271,#6272,#6273,#6274,#6275,#6276,#6277,#6278,
    #6279,#6280,#6281,#6282,#6283,#6284,#6285,#6286,#6287,#6288,#6289,
    #6290,#6291,#6292,#6293,#6294,#6295,#6296,#6297,#6298,#6299,#6300,
    #6301,#6302,#6303,#6304,#6305,#6306,#6307,#6308,#6309,#6310,#6311,
    #6312,#6313,#6314,#6315,#6316,#6317,#6318,#6319,#6320,#6321,#6322,
    #6323,#6324,#6325,#6326,#6327,#6328,#6329,#6330,#6331,#6332,#6333,
    #6334,#6335,#6336,#6337,#6338,#6339,#6340,#6341,#6342,#6343,#6344,
    #6345,#6346,#6347,#6348,#6349,#6350,#6351,#6352,#6353,#6354,#6355,
    #6356,#6357,#6358,#6359,#6360,#6361),.UNSPECIFIED.,.F.,.F.) 
B_SPLINE_CURVE_WITH_KNOTS((11,10,10,10,10,10,10,10,10,10,10,10,10,10,10,
    10,10,10,10,10,10,10,10,10,11),(0.,3.,6.,13.,27.,40.,54.,67.,81.,94.
    ,101.,104.,108.,111.,114.,121.,135.,148.,162.,175.,189.,203.,210.,
213.,217.),.UNSPECIFIED.) CURVE() GEOMETRIC_REPRESENTATION_ITEM() 
RATIONAL_B_SPLINE_CURVE((1.669078461068,1.669078461068,1.669078461068,
    1.669078461068,1.669078461069,1.669078461068,1.669078461069,
    1.669078461068,1.669078461068,1.669078461068,1.669078461068,
    1.669078461068,1.669078461069,1.669078461067,1.669078461069,
    1.669078461067,1.669078461069,1.669078461068,1.669078461068,
    1.669078461068,1.669078461068,1.669078461068,1.669078461069,
    1.669078461068,1.669078461069,1.669078461067,1.669078461069,
    1.669078461068,1.669078461068,1.669078461068,1.669078461068,
    1.669078461068,1.669078461069,1.669078461068,1.669078461069,
    1.669078461067,1.669078461069,1.669078461068,1.669078461068,
    1.669078461068,1.669078461068,1.669078461068,1.669078461068,
    1.669078461068,1.669078461068,1.669078461068,1.669078461068,
    1.669078461068,1.669078461068,1.669078461068,1.669078461068,
    1.669078461068,1.669078461068,1.669078461068,1.669078461069,
    1.669078461068,1.669078461069,1.669078461068,1.669078461068,
    1.669078461068,1.669078461068,1.669078461068,1.669078461068,
    1.669078461068,1.669078461068,1.669078461068,1.669078461068,
    1.669078461068,1.669078461068,1.669078461068,1.669078461068,
    1.669078461068,1.669078461068,1.669078461069,1.669078461067,
    1.66907846107,1.669078461067,1.669078461069,1.669078461068,
    1.669078461068,1.669078461068,1.669078461068,1.669078461068,
    1.669078461069,1.669078461068,1.669078461069,1.669078461068,
    1.669078461069,1.669078461068,1.669078461068,1.669078461068,
    1.669078461068,1.669078461069,1.669078461067,1.66907846107,
    1.669078461067,1.669078461069,1.669078461068,1.669078461068,
    1.669078461068,1.669078461068,1.669078461068,1.669078461069,
    1.669078461067,1.66907846107,1.669078461067,1.669078461069,
    1.669078461068,1.669078461068,1.669078461068,1.669078461068,
    1.669078461068,1.669078461068,1.669078461068,1.669078461069,
    1.669078461068,1.669078461068,1.669078461068,1.669078461068,
    1.669078461068,1.669078461068,1.669078461068,1.669078461069,
    1.669078461067,1.66907846107,1.669078461067,1.669078461069,
    1.669078461068,1.669078461068,1.669078461068,1.669078461068,
    1.669078461068,1.669078461069,1.669078461067,1.66907846107,
    1.669078461067,1.669078461069,1.669078461068,1.669078461068,
    1.669078461068,1.669078461068,1.669078461068,1.669078461069,
    1.669078461067,1.66907846107,1.669078461067,1.669078461069,
    1.669078461068,1.669078461068,1.669078461068,1.669078461068,
    1.669078461068,1.669078461068,1.669078461069,1.669078461067,
    1.66907846107,1.669078461067,1.669078461069,1.669078461068,
    1.669078461068,1.669078461068,1.669078461068,1.669078461068,
    1.669078461069,1.669078461067,1.669078461069,1.669078461067,
    1.669078461069,1.669078461068,1.669078461068,1.669078461068,
    1.669078461068,1.669078461069,1.669078461067,1.66907846107,
    1.669078461067,1.669078461069,1.669078461068,1.669078461068,
    1.669078461068,1.669078461068,1.669078461068,1.669078461068,
    1.669078461069,1.669078461067,1.66907846107,1.669078461067,
    1.669078461069,1.669078461068,1.669078461068,1.669078461068,
    1.669078461068,1.669078461069,1.669078461067,1.66907846107,
    1.669078461067,1.669078461069,1.669078461068,1.669078461068,
    1.669078461068,1.669078461068,1.669078461068,1.669078461069,
    1.669078461067,1.66907846107,1.669078461067,1.669078461069,
    1.669078461068,1.669078461068,1.669078461068,1.669078461068,
    1.669078461068,1.669078461068,1.669078461068,1.669078461069,
    1.669078461068,1.669078461069,1.669078461068,1.669078461068,
    1.669078461068,1.669078461068,1.669078461068,1.669078461068,
    1.669078461068,1.669078461069,1.669078461068,1.669078461068,
    1.669078461068,1.669078461068,1.669078461068,1.669078461068,
    1.669078461068,1.669078461068,1.669078461068,1.669078461068,
    1.669078461068,1.669078461068,1.669078461068,1.669078461068,
1.669078461068,1.669078461068)) REPRESENTATION_ITEM('') );
#6121 = CARTESIAN_POINT('',(1.836E-02,-4.432E-02,-1.96E-02));
#6122 = CARTESIAN_POINT('',(1.835810139144E-02,-3.640884032777E-02,
    -1.95997401678E-02));
#6123 = CARTESIAN_POINT('',(1.837083449834E-02,-3.070734835401E-02,
    -1.960148274456E-02));
#6124 = CARTESIAN_POINT('',(1.833487845131E-02,-2.812291674384E-02,
    -1.95965620153E-02));
#6125 = CARTESIAN_POINT('',(1.83801449599E-02,-2.482202026989E-02,
    -1.960275691857E-02));
#6126 = CARTESIAN_POINT('',(1.838238285167E-02,-2.195998030159E-02,
    -1.960306318303E-02));
#6127 = CARTESIAN_POINT('',(1.83102373172E-02,-2.011737077866E-02,
    -1.959318977725E-02));
#6128 = CARTESIAN_POINT('',(1.834012316903E-02,-1.645205445178E-02,
    -1.959727977595E-02));
#6129 = CARTESIAN_POINT('',(1.849109865426E-02,-9.731179202316E-03,
    -1.96179413767E-02));
#6130 = CARTESIAN_POINT('',(1.831075359504E-02,-5.562805282056E-03,
    -1.959326043194E-02));
#6131 = CARTESIAN_POINT('',(1.792195286291E-02,-1.302175343443E-03,
    -1.95400514922E-02));
#6132 = CARTESIAN_POINT('',(1.750525468356E-02,2.818990273204E-03,
    -1.948513817806E-02));
#6133 = CARTESIAN_POINT('',(1.688268069494E-02,6.17164277692E-03,
    -1.939669575458E-02));
#6134 = CARTESIAN_POINT('',(1.580875266429E-02,8.857316777544E-03,
    -1.926331556312E-02));
#6135 = CARTESIAN_POINT('',(1.418944356598E-02,1.130275456424E-02,
    -1.913104080574E-02));
#6136 = CARTESIAN_POINT('',(1.205858675618E-02,1.360874490211E-02,
    -1.901908901536E-02));
#6137 = CARTESIAN_POINT('',(9.527270908662E-03,1.554036642794E-02,
    -1.891204826696E-02));
#6138 = CARTESIAN_POINT('',(6.727814154565E-03,1.683324810985E-02,
    -1.879049594368E-02));
#6139 = CARTESIAN_POINT('',(3.773910868546E-03,1.749045923483E-02,
    -1.866198887188E-02));
#6140 = CARTESIAN_POINT('',(7.585445439974E-04,1.774464138925E-02,
    -1.855437363918E-02));
#6141 = CARTESIAN_POINT('',(-2.188739800005E-03,1.735999489632E-02,
    -1.843336590952E-02));
#6142 = CARTESIAN_POINT('',(-9.041309411553E-03,1.644073910047E-02,
    -1.815815647116E-02));
#6143 = CARTESIAN_POINT('',(-1.556810288641E-02,1.269024592251E-02,
    -1.788302078103E-02));
#6144 = CARTESIAN_POINT('',(-2.01733246105E-02,5.867738597502E-03,
    -1.760791900127E-02));
#6145 = CARTESIAN_POINT('',(-2.146078948776E-02,-2.719968242343E-03,
    -1.733284555228E-02));
#6146 = CARTESIAN_POINT('',(-1.882843945099E-02,-1.112730253393E-02,
    -1.705781620458E-02));
#6147 = CARTESIAN_POINT('',(-1.272757235156E-02,-1.747929632394E-02,
    -1.678285624295E-02));
#6148 = CARTESIAN_POINT('',(-4.586783228041E-03,-2.048147488388E-02,
    -1.650798970304E-02));
#6149 = CARTESIAN_POINT('',(3.599382046221E-03,-1.973027339919E-02,
    -1.623322968008E-02));
#6150 = CARTESIAN_POINT('',(1.001706073674E-02,-1.582398123303E-02,
    -1.595856971014E-02));
#6151 = CARTESIAN_POINT('',(1.411499484246E-02,-1.027421376413E-02,
    -1.568397622351E-02));
#6152 = CARTESIAN_POINT('',(2.234082390535E-02,9.076623847309E-04,
    -1.513480165765E-02));
#6153 = CARTESIAN_POINT('',(1.98646246651E-02,1.927151395525E-02,
    -1.458616567859E-02));
#6154 = CARTESIAN_POINT('',(3.796670919955E-03,3.455980552829E-02,
    -1.403771778362E-02));
#6155 = CARTESIAN_POINT('',(-3.278546710962E-02,3.160322955723E-02,
    -1.349046292252E-02));
#6156 = CARTESIAN_POINT('',(-4.588360858673E-02,-8.832769382476E-03,
    -1.294325557705E-02));
#6157 = CARTESIAN_POINT('',(-1.861837831524E-02,-4.136525328702E-02,
    -1.239677049517E-02));
#6158 = CARTESIAN_POINT('',(1.614491311075E-02,-3.046774217461E-02,
    -1.185168754953E-02));
#6159 = CARTESIAN_POINT('',(2.533861339825E-02,-1.054481157415E-02,
    -1.130686081641E-02));
#6160 = CARTESIAN_POINT('',(2.089989139128E-02,7.268297482693E-03,
    -1.076327076566E-02));
#6161 = CARTESIAN_POINT('',(9.274704326392E-03,1.454690661015E-02,
    -1.022058341294E-02));
#6162 = CARTESIAN_POINT('',(-1.662578902338E-03,2.138807851736E-02,
    -9.716647498599E-03));
#6163 = CARTESIAN_POINT('',(-1.669180339671E-02,1.906182137777E-02,
    -9.213699557165E-03));
#6164 = CARTESIAN_POINT('',(-3.311757481771E-02,4.499586975774E-03,
    -8.711493226025E-03));
#6165 = CARTESIAN_POINT('',(-2.819194422923E-02,-2.407963671309E-02,
    -8.210332223784E-03));
#6166 = CARTESIAN_POINT('',(-1.161593172311E-03,-3.971824597658E-02,
    -7.710260212253E-03));
#6167 = CARTESIAN_POINT('',(2.656560216305E-02,-2.559038344642E-02,
    -7.211203540007E-03));
#6168 = CARTESIAN_POINT('',(3.296065153044E-02,2.478870114E-03,
    -6.713216617763E-03));
#6169 = CARTESIAN_POINT('',(1.763469107705E-02,1.766012180334E-02,
    -6.216446630276E-03));
#6170 = CARTESIAN_POINT('',(3.024389976073E-03,2.088879341561E-02,
    -5.720901244037E-03));
#6171 = CARTESIAN_POINT('',(-8.106979202207E-03,1.485546774041E-02,
    -5.22656992447E-03));
#6172 = CARTESIAN_POINT('',(-1.993755837995E-02,8.439371968968E-03,
    -4.694205451854E-03));
#6173 = CARTESIAN_POINT('',(-2.532109253033E-02,-8.658092907075E-03,
    -4.163371224964E-03));
#6174 = CARTESIAN_POINT('',(-1.752642674739E-02,-2.869015279577E-02,
    -3.633838587651E-03));
#6175 = CARTESIAN_POINT('',(1.573230512214E-02,-4.095861461386E-02,
    -3.106232912302E-03));
#6176 = CARTESIAN_POINT('',(4.354225482606E-02,-1.099549218274E-02,
    -2.579870831216E-03));
#6177 = CARTESIAN_POINT('',(3.295898963171E-02,2.835597339792E-02,
    -2.055145907848E-03));
#6178 = CARTESIAN_POINT('',(-1.574793105768E-03,3.293119876204E-02,
    -1.5324705826E-03));
#6179 = CARTESIAN_POINT('',(-1.761360331373E-02,1.944295740586E-02,
    -1.011166663113E-03));
#6180 = CARTESIAN_POINT('',(-2.100508375171E-02,2.240230940003E-03,
    -4.917881220966E-04));
#6181 = CARTESIAN_POINT('',(-1.392819365725E-02,-8.762199847947E-03,
    2.584148325672E-05));
#6182 = CARTESIAN_POINT('',(-7.467892714078E-03,-1.901013619687E-02,
    5.065469883409E-04));
#6183 = CARTESIAN_POINT('',(7.532912188124E-03,-2.3625128263E-02,
    9.853973936944E-04));
#6184 = CARTESIAN_POINT('',(2.492866777697E-02,-1.642618441828E-02,
    1.463441713269E-03));
#6185 = CARTESIAN_POINT('',(3.555111389239E-02,8.563044592236E-03,
    1.938808683103E-03));
#6186 = CARTESIAN_POINT('',(1.697724285065E-02,3.361133806667E-02,
    2.413330103405E-03));
#6187 = CARTESIAN_POINT('',(-1.407748091178E-02,3.336111202301E-02,
    2.886298205037E-03));
#6188 = CARTESIAN_POINT('',(-2.741121086494E-02,1.028701808741E-02,
    3.356809621988E-03));
#6189 = CARTESIAN_POINT('',(-2.305800282319E-02,-7.555582997233E-03,
    3.826538933075E-03));
#6190 = CARTESIAN_POINT('',(-1.078444445753E-02,-1.67002725677E-02,
    4.294068914114E-03));
#6191 = CARTESIAN_POINT('',(9.310023989348E-04,-1.592553718943E-02,
    4.760082615543E-03));
#6192 = CARTESIAN_POINT('',(1.359837188912E-02,-1.519844104821E-02,
    5.261924714581E-03));
#6193 = CARTESIAN_POINT('',(2.503230967701E-02,-2.79180779045E-03,
    5.761790713253E-03));
#6194 = CARTESIAN_POINT('',(2.641768288778E-02,1.743396177976E-02,
    6.259705864652E-03));
#6195 = CARTESIAN_POINT('',(2.943405807299E-03,4.109980384829E-02,
    6.755647430065E-03));
#6196 = CARTESIAN_POINT('',(-3.259805290705E-02,2.668881224368E-02,
    7.24959288473E-03));
#6197 = CARTESIAN_POINT('',(-3.923338128879E-02,-1.092562903352E-02,
    7.741570224974E-03));
#6198 = CARTESIAN_POINT('',(-1.179899728786E-02,-2.852450388239E-02,
    8.231581550837E-03));
#6199 = CARTESIAN_POINT('',(7.168329537194E-03,-2.348561673343E-02,
    8.71959542735E-03));
#6200 = CARTESIAN_POINT('',(1.688246728191E-02,-1.027052823539E-02,
    9.205681968573E-03));
#6201 = CARTESIAN_POINT('',(1.527641518352E-02,1.858869921412E-03,
    9.689797142592E-03));
#6202 = CARTESIAN_POINT('',(1.388978796381E-02,1.310268640844E-02,
    1.013931168977E-02));
#6203 = CARTESIAN_POINT('',(3.033638647862E-03,2.298283195489E-02,
    1.058734747654E-02));
#6204 = CARTESIAN_POINT('',(-1.454325964755E-02,2.379695884012E-02,
    1.103311752687E-02));
#6205 = CARTESIAN_POINT('',(-3.345287616178E-02,6.893977552381E-03,
    1.14782364918E-02));
#6206 = CARTESIAN_POINT('',(-2.769646681051E-02,-2.16493794416E-02,
    1.192082054808E-02));
#6207 = CARTESIAN_POINT('',(-1.361997663625E-03,-3.377395856625E-02,
    1.236186734021E-02));
#6208 = CARTESIAN_POINT('',(1.905260533343E-02,-1.957887455511E-02,
    1.280218114608E-02));
#6209 = CARTESIAN_POINT('',(2.248318272476E-02,-2.785724634779E-03,
    1.323972329995E-02));
#6210 = CARTESIAN_POINT('',(1.574415777359E-02,9.820184406332E-03,
    1.367655853451E-02));
#6211 = CARTESIAN_POINT('',(5.54142981037E-03,1.382251664343E-02,
    1.41115343057E-02));
#6212 = CARTESIAN_POINT('',(5.438409030255E-05,1.594657480702E-02,
    1.43457818738E-02));
#6213 = CARTESIAN_POINT('',(-6.347506658527E-03,1.582108593066E-02,
    1.457959428275E-02));
#6214 = CARTESIAN_POINT('',(-1.255589209724E-02,1.262258301095E-02,
    1.481297555232E-02));
#6215 = CARTESIAN_POINT('',(-1.700398005661E-02,6.766096620102E-03,
    1.504592030925E-02));
#6216 = CARTESIAN_POINT('',(-1.846513305682E-02,-5.387462366211E-04,
    1.527842725124E-02));
#6217 = CARTESIAN_POINT('',(-1.652454259217E-02,-7.715048298852E-03,
    1.551050508194E-02));
#6218 = CARTESIAN_POINT('',(-1.172398118086E-02,-1.322939326417E-02,
    1.574217091756E-02));
#6219 = CARTESIAN_POINT('',(-5.379632179547E-03,-1.598602203625E-02,
    1.597344116443E-02));
#6220 = CARTESIAN_POINT('',(9.270026370622E-04,-1.570443400842E-02,
    1.620431486814E-02));
#6221 = CARTESIAN_POINT('',(6.185117731625E-03,-1.328041338222E-02,
    1.643474953381E-02));
#6222 = CARTESIAN_POINT('',(8.435480699955E-03,-1.224463347023E-02,
    1.65324542496E-02));
#6223 = CARTESIAN_POINT('',(1.047349019759E-02,-1.071422032971E-02,
    1.66331003194E-02));
#6224 = CARTESIAN_POINT('',(1.223240427553E-02,-8.842310657934E-03,
    1.673222984114E-02));
#6225 = CARTESIAN_POINT('',(1.363556197068E-02,-6.709168620771E-03,
    1.682913331959E-02));
#6226 = CARTESIAN_POINT('',(1.460681239898E-02,-4.353321993581E-03,
    1.69254960085E-02));
#6227 = CARTESIAN_POINT('',(1.508094384841E-02,-1.802698302054E-03,
    1.702404425245E-02));
#6228 = CARTESIAN_POINT('',(1.501411287226E-02,8.942390369644E-04,
    1.712719182906E-02));
#6229 = CARTESIAN_POINT('',(1.439427338203E-02,3.637354574561E-03,
    1.723568629084E-02));
#6230 = CARTESIAN_POINT('',(1.325160574071E-02,6.243704688973E-03,
    1.734725530738E-02));
#6231 = CARTESIAN_POINT('',(1.16689458558E-02,8.416401444679E-03,
    1.745525300725E-02));
#6232 = CARTESIAN_POINT('',(9.54378846606E-03,1.132755296242E-02,
    1.760042887598E-02));
#6233 = CARTESIAN_POINT('',(6.605432768981E-03,1.369141568352E-02,
    1.7745555757E-02));
#6234 = CARTESIAN_POINT('',(3.037941862766E-03,1.518310931773E-02,
    1.789053577758E-02));
#6235 = CARTESIAN_POINT('',(-8.779399061184E-04,1.561984308062E-02,
    1.803534000849E-02));
#6236 = CARTESIAN_POINT('',(-4.80745687413E-03,1.494598851263E-02,
    1.817998677355E-02));
#6237 = CARTESIAN_POINT('',(-8.404511991866E-03,1.321815229774E-02,
    1.832451995912E-02));
#6238 = CARTESIAN_POINT('',(-1.135433675527E-02,1.059024908264E-02,
    1.846898732364E-02));
#6239 = CARTESIAN_POINT('',(-1.341616113681E-02,7.298574295384E-03,
    1.861341880711E-02));
#6240 = CARTESIAN_POINT('',(-1.446588351673E-02,3.64687696449E-03,
    1.875780484066E-02));
#6241 = CARTESIAN_POINT('',(-1.453874061418E-02,-8.567462291269E-06,
    1.890207465602E-02));
#6242 = CARTESIAN_POINT('',(-1.459121459648E-02,-2.746415390955E-03,
    1.901030044958E-02));
#6243 = CARTESIAN_POINT('',(-1.405258852954E-02,-5.530428364319E-03,
    1.911853342649E-02));
#6244 = CARTESIAN_POINT('',(-1.294252120296E-02,-8.201788808365E-03,
    1.922677785806E-02));
#6245 = CARTESIAN_POINT('',(-1.129972564781E-02,-1.062369704198E-02,
    1.933504531307E-02));
#6246 = CARTESIAN_POINT('',(-9.181969136682E-03,-1.268137127692E-02,
    1.944335465786E-02));
#6247 = CARTESIAN_POINT('',(-6.66607318365E-03,-1.428204761785E-02,
    1.955173205622E-02));
#6248 = CARTESIAN_POINT('',(-3.847913544275E-03,-1.535498006231E-02,
    1.96602109695E-02));
#6249 = CARTESIAN_POINT('',(-8.424202156505E-04,-1.585144050073E-02,
    1.97688321565E-02));
#6250 = CARTESIAN_POINT('',(2.216422563669E-03,-1.574471871644E-02,
    1.987764367359E-02));
#6251 = CARTESIAN_POINT('',(5.175576313606E-03,-1.503012238563E-02,
    1.998670087461E-02));
#6252 = CARTESIAN_POINT('',(8.131489507865E-03,-1.43622702851E-02,
    2.009314181762E-02));
#6253 = CARTESIAN_POINT('',(1.110418244836E-02,-1.283026255547E-02,
    2.021419463251E-02));
#6254 = CARTESIAN_POINT('',(1.373646163858E-02,-1.129998873519E-02,
    2.030465957014E-02));
#6255 = CARTESIAN_POINT('',(1.614381866537E-02,-8.653526606136E-03,
    2.04121904287E-02));
#6256 = CARTESIAN_POINT('',(1.83483582495E-02,-5.26170242784E-03,
    2.05628660498E-02));
#6257 = CARTESIAN_POINT('',(1.990174901833E-02,-1.94180408389E-03,
    2.068772367252E-02));
#6258 = CARTESIAN_POINT('',(2.021085338041E-02,1.2794343037E-03,
    2.068350977057E-02));
#6259 = CARTESIAN_POINT('',(1.931367009579E-02,4.791617341523E-03,
    2.055935117256E-02));
#6260 = CARTESIAN_POINT('',(1.80872003522E-02,8.123443569619E-03,
    2.047949644071E-02));
#6261 = CARTESIAN_POINT('',(1.61028253708E-02,1.098479116521E-02,
    2.037072465893E-02));
#6262 = CARTESIAN_POINT('',(1.150183688825E-02,1.771361945548E-02,
    2.012745919735E-02));
#6263 = CARTESIAN_POINT('',(3.855969105656E-03,2.232325412783E-02,
    1.988375038241E-02));
#6264 = CARTESIAN_POINT('',(-5.947265550742E-03,2.322600628032E-02,
    1.964011920814E-02));
#6265 = CARTESIAN_POINT('',(-1.562706342414E-02,1.92969306082E-02,
    1.939626123148E-02));
#6266 = CARTESIAN_POINT('',(-2.2572679418E-02,1.103256686824E-02,
    1.915203335506E-02));
#6267 = CARTESIAN_POINT('',(-2.487113506375E-02,4.744260751904E-04,
    1.890758930972E-02));
#6268 = CARTESIAN_POINT('',(-2.205273530677E-02,-9.617501791788E-03,
    1.866308742747E-02));
#6269 = CARTESIAN_POINT('',(-1.530784444963E-02,-1.685594179469E-02,
    1.841839429567E-02));
#6270 = CARTESIAN_POINT('',(-6.928371694839E-03,-2.009695297703E-02,
    1.817320788316E-02));
#6271 = CARTESIAN_POINT('',(1.272583273917E-03,-1.960469546039E-02,
    1.792802372919E-02));
#6272 = CARTESIAN_POINT('',(1.761099318834E-02,-1.858332765463E-02,
    1.743755754102E-02));
#6273 = CARTESIAN_POINT('',(3.342963284466E-02,-2.126442825505E-03,
    1.694603333253E-02));
#6274 = CARTESIAN_POINT('',(3.046212101995E-02,2.731846833952E-02,
    1.645407048417E-02));
#6275 = CARTESIAN_POINT('',(2.377972983782E-03,5.527715937886E-02,
    1.596006605678E-02));
#6276 = CARTESIAN_POINT('',(-6.130150569787E-02,3.159030831193E-02,
    1.546661720097E-02));
#6277 = CARTESIAN_POINT('',(-4.394036370524E-02,-3.445246630271E-02,
    1.497076589363E-02));
#6278 = CARTESIAN_POINT('',(-4.245030018477E-03,-4.117671729994E-02,
    1.447472525965E-02));
#6279 = CARTESIAN_POINT('',(2.16627296851E-02,-2.612538090441E-02,
    1.397726342796E-02));
#6280 = CARTESIAN_POINT('',(2.580911576326E-02,-3.314465817835E-03,
    1.347886397558E-02));
#6281 = CARTESIAN_POINT('',(1.686762652496E-02,1.07601913273E-02,
    1.297934804913E-02));
#6282 = CARTESIAN_POINT('',(8.584732863415E-03,2.394930798316E-02,
    1.251557209043E-02));
#6283 = CARTESIAN_POINT('',(-1.139702039459E-02,2.930517612702E-02,
    1.205052054409E-02));
#6284 = CARTESIAN_POINT('',(-3.403095926155E-02,1.909574992774E-02,
    1.158537882451E-02));
#6285 = CARTESIAN_POINT('',(-4.69512707478E-02,-1.817889760594E-02,
    1.111801219368E-02));
#6286 = CARTESIAN_POINT('',(-1.386838326946E-02,-5.018795836766E-02,
    1.065060755179E-02));
#6287 = CARTESIAN_POINT('',(3.112533995425E-02,-3.996849935293E-02,
    1.018226608574E-02));
#6288 = CARTESIAN_POINT('',(3.951701483718E-02,-9.440000298743E-04,
    9.711954858673E-03));
#6289 = CARTESIAN_POINT('',(2.502648814966E-02,1.972959037792E-02,
    9.241751181344E-03));
#6290 = CARTESIAN_POINT('',(4.810280778416E-03,2.541798636682E-02,
    8.769825910612E-03));
#6291 = CARTESIAN_POINT('',(-9.303987262609E-03,1.814609989214E-02,
    8.297110669133E-03));
#6292 = CARTESIAN_POINT('',(-2.4683438041E-02,1.045982361417E-02,
    7.788000453419E-03));
#6293 = CARTESIAN_POINT('',(-3.133966777877E-02,-1.188777467732E-02,
    7.277660472768E-03));
#6294 = CARTESIAN_POINT('',(-2.19108067517E-02,-3.825450142205E-02,
    6.76617275821E-03));
#6295 = CARTESIAN_POINT('',(2.807045192959E-02,-5.435027980577E-02,
    6.253368322615E-03));
#6296 = CARTESIAN_POINT('',(6.237474160696E-02,-4.140736795821E-03,
    5.73942222831E-03));
#6297 = CARTESIAN_POINT('',(3.532011095445E-02,5.04634524612E-02,
    5.224250662016E-03));
#6298 = CARTESIAN_POINT('',(-1.710970693972E-02,4.141211360679E-02,
    4.707750807531E-03));
#6299 = CARTESIAN_POINT('',(-3.009621864552E-02,1.589828154685E-02,
    4.190088426367E-03));
#6300 = CARTESIAN_POINT('',(-2.627062608987E-02,-7.492359692984E-03,
    3.671153731503E-03));
#6301 = CARTESIAN_POINT('',(-1.166672863724E-02,-1.72627378485E-02,
    3.150973370045E-03));
#6302 = CARTESIAN_POINT('',(1.704754112404E-03,-2.64433639607E-02,
    2.667951131894E-03));
#6303 = CARTESIAN_POINT('',(2.301464853806E-02,-2.329606530287E-02,
    2.183872644101E-03));
#6304 = CARTESIAN_POINT('',(4.044047812061E-02,-4.182435545178E-03,
    1.698625756334E-03));
#6305 = CARTESIAN_POINT('',(3.737507637024E-02,3.680573132736E-02,
    1.212513389564E-03));
#6306 = CARTESIAN_POINT('',(-7.502871702449E-03,5.373979135082E-02,
    7.25091151711E-04));
#6307 = CARTESIAN_POINT('',(-4.630630775824E-02,2.534786619748E-02,
    2.366591362802E-04));
#6308 = CARTESIAN_POINT('',(-3.819150720527E-02,-1.545815625809E-02,
    -2.526269849358E-04));
#6309 = CARTESIAN_POINT('',(-1.576582490178E-02,-2.92235297517E-02,
    -7.433291709173E-04));
#6310 = CARTESIAN_POINT('',(5.917837696113E-03,-2.630165192001E-02,
    -1.234814536824E-03));
#6311 = CARTESIAN_POINT('',(1.640701538565E-02,-1.350471969126E-02,
    -1.727471340805E-03));
#6312 = CARTESIAN_POINT('',(2.793563164038E-02,2.09037811725E-04,
    -2.258001398596E-03));
#6313 = CARTESIAN_POINT('',(2.504522913564E-02,2.434227282526E-02,
    -2.789731680268E-03));
#6314 = CARTESIAN_POINT('',(5.131849661483E-03,4.56360022737E-02,
    -3.322757660684E-03));
#6315 = CARTESIAN_POINT('',(-4.934402322889E-02,4.035453398262E-02,
    -3.856797176468E-03));
#6316 = CARTESIAN_POINT('',(-6.133016551807E-02,-2.186053221354E-02,
    -4.39222553001E-03));
#6317 = CARTESIAN_POINT('',(-1.285329917665E-02,-6.284983192135E-02,
    -4.928825619514E-03));
#6318 = CARTESIAN_POINT('',(3.346060122244E-02,-3.245501731929E-02,
    -5.466400466429E-03));
#6319 = CARTESIAN_POINT('',(3.531449522757E-02,-2.758895262749E-03,
    -6.005335906393E-03));
#6320 = CARTESIAN_POINT('',(2.199220498226E-02,1.800794548274E-02,
    -6.545288893382E-03));
#6321 = CARTESIAN_POINT('',(4.013855181061E-03,2.129920618726E-02,
    -7.08641183765E-03));
#6322 = CARTESIAN_POINT('',(-1.372853153578E-02,2.470234056629E-02,
    -7.627517580375E-03));
#6323 = CARTESIAN_POINT('',(-3.511602231869E-02,1.138812511182E-02,
    -8.16979093364E-03));
#6324 = CARTESIAN_POINT('',(-4.015465562978E-02,-2.068611653483E-02,
    -8.712963349754E-03));
#6325 = CARTESIAN_POINT('',(-1.752907077573E-02,-5.867570284089E-02,
    -9.25775191261E-03));
#6326 = CARTESIAN_POINT('',(5.661229939692E-02,-5.034859396726E-02,
    -9.802518642074E-03));
#6327 = CARTESIAN_POINT('',(5.664651834902E-02,2.462319658451E-02,
    -1.034998769275E-02));
#6328 = CARTESIAN_POINT('',(1.566212831327E-02,4.289514659677E-02,
    -1.089673829378E-02));
#6329 = CARTESIAN_POINT('',(-1.590867922911E-02,3.381902397832E-02,
    -1.144568771574E-02));
#6330 = CARTESIAN_POINT('',(-2.665615824709E-02,1.062329761147E-02,
    -1.199506867903E-02));
#6331 = CARTESIAN_POINT('',(-2.095717484474E-02,-6.852480427423E-03,
    -1.254556512881E-02));
#6332 = CARTESIAN_POINT('',(-1.809391246718E-02,-1.560981190105E-02,
    -1.282084716521E-02));
#6333 = CARTESIAN_POINT('',(-1.120512534251E-02,-2.304968594946E-02,
    -1.309620230503E-02));
#6334 = CARTESIAN_POINT('',(-8.969594984983E-04,-2.708229778351E-02,
    -1.337194255185E-02));
#6335 = CARTESIAN_POINT('',(1.087538648437E-02,-2.589478066845E-02,
    -1.364797715892E-02));
#6336 = CARTESIAN_POINT('',(2.106291200482E-02,-1.913442570098E-02,
    -1.392410149478E-02));
#6337 = CARTESIAN_POINT('',(2.686339728354E-02,-8.356593789366E-03,
    -1.420037544564E-02));
#6338 = CARTESIAN_POINT('',(2.695933372036E-02,3.509407063669E-03,
    -1.447703553958E-02));
#6339 = CARTESIAN_POINT('',(2.196164833442E-02,1.344217921009E-02,
    -1.475402376067E-02));
#6340 = CARTESIAN_POINT('',(1.386410022218E-02,1.964250070741E-02,
    -1.503085480284E-02));
#6341 = CARTESIAN_POINT('',(4.809658332683E-03,2.168364487515E-02,
    -1.530818229623E-02));
#6342 = CARTESIAN_POINT('',(9.186155440585E-04,2.256299493926E-02,
    -1.542549066176E-02));
#6343 = CARTESIAN_POINT('',(-3.122708602343E-03,2.261275085842E-02,
    -1.554767118495E-02));
#6344 = CARTESIAN_POINT('',(-7.166448809432E-03,2.19078510384E-02,
    -1.566652627574E-02));
#6345 = CARTESIAN_POINT('',(-1.105117834174E-02,2.043303972065E-02,
    -1.578233451617E-02));
#6346 = CARTESIAN_POINT('',(-1.459015958935E-02,1.817753824737E-02,
    -1.58991274999E-02));
#6347 = CARTESIAN_POINT('',(-1.7586144449E-02,1.520004698411E-02,
    -1.602053697011E-02));
#6348 = CARTESIAN_POINT('',(-1.987272452235E-02,1.166407789903E-02,
    -1.614621225588E-02));
#6349 = CARTESIAN_POINT('',(-2.138223113135E-02,7.843617799958E-03,
    -1.626880800705E-02));
#6350 = CARTESIAN_POINT('',(-2.224018515083E-02,4.09912222805E-03,
    -1.637154222745E-02));
#6351 = CARTESIAN_POINT('',(-2.28862966582E-02,8.238400090534E-04,
    -1.642632460663E-02));
#6352 = CARTESIAN_POINT('',(-2.366069352725E-02,-3.466205757825E-03,
    -1.650158382788E-02));
#6353 = CARTESIAN_POINT('',(-2.389859749483E-02,-7.986006943661E-03,
    -1.652470435955E-02));
#6354 = CARTESIAN_POINT('',(-2.308516355194E-02,-9.201306196065E-03,
    -1.644565134742E-02));
#6355 = CARTESIAN_POINT('',(-2.374253795244E-02,-1.547139879091E-02,
    -1.650953782144E-02));
#6356 = CARTESIAN_POINT('',(-2.367647206657E-02,-1.762780258893E-02,
    -1.650311725425E-02));
#6357 = CARTESIAN_POINT('',(-2.329139045029E-02,-1.996172920711E-02,
    -1.646569336514E-02));
#6358 = CARTESIAN_POINT('',(-2.372225727051E-02,-2.628090371405E-02,
    -1.650756685746E-02));
#6359 = CARTESIAN_POINT('',(-2.347871526513E-02,-2.72957559684E-02,
    -1.648389839701E-02));
#6360 = CARTESIAN_POINT('',(-2.355669632371E-02,-3.373988714149E-02,
    -1.649147693197E-02));
#6361 = CARTESIAN_POINT('',(-2.354502254797E-02,-4.432E-02,
    -1.649034242419E-02));
#6362 = PCURVE('',#4255,#6363);
#6363 = DEFINITIONAL_REPRESENTATION('',(#6364),#6367);
#6364 = B_SPLINE_CURVE_WITH_KNOTS('',1,(#6365,#6366),.UNSPECIFIED.,.F.,
  .F.,(2,2),(0.,217.),.PIECEWISE_BEZIER_KNOTS.);
#6365 = CARTESIAN_POINT('',(6.28318530718,0.));
#6366 = CARTESIAN_POINT('',(6.28318530718,217.));
#6367 = ( GEOMETRIC_REPRESENTATION_CONTEXT(2) 
PARAMETRIC_REPRESENTATION_CONTEXT() REPRESENTATION_CONTEXT('2D SPACE',''
  ) );
#6368 = PCURVE('',#4255,#6369);
#6369 = DEFINITIONAL_REPRESENTATION('',(#6370),#6374);
#6370 = LINE('',#6371,#6372);
#6371 = CARTESIAN_POINT('',(0.,0.));
#6372 = VECTOR('',#6373,1.);
#6373 = DIRECTION('',(0.,1.));
#6374 = ( GEOMETRIC_REPRESENTATION_CONTEXT(2) 
PARAMETRIC_REPRESENTATION_CONTEXT() REPRESENTATION_CONTEXT('2D SPACE',''
  ) );
#6375 = ORIENTED_EDGE('',*,*,#4231,.F.);
#6376 = ORIENTED_EDGE('',*,*,#6118,.F.);
#6377 = ORIENTED_EDGE('',*,*,#5952,.T.);
#6378 = ORIENTED_CLOSED_SHELL('',*,#6379,.F.);
#6379 = CLOSED_SHELL('',(#6380,#6500,#6800,#6847,#7080,#7107,#7134,#7159
    ,#7186,#7213,#7238,#7263,#7290,#7317));
#6380 = ADVANCED_FACE('',(#6381),#6395,.F.);
#6381 = FACE_BOUND('',#6382,.F.);
#6382 = EDGE_LOOP('',(#6383,#6418,#6446,#6474));
#6383 = ORIENTED_EDGE('',*,*,#6384,.F.);
#6384 = EDGE_CURVE('',#6385,#6387,#6389,.T.);
#6385 = VERTEX_POINT('',#6386);
#6386 = CARTESIAN_POINT('',(-3.25E-02,-9.5E-03,-3.35E-02));
#6387 = VERTEX_POINT('',#6388);
#6388 = CARTESIAN_POINT('',(-3.25E-02,-9.5E-03,-1.E-03));
#6389 = SURFACE_CURVE('',#6390,(#6394,#6406),.PCURVE_S1.);
#6390 = LINE('',#6391,#6392);
#6391 = CARTESIAN_POINT('',(-3.25E-02,-9.5E-03,-3.35E-02));
#6392 = VECTOR('',#6393,1.);
#6393 = DIRECTION('',(0.,0.,1.));
#6394 = PCURVE('',#6395,#6400);
#6395 = PLANE('',#6396);
#6396 = AXIS2_PLACEMENT_3D('',#6397,#6398,#6399);
#6397 = CARTESIAN_POINT('',(-3.25E-02,-9.5E-03,-3.35E-02));
#6398 = DIRECTION('',(1.,0.,-0.));
#6399 = DIRECTION('',(0.,0.,1.));
#6400 = DEFINITIONAL_REPRESENTATION('',(#6401),#6405);
#6401 = LINE('',#6402,#6403);
#6402 = CARTESIAN_POINT('',(0.,0.));
#6403 = VECTOR('',#6404,1.);
#6404 = DIRECTION('',(1.,0.));
#6405 = ( GEOMETRIC_REPRESENTATION_CONTEXT(2) 
PARAMETRIC_REPRESENTATION_CONTEXT() REPRESENTATION_CONTEXT('2D SPACE',''
  ) );
#6406 = PCURVE('',#6407,#6412);
#6407 = PLANE('',#6408);
#6408 = AXIS2_PLACEMENT_3D('',#6409,#6410,#6411);
#6409 = CARTESIAN_POINT('',(-3.25E-02,-9.5E-03,-3.35E-02));
#6410 = DIRECTION('',(-0.,1.,0.));
#6411 = DIRECTION('',(0.,0.,1.));
#6412 = DEFINITIONAL_REPRESENTATION('',(#6413),#6417);
#6413 = LINE('',#6414,#6415);
#6414 = CARTESIAN_POINT('',(0.,0.));
#6415 = VECTOR('',#6416,1.);
#6416 = DIRECTION('',(1.,0.));
#6417 = ( GEOMETRIC_REPRESENTATION_CONTEXT(2) 
PARAMETRIC_REPRESENTATION_CONTEXT() REPRESENTATION_CONTEXT('2D SPACE',''
  ) );
#6418 = ORIENTED_EDGE('',*,*,#6419,.T.);
#6419 = EDGE_CURVE('',#6385,#6420,#6422,.T.);
#6420 = VERTEX_POINT('',#6421);
#6421 = CARTESIAN_POINT('',(-3.25E-02,9.5E-03,-3.35E-02));
#6422 = SURFACE_CURVE('',#6423,(#6427,#6434),.PCURVE_S1.);
#6423 = LINE('',#6424,#6425);
#6424 = CARTESIAN_POINT('',(-3.25E-02,-9.5E-03,-3.35E-02));
#6425 = VECTOR('',#6426,1.);
#6426 = DIRECTION('',(-0.,1.,0.));
#6427 = PCURVE('',#6395,#6428);
#6428 = DEFINITIONAL_REPRESENTATION('',(#6429),#6433);
#6429 = LINE('',#6430,#6431);
#6430 = CARTESIAN_POINT('',(0.,0.));
#6431 = VECTOR('',#6432,1.);
#6432 = DIRECTION('',(0.,-1.));
#6433 = ( GEOMETRIC_REPRESENTATION_CONTEXT(2) 
PARAMETRIC_REPRESENTATION_CONTEXT() REPRESENTATION_CONTEXT('2D SPACE',''
  ) );
#6434 = PCURVE('',#6435,#6440);
#6435 = PLANE('',#6436);
#6436 = AXIS2_PLACEMENT_3D('',#6437,#6438,#6439);
#6437 = CARTESIAN_POINT('',(-3.25E-02,-9.5E-03,-3.35E-02));
#6438 = DIRECTION('',(0.,0.,1.));
#6439 = DIRECTION('',(1.,0.,-0.));
#6440 = DEFINITIONAL_REPRESENTATION('',(#6441),#6445);
#6441 = LINE('',#6442,#6443);
#6442 = CARTESIAN_POINT('',(0.,0.));
#6443 = VECTOR('',#6444,1.);
#6444 = DIRECTION('',(0.,1.));
#6445 = ( GEOMETRIC_REPRESENTATION_CONTEXT(2) 
PARAMETRIC_REPRESENTATION_CONTEXT() REPRESENTATION_CONTEXT('2D SPACE',''
  ) );
#6446 = ORIENTED_EDGE('',*,*,#6447,.T.);
#6447 = EDGE_CURVE('',#6420,#6448,#6450,.T.);
#6448 = VERTEX_POINT('',#6449);
#6449 = CARTESIAN_POINT('',(-3.25E-02,9.5E-03,-1.E-03));
#6450 = SURFACE_CURVE('',#6451,(#6455,#6462),.PCURVE_S1.);
#6451 = LINE('',#6452,#6453);
#6452 = CARTESIAN_POINT('',(-3.25E-02,9.5E-03,-3.35E-02));
#6453 = VECTOR('',#6454,1.);
#6454 = DIRECTION('',(0.,0.,1.));
#6455 = PCURVE('',#6395,#6456);
#6456 = DEFINITIONAL_REPRESENTATION('',(#6457),#6461);
#6457 = LINE('',#6458,#6459);
#6458 = CARTESIAN_POINT('',(0.,-1.9E-02));
#6459 = VECTOR('',#6460,1.);
#6460 = DIRECTION('',(1.,0.));
#6461 = ( GEOMETRIC_REPRESENTATION_CONTEXT(2) 
PARAMETRIC_REPRESENTATION_CONTEXT() REPRESENTATION_CONTEXT('2D SPACE',''
  ) );
#6462 = PCURVE('',#6463,#6468);
#6463 = PLANE('',#6464);
#6464 = AXIS2_PLACEMENT_3D('',#6465,#6466,#6467);
#6465 = CARTESIAN_POINT('',(-3.25E-02,9.5E-03,-3.35E-02));
#6466 = DIRECTION('',(-0.,1.,0.));
#6467 = DIRECTION('',(0.,0.,1.));
#6468 = DEFINITIONAL_REPRESENTATION('',(#6469),#6473);
#6469 = LINE('',#6470,#6471);
#6470 = CARTESIAN_POINT('',(0.,0.));
#6471 = VECTOR('',#6472,1.);
#6472 = DIRECTION('',(1.,0.));
#6473 = ( GEOMETRIC_REPRESENTATION_CONTEXT(2) 
PARAMETRIC_REPRESENTATION_CONTEXT() REPRESENTATION_CONTEXT('2D SPACE',''
  ) );
#6474 = ORIENTED_EDGE('',*,*,#6475,.F.);
#6475 = EDGE_CURVE('',#6387,#6448,#6476,.T.);
#6476 = SURFACE_CURVE('',#6477,(#6481,#6488),.PCURVE_S1.);
#6477 = LINE('',#6478,#6479);
#6478 = CARTESIAN_POINT('',(-3.25E-02,-9.5E-03,-1.E-03));
#6479 = VECTOR('',#6480,1.);
#6480 = DIRECTION('',(-0.,1.,0.));
#6481 = PCURVE('',#6395,#6482);
#6482 = DEFINITIONAL_REPRESENTATION('',(#6483),#6487);
#6483 = LINE('',#6484,#6485);
#6484 = CARTESIAN_POINT('',(3.25E-02,0.));
#6485 = VECTOR('',#6486,1.);
#6486 = DIRECTION('',(0.,-1.));
#6487 = ( GEOMETRIC_REPRESENTATION_CONTEXT(2) 
PARAMETRIC_REPRESENTATION_CONTEXT() REPRESENTATION_CONTEXT('2D SPACE',''
  ) );
#6488 = PCURVE('',#6489,#6494);
#6489 = PLANE('',#6490);
#6490 = AXIS2_PLACEMENT_3D('',#6491,#6492,#6493);
#6491 = CARTESIAN_POINT('',(-3.25E-02,-9.5E-03,-1.E-03));
#6492 = DIRECTION('',(0.,0.,1.));
#6493 = DIRECTION('',(1.,0.,-0.));
#6494 = DEFINITIONAL_REPRESENTATION('',(#6495),#6499);
#6495 = LINE('',#6496,#6497);
#6496 = CARTESIAN_POINT('',(0.,0.));
#6497 = VECTOR('',#6498,1.);
#6498 = DIRECTION('',(0.,1.));
#6499 = ( GEOMETRIC_REPRESENTATION_CONTEXT(2) 
PARAMETRIC_REPRESENTATION_CONTEXT() REPRESENTATION_CONTEXT('2D SPACE',''
  ) );
#6500 = ADVANCED_FACE('',(#6501),#6407,.F.);
#6501 = FACE_BOUND('',#6502,.F.);
#6502 = EDGE_LOOP('',(#6503,#6533,#6554,#6555,#6578,#6606,#6634,#6662,
    #6690,#6718,#6746,#6774));
#6503 = ORIENTED_EDGE('',*,*,#6504,.F.);
#6504 = EDGE_CURVE('',#6505,#6507,#6509,.T.);
#6505 = VERTEX_POINT('',#6506);
#6506 = CARTESIAN_POINT('',(3.25E-02,-9.5E-03,-3.35E-02));
#6507 = VERTEX_POINT('',#6508);
#6508 = CARTESIAN_POINT('',(3.25E-02,-9.5E-03,-1.E-03));
#6509 = SURFACE_CURVE('',#6510,(#6514,#6521),.PCURVE_S1.);
#6510 = LINE('',#6511,#6512);
#6511 = CARTESIAN_POINT('',(3.25E-02,-9.5E-03,-3.35E-02));
#6512 = VECTOR('',#6513,1.);
#6513 = DIRECTION('',(0.,0.,1.));
#6514 = PCURVE('',#6407,#6515);
#6515 = DEFINITIONAL_REPRESENTATION('',(#6516),#6520);
#6516 = LINE('',#6517,#6518);
#6517 = CARTESIAN_POINT('',(0.,6.5E-02));
#6518 = VECTOR('',#6519,1.);
#6519 = DIRECTION('',(1.,0.));
#6520 = ( GEOMETRIC_REPRESENTATION_CONTEXT(2) 
PARAMETRIC_REPRESENTATION_CONTEXT() REPRESENTATION_CONTEXT('2D SPACE',''
  ) );
#6521 = PCURVE('',#6522,#6527);
#6522 = PLANE('',#6523);
#6523 = AXIS2_PLACEMENT_3D('',#6524,#6525,#6526);
#6524 = CARTESIAN_POINT('',(3.25E-02,-9.5E-03,-3.35E-02));
#6525 = DIRECTION('',(1.,0.,-0.));
#6526 = DIRECTION('',(0.,0.,1.));
#6527 = DEFINITIONAL_REPRESENTATION('',(#6528),#6532);
#6528 = LINE('',#6529,#6530);
#6529 = CARTESIAN_POINT('',(0.,0.));
#6530 = VECTOR('',#6531,1.);
#6531 = DIRECTION('',(1.,0.));
#6532 = ( GEOMETRIC_REPRESENTATION_CONTEXT(2) 
PARAMETRIC_REPRESENTATION_CONTEXT() REPRESENTATION_CONTEXT('2D SPACE',''
  ) );
#6533 = ORIENTED_EDGE('',*,*,#6534,.F.);
#6534 = EDGE_CURVE('',#6385,#6505,#6535,.T.);
#6535 = SURFACE_CURVE('',#6536,(#6540,#6547),.PCURVE_S1.);
#6536 = LINE('',#6537,#6538);
#6537 = CARTESIAN_POINT('',(-3.25E-02,-9.5E-03,-3.35E-02));
#6538 = VECTOR('',#6539,1.);
#6539 = DIRECTION('',(1.,0.,-0.));
#6540 = PCURVE('',#6407,#6541);
#6541 = DEFINITIONAL_REPRESENTATION('',(#6542),#6546);
#6542 = LINE('',#6543,#6544);
#6543 = CARTESIAN_POINT('',(0.,0.));
#6544 = VECTOR('',#6545,1.);
#6545 = DIRECTION('',(0.,1.));
#6546 = ( GEOMETRIC_REPRESENTATION_CONTEXT(2) 
PARAMETRIC_REPRESENTATION_CONTEXT() REPRESENTATION_CONTEXT('2D SPACE',''
  ) );
#6547 = PCURVE('',#6435,#6548);
#6548 = DEFINITIONAL_REPRESENTATION('',(#6549),#6553);
#6549 = LINE('',#6550,#6551);
#6550 = CARTESIAN_POINT('',(0.,0.));
#6551 = VECTOR('',#6552,1.);
#6552 = DIRECTION('',(1.,0.));
#6553 = ( GEOMETRIC_REPRESENTATION_CONTEXT(2) 
PARAMETRIC_REPRESENTATION_CONTEXT() REPRESENTATION_CONTEXT('2D SPACE',''
  ) );
#6554 = ORIENTED_EDGE('',*,*,#6384,.T.);
#6555 = ORIENTED_EDGE('',*,*,#6556,.T.);
#6556 = EDGE_CURVE('',#6387,#6557,#6559,.T.);
#6557 = VERTEX_POINT('',#6558);
#6558 = CARTESIAN_POINT('',(-2.45E-02,-9.5E-03,-1.E-03));
#6559 = SURFACE_CURVE('',#6560,(#6564,#6571),.PCURVE_S1.);
#6560 = LINE('',#6561,#6562);
#6561 = CARTESIAN_POINT('',(-3.25E-02,-9.5E-03,-1.E-03));
#6562 = VECTOR('',#6563,1.);
#6563 = DIRECTION('',(1.,0.,-0.));
#6564 = PCURVE('',#6407,#6565);
#6565 = DEFINITIONAL_REPRESENTATION('',(#6566),#6570);
#6566 = LINE('',#6567,#6568);
#6567 = CARTESIAN_POINT('',(3.25E-02,0.));
#6568 = VECTOR('',#6569,1.);
#6569 = DIRECTION('',(0.,1.));
#6570 = ( GEOMETRIC_REPRESENTATION_CONTEXT(2) 
PARAMETRIC_REPRESENTATION_CONTEXT() REPRESENTATION_CONTEXT('2D SPACE',''
  ) );
#6571 = PCURVE('',#6489,#6572);
#6572 = DEFINITIONAL_REPRESENTATION('',(#6573),#6577);
#6573 = LINE('',#6574,#6575);
#6574 = CARTESIAN_POINT('',(0.,0.));
#6575 = VECTOR('',#6576,1.);
#6576 = DIRECTION('',(1.,0.));
#6577 = ( GEOMETRIC_REPRESENTATION_CONTEXT(2) 
PARAMETRIC_REPRESENTATION_CONTEXT() REPRESENTATION_CONTEXT('2D SPACE',''
  ) );
#6578 = ORIENTED_EDGE('',*,*,#6579,.F.);
#6579 = EDGE_CURVE('',#6580,#6557,#6582,.T.);
#6580 = VERTEX_POINT('',#6581);
#6581 = CARTESIAN_POINT('',(-2.45E-02,-9.5E-03,-2.35E-02));
#6582 = SURFACE_CURVE('',#6583,(#6587,#6594),.PCURVE_S1.);
#6583 = LINE('',#6584,#6585);
#6584 = CARTESIAN_POINT('',(-2.45E-02,-9.5E-03,-2.35E-02));
#6585 = VECTOR('',#6586,1.);
#6586 = DIRECTION('',(0.,0.,1.));
#6587 = PCURVE('',#6407,#6588);
#6588 = DEFINITIONAL_REPRESENTATION('',(#6589),#6593);
#6589 = LINE('',#6590,#6591);
#6590 = CARTESIAN_POINT('',(1.E-02,8.E-03));
#6591 = VECTOR('',#6592,1.);
#6592 = DIRECTION('',(1.,0.));
#6593 = ( GEOMETRIC_REPRESENTATION_CONTEXT(2) 
PARAMETRIC_REPRESENTATION_CONTEXT() REPRESENTATION_CONTEXT('2D SPACE',''
  ) );
#6594 = PCURVE('',#6595,#6600);
#6595 = PLANE('',#6596);
#6596 = AXIS2_PLACEMENT_3D('',#6597,#6598,#6599);
#6597 = CARTESIAN_POINT('',(-2.45E-02,-9.5E-03,-2.35E-02));
#6598 = DIRECTION('',(1.,0.,-0.));
#6599 = DIRECTION('',(0.,0.,1.));
#6600 = DEFINITIONAL_REPRESENTATION('',(#6601),#6605);
#6601 = LINE('',#6602,#6603);
#6602 = CARTESIAN_POINT('',(0.,0.));
#6603 = VECTOR('',#6604,1.);
#6604 = DIRECTION('',(1.,0.));
#6605 = ( GEOMETRIC_REPRESENTATION_CONTEXT(2) 
PARAMETRIC_REPRESENTATION_CONTEXT() REPRESENTATION_CONTEXT('2D SPACE',''
  ) );
#6606 = ORIENTED_EDGE('',*,*,#6607,.T.);
#6607 = EDGE_CURVE('',#6580,#6608,#6610,.T.);
#6608 = VERTEX_POINT('',#6609);
#6609 = CARTESIAN_POINT('',(-9.5E-03,-9.5E-03,-2.35E-02));
#6610 = SURFACE_CURVE('',#6611,(#6615,#6622),.PCURVE_S1.);
#6611 = LINE('',#6612,#6613);
#6612 = CARTESIAN_POINT('',(-2.45E-02,-9.5E-03,-2.35E-02));
#6613 = VECTOR('',#6614,1.);
#6614 = DIRECTION('',(1.,0.,-0.));
#6615 = PCURVE('',#6407,#6616);
#6616 = DEFINITIONAL_REPRESENTATION('',(#6617),#6621);
#6617 = LINE('',#6618,#6619);
#6618 = CARTESIAN_POINT('',(1.E-02,8.E-03));
#6619 = VECTOR('',#6620,1.);
#6620 = DIRECTION('',(0.,1.));
#6621 = ( GEOMETRIC_REPRESENTATION_CONTEXT(2) 
PARAMETRIC_REPRESENTATION_CONTEXT() REPRESENTATION_CONTEXT('2D SPACE',''
  ) );
#6622 = PCURVE('',#6623,#6628);
#6623 = PLANE('',#6624);
#6624 = AXIS2_PLACEMENT_3D('',#6625,#6626,#6627);
#6625 = CARTESIAN_POINT('',(-2.45E-02,-9.5E-03,-2.35E-02));
#6626 = DIRECTION('',(0.,0.,1.));
#6627 = DIRECTION('',(1.,0.,-0.));
#6628 = DEFINITIONAL_REPRESENTATION('',(#6629),#6633);
#6629 = LINE('',#6630,#6631);
#6630 = CARTESIAN_POINT('',(0.,0.));
#6631 = VECTOR('',#6632,1.);
#6632 = DIRECTION('',(1.,0.));
#6633 = ( GEOMETRIC_REPRESENTATION_CONTEXT(2) 
PARAMETRIC_REPRESENTATION_CONTEXT() REPRESENTATION_CONTEXT('2D SPACE',''
  ) );
#6634 = ORIENTED_EDGE('',*,*,#6635,.T.);
#6635 = EDGE_CURVE('',#6608,#6636,#6638,.T.);
#6636 = VERTEX_POINT('',#6637);
#6637 = CARTESIAN_POINT('',(-9.5E-03,-9.5E-03,-1.E-03));
#6638 = SURFACE_CURVE('',#6639,(#6643,#6650),.PCURVE_S1.);
#6639 = LINE('',#6640,#6641);
#6640 = CARTESIAN_POINT('',(-9.5E-03,-9.5E-03,-2.35E-02));
#6641 = VECTOR('',#6642,1.);
#6642 = DIRECTION('',(0.,0.,1.));
#6643 = PCURVE('',#6407,#6644);
#6644 = DEFINITIONAL_REPRESENTATION('',(#6645),#6649);
#6645 = LINE('',#6646,#6647);
#6646 = CARTESIAN_POINT('',(1.E-02,2.3E-02));
#6647 = VECTOR('',#6648,1.);
#6648 = DIRECTION('',(1.,0.));
#6649 = ( GEOMETRIC_REPRESENTATION_CONTEXT(2) 
PARAMETRIC_REPRESENTATION_CONTEXT() REPRESENTATION_CONTEXT('2D SPACE',''
  ) );
#6650 = PCURVE('',#6651,#6656);
#6651 = PLANE('',#6652);
#6652 = AXIS2_PLACEMENT_3D('',#6653,#6654,#6655);
#6653 = CARTESIAN_POINT('',(-9.5E-03,-9.5E-03,-2.35E-02));
#6654 = DIRECTION('',(1.,0.,-0.));
#6655 = DIRECTION('',(0.,0.,1.));
#6656 = DEFINITIONAL_REPRESENTATION('',(#6657),#6661);
#6657 = LINE('',#6658,#6659);
#6658 = CARTESIAN_POINT('',(0.,0.));
#6659 = VECTOR('',#6660,1.);
#6660 = DIRECTION('',(1.,0.));
#6661 = ( GEOMETRIC_REPRESENTATION_CONTEXT(2) 
PARAMETRIC_REPRESENTATION_CONTEXT() REPRESENTATION_CONTEXT('2D SPACE',''
  ) );
#6662 = ORIENTED_EDGE('',*,*,#6663,.T.);
#6663 = EDGE_CURVE('',#6636,#6664,#6666,.T.);
#6664 = VERTEX_POINT('',#6665);
#6665 = CARTESIAN_POINT('',(9.5E-03,-9.5E-03,-1.E-03));
#6666 = SURFACE_CURVE('',#6667,(#6671,#6678),.PCURVE_S1.);
#6667 = LINE('',#6668,#6669);
#6668 = CARTESIAN_POINT('',(-3.25E-02,-9.5E-03,-1.E-03));
#6669 = VECTOR('',#6670,1.);
#6670 = DIRECTION('',(1.,0.,-0.));
#6671 = PCURVE('',#6407,#6672);
#6672 = DEFINITIONAL_REPRESENTATION('',(#6673),#6677);
#6673 = LINE('',#6674,#6675);
#6674 = CARTESIAN_POINT('',(3.25E-02,0.));
#6675 = VECTOR('',#6676,1.);
#6676 = DIRECTION('',(0.,1.));
#6677 = ( GEOMETRIC_REPRESENTATION_CONTEXT(2) 
PARAMETRIC_REPRESENTATION_CONTEXT() REPRESENTATION_CONTEXT('2D SPACE',''
  ) );
#6678 = PCURVE('',#6679,#6684);
#6679 = PLANE('',#6680);
#6680 = AXIS2_PLACEMENT_3D('',#6681,#6682,#6683);
#6681 = CARTESIAN_POINT('',(-3.25E-02,-9.5E-03,-1.E-03));
#6682 = DIRECTION('',(0.,0.,1.));
#6683 = DIRECTION('',(1.,0.,-0.));
#6684 = DEFINITIONAL_REPRESENTATION('',(#6685),#6689);
#6685 = LINE('',#6686,#6687);
#6686 = CARTESIAN_POINT('',(0.,0.));
#6687 = VECTOR('',#6688,1.);
#6688 = DIRECTION('',(1.,0.));
#6689 = ( GEOMETRIC_REPRESENTATION_CONTEXT(2) 
PARAMETRIC_REPRESENTATION_CONTEXT() REPRESENTATION_CONTEXT('2D SPACE',''
  ) );
#6690 = ORIENTED_EDGE('',*,*,#6691,.F.);
#6691 = EDGE_CURVE('',#6692,#6664,#6694,.T.);
#6692 = VERTEX_POINT('',#6693);
#6693 = CARTESIAN_POINT('',(9.5E-03,-9.5E-03,-2.35E-02));
#6694 = SURFACE_CURVE('',#6695,(#6699,#6706),.PCURVE_S1.);
#6695 = LINE('',#6696,#6697);
#6696 = CARTESIAN_POINT('',(9.5E-03,-9.5E-03,-2.35E-02));
#6697 = VECTOR('',#6698,1.);
#6698 = DIRECTION('',(0.,0.,1.));
#6699 = PCURVE('',#6407,#6700);
#6700 = DEFINITIONAL_REPRESENTATION('',(#6701),#6705);
#6701 = LINE('',#6702,#6703);
#6702 = CARTESIAN_POINT('',(1.E-02,4.2E-02));
#6703 = VECTOR('',#6704,1.);
#6704 = DIRECTION('',(1.,0.));
#6705 = ( GEOMETRIC_REPRESENTATION_CONTEXT(2) 
PARAMETRIC_REPRESENTATION_CONTEXT() REPRESENTATION_CONTEXT('2D SPACE',''
  ) );
#6706 = PCURVE('',#6707,#6712);
#6707 = PLANE('',#6708);
#6708 = AXIS2_PLACEMENT_3D('',#6709,#6710,#6711);
#6709 = CARTESIAN_POINT('',(9.5E-03,-9.5E-03,-2.35E-02));
#6710 = DIRECTION('',(1.,0.,-0.));
#6711 = DIRECTION('',(0.,0.,1.));
#6712 = DEFINITIONAL_REPRESENTATION('',(#6713),#6717);
#6713 = LINE('',#6714,#6715);
#6714 = CARTESIAN_POINT('',(0.,0.));
#6715 = VECTOR('',#6716,1.);
#6716 = DIRECTION('',(1.,0.));
#6717 = ( GEOMETRIC_REPRESENTATION_CONTEXT(2) 
PARAMETRIC_REPRESENTATION_CONTEXT() REPRESENTATION_CONTEXT('2D SPACE',''
  ) );
#6718 = ORIENTED_EDGE('',*,*,#6719,.T.);
#6719 = EDGE_CURVE('',#6692,#6720,#6722,.T.);
#6720 = VERTEX_POINT('',#6721);
#6721 = CARTESIAN_POINT('',(2.45E-02,-9.5E-03,-2.35E-02));
#6722 = SURFACE_CURVE('',#6723,(#6727,#6734),.PCURVE_S1.);
#6723 = LINE('',#6724,#6725);
#6724 = CARTESIAN_POINT('',(9.5E-03,-9.5E-03,-2.35E-02));
#6725 = VECTOR('',#6726,1.);
#6726 = DIRECTION('',(1.,0.,-0.));
#6727 = PCURVE('',#6407,#6728);
#6728 = DEFINITIONAL_REPRESENTATION('',(#6729),#6733);
#6729 = LINE('',#6730,#6731);
#6730 = CARTESIAN_POINT('',(1.E-02,4.2E-02));
#6731 = VECTOR('',#6732,1.);
#6732 = DIRECTION('',(0.,1.));
#6733 = ( GEOMETRIC_REPRESENTATION_CONTEXT(2) 
PARAMETRIC_REPRESENTATION_CONTEXT() REPRESENTATION_CONTEXT('2D SPACE',''
  ) );
#6734 = PCURVE('',#6735,#6740);
#6735 = PLANE('',#6736);
#6736 = AXIS2_PLACEMENT_3D('',#6737,#6738,#6739);
#6737 = CARTESIAN_POINT('',(9.5E-03,-9.5E-03,-2.35E-02));
#6738 = DIRECTION('',(0.,0.,1.));
#6739 = DIRECTION('',(1.,0.,-0.));
#6740 = DEFINITIONAL_REPRESENTATION('',(#6741),#6745);
#6741 = LINE('',#6742,#6743);
#6742 = CARTESIAN_POINT('',(0.,0.));
#6743 = VECTOR('',#6744,1.);
#6744 = DIRECTION('',(1.,0.));
#6745 = ( GEOMETRIC_REPRESENTATION_CONTEXT(2) 
PARAMETRIC_REPRESENTATION_CONTEXT() REPRESENTATION_CONTEXT('2D SPACE',''
  ) );
#6746 = ORIENTED_EDGE('',*,*,#6747,.T.);
#6747 = EDGE_CURVE('',#6720,#6748,#6750,.T.);
#6748 = VERTEX_POINT('',#6749);
#6749 = CARTESIAN_POINT('',(2.45E-02,-9.5E-03,-1.E-03));
#6750 = SURFACE_CURVE('',#6751,(#6755,#6762),.PCURVE_S1.);
#6751 = LINE('',#6752,#6753);
#6752 = CARTESIAN_POINT('',(2.45E-02,-9.5E-03,-2.35E-02));
#6753 = VECTOR('',#6754,1.);
#6754 = DIRECTION('',(0.,0.,1.));
#6755 = PCURVE('',#6407,#6756);
#6756 = DEFINITIONAL_REPRESENTATION('',(#6757),#6761);
#6757 = LINE('',#6758,#6759);
#6758 = CARTESIAN_POINT('',(1.E-02,5.7E-02));
#6759 = VECTOR('',#6760,1.);
#6760 = DIRECTION('',(1.,0.));
#6761 = ( GEOMETRIC_REPRESENTATION_CONTEXT(2) 
PARAMETRIC_REPRESENTATION_CONTEXT() REPRESENTATION_CONTEXT('2D SPACE',''
  ) );
#6762 = PCURVE('',#6763,#6768);
#6763 = PLANE('',#6764);
#6764 = AXIS2_PLACEMENT_3D('',#6765,#6766,#6767);
#6765 = CARTESIAN_POINT('',(2.45E-02,-9.5E-03,-2.35E-02));
#6766 = DIRECTION('',(1.,0.,-0.));
#6767 = DIRECTION('',(0.,0.,1.));
#6768 = DEFINITIONAL_REPRESENTATION('',(#6769),#6773);
#6769 = LINE('',#6770,#6771);
#6770 = CARTESIAN_POINT('',(0.,0.));
#6771 = VECTOR('',#6772,1.);
#6772 = DIRECTION('',(1.,0.));
#6773 = ( GEOMETRIC_REPRESENTATION_CONTEXT(2) 
PARAMETRIC_REPRESENTATION_CONTEXT() REPRESENTATION_CONTEXT('2D SPACE',''
  ) );
#6774 = ORIENTED_EDGE('',*,*,#6775,.T.);
#6775 = EDGE_CURVE('',#6748,#6507,#6776,.T.);
#6776 = SURFACE_CURVE('',#6777,(#6781,#6788),.PCURVE_S1.);
#6777 = LINE('',#6778,#6779);
#6778 = CARTESIAN_POINT('',(-3.25E-02,-9.5E-03,-1.E-03));
#6779 = VECTOR('',#6780,1.);
#6780 = DIRECTION('',(1.,0.,-0.));
#6781 = PCURVE('',#6407,#6782);
#6782 = DEFINITIONAL_REPRESENTATION('',(#6783),#6787);
#6783 = LINE('',#6784,#6785);
#6784 = CARTESIAN_POINT('',(3.25E-02,0.));
#6785 = VECTOR('',#6786,1.);
#6786 = DIRECTION('',(0.,1.));
#6787 = ( GEOMETRIC_REPRESENTATION_CONTEXT(2) 
PARAMETRIC_REPRESENTATION_CONTEXT() REPRESENTATION_CONTEXT('2D SPACE',''
  ) );
#6788 = PCURVE('',#6789,#6794);
#6789 = PLANE('',#6790);
#6790 = AXIS2_PLACEMENT_3D('',#6791,#6792,#6793);
#6791 = CARTESIAN_POINT('',(-3.25E-02,-9.5E-03,-1.E-03));
#6792 = DIRECTION('',(0.,0.,1.));
#6793 = DIRECTION('',(1.,0.,-0.));
#6794 = DEFINITIONAL_REPRESENTATION('',(#6795),#6799);
#6795 = LINE('',#6796,#6797);
#6796 = CARTESIAN_POINT('',(0.,0.));
#6797 = VECTOR('',#6798,1.);
#6798 = DIRECTION('',(1.,0.));
#6799 = ( GEOMETRIC_REPRESENTATION_CONTEXT(2) 
PARAMETRIC_REPRESENTATION_CONTEXT() REPRESENTATION_CONTEXT('2D SPACE',''
  ) );
#6800 = ADVANCED_FACE('',(#6801),#6489,.T.);
#6801 = FACE_BOUND('',#6802,.T.);
#6802 = EDGE_LOOP('',(#6803,#6826,#6827,#6828));
#6803 = ORIENTED_EDGE('',*,*,#6804,.F.);
#6804 = EDGE_CURVE('',#6448,#6805,#6807,.T.);
#6805 = VERTEX_POINT('',#6806);
#6806 = CARTESIAN_POINT('',(-2.45E-02,9.5E-03,-1.E-03));
#6807 = SURFACE_CURVE('',#6808,(#6812,#6819),.PCURVE_S1.);
#6808 = LINE('',#6809,#6810);
#6809 = CARTESIAN_POINT('',(-3.25E-02,9.5E-03,-1.E-03));
#6810 = VECTOR('',#6811,1.);
#6811 = DIRECTION('',(1.,0.,-0.));
#6812 = PCURVE('',#6489,#6813);
#6813 = DEFINITIONAL_REPRESENTATION('',(#6814),#6818);
#6814 = LINE('',#6815,#6816);
#6815 = CARTESIAN_POINT('',(0.,1.9E-02));
#6816 = VECTOR('',#6817,1.);
#6817 = DIRECTION('',(1.,0.));
#6818 = ( GEOMETRIC_REPRESENTATION_CONTEXT(2) 
PARAMETRIC_REPRESENTATION_CONTEXT() REPRESENTATION_CONTEXT('2D SPACE',''
  ) );
#6819 = PCURVE('',#6463,#6820);
#6820 = DEFINITIONAL_REPRESENTATION('',(#6821),#6825);
#6821 = LINE('',#6822,#6823);
#6822 = CARTESIAN_POINT('',(3.25E-02,0.));
#6823 = VECTOR('',#6824,1.);
#6824 = DIRECTION('',(0.,1.));
#6825 = ( GEOMETRIC_REPRESENTATION_CONTEXT(2) 
PARAMETRIC_REPRESENTATION_CONTEXT() REPRESENTATION_CONTEXT('2D SPACE',''
  ) );
#6826 = ORIENTED_EDGE('',*,*,#6475,.F.);
#6827 = ORIENTED_EDGE('',*,*,#6556,.T.);
#6828 = ORIENTED_EDGE('',*,*,#6829,.F.);
#6829 = EDGE_CURVE('',#6805,#6557,#6830,.T.);
#6830 = SURFACE_CURVE('',#6831,(#6835,#6841),.PCURVE_S1.);
#6831 = LINE('',#6832,#6833);
#6832 = CARTESIAN_POINT('',(-2.45E-02,-9.5E-03,-1.E-03));
#6833 = VECTOR('',#6834,1.);
#6834 = DIRECTION('',(0.,-1.,0.));
#6835 = PCURVE('',#6489,#6836);
#6836 = DEFINITIONAL_REPRESENTATION('',(#6837),#6840);
#6837 = B_SPLINE_CURVE_WITH_KNOTS('',1,(#6838,#6839),.UNSPECIFIED.,.F.,
  .F.,(2,2),(-1.9E-02,0.),.PIECEWISE_BEZIER_KNOTS.);
#6838 = CARTESIAN_POINT('',(8.E-03,1.9E-02));
#6839 = CARTESIAN_POINT('',(8.E-03,0.));
#6840 = ( GEOMETRIC_REPRESENTATION_CONTEXT(2) 
PARAMETRIC_REPRESENTATION_CONTEXT() REPRESENTATION_CONTEXT('2D SPACE',''
  ) );
#6841 = PCURVE('',#6595,#6842);
#6842 = DEFINITIONAL_REPRESENTATION('',(#6843),#6846);
#6843 = B_SPLINE_CURVE_WITH_KNOTS('',1,(#6844,#6845),.UNSPECIFIED.,.F.,
  .F.,(2,2),(-1.9E-02,0.),.PIECEWISE_BEZIER_KNOTS.);
#6844 = CARTESIAN_POINT('',(2.25E-02,-1.9E-02));
#6845 = CARTESIAN_POINT('',(2.25E-02,0.));
#6846 = ( GEOMETRIC_REPRESENTATION_CONTEXT(2) 
PARAMETRIC_REPRESENTATION_CONTEXT() REPRESENTATION_CONTEXT('2D SPACE',''
  ) );
#6847 = ADVANCED_FACE('',(#6848),#6463,.T.);
#6848 = FACE_BOUND('',#6849,.T.);
#6849 = EDGE_LOOP('',(#6850,#6875,#6896,#6897,#6898,#6921,#6944,#6967,
    #6990,#7013,#7036,#7059));
#6850 = ORIENTED_EDGE('',*,*,#6851,.F.);
#6851 = EDGE_CURVE('',#6852,#6854,#6856,.T.);
#6852 = VERTEX_POINT('',#6853);
#6853 = CARTESIAN_POINT('',(3.25E-02,9.5E-03,-3.35E-02));
#6854 = VERTEX_POINT('',#6855);
#6855 = CARTESIAN_POINT('',(3.25E-02,9.5E-03,-1.E-03));
#6856 = SURFACE_CURVE('',#6857,(#6861,#6868),.PCURVE_S1.);
#6857 = LINE('',#6858,#6859);
#6858 = CARTESIAN_POINT('',(3.25E-02,9.5E-03,-3.35E-02));
#6859 = VECTOR('',#6860,1.);
#6860 = DIRECTION('',(0.,0.,1.));
#6861 = PCURVE('',#6463,#6862);
#6862 = DEFINITIONAL_REPRESENTATION('',(#6863),#6867);
#6863 = LINE('',#6864,#6865);
#6864 = CARTESIAN_POINT('',(0.,6.5E-02));
#6865 = VECTOR('',#6866,1.);
#6866 = DIRECTION('',(1.,0.));
#6867 = ( GEOMETRIC_REPRESENTATION_CONTEXT(2) 
PARAMETRIC_REPRESENTATION_CONTEXT() REPRESENTATION_CONTEXT('2D SPACE',''
  ) );
#6868 = PCURVE('',#6522,#6869);
#6869 = DEFINITIONAL_REPRESENTATION('',(#6870),#6874);
#6870 = LINE('',#6871,#6872);
#6871 = CARTESIAN_POINT('',(0.,-1.9E-02));
#6872 = VECTOR('',#6873,1.);
#6873 = DIRECTION('',(1.,0.));
#6874 = ( GEOMETRIC_REPRESENTATION_CONTEXT(2) 
PARAMETRIC_REPRESENTATION_CONTEXT() REPRESENTATION_CONTEXT('2D SPACE',''
  ) );
#6875 = ORIENTED_EDGE('',*,*,#6876,.F.);
#6876 = EDGE_CURVE('',#6420,#6852,#6877,.T.);
#6877 = SURFACE_CURVE('',#6878,(#6882,#6889),.PCURVE_S1.);
#6878 = LINE('',#6879,#6880);
#6879 = CARTESIAN_POINT('',(-3.25E-02,9.5E-03,-3.35E-02));
#6880 = VECTOR('',#6881,1.);
#6881 = DIRECTION('',(1.,0.,-0.));
#6882 = PCURVE('',#6463,#6883);
#6883 = DEFINITIONAL_REPRESENTATION('',(#6884),#6888);
#6884 = LINE('',#6885,#6886);
#6885 = CARTESIAN_POINT('',(0.,0.));
#6886 = VECTOR('',#6887,1.);
#6887 = DIRECTION('',(0.,1.));
#6888 = ( GEOMETRIC_REPRESENTATION_CONTEXT(2) 
PARAMETRIC_REPRESENTATION_CONTEXT() REPRESENTATION_CONTEXT('2D SPACE',''
  ) );
#6889 = PCURVE('',#6435,#6890);
#6890 = DEFINITIONAL_REPRESENTATION('',(#6891),#6895);
#6891 = LINE('',#6892,#6893);
#6892 = CARTESIAN_POINT('',(0.,1.9E-02));
#6893 = VECTOR('',#6894,1.);
#6894 = DIRECTION('',(1.,0.));
#6895 = ( GEOMETRIC_REPRESENTATION_CONTEXT(2) 
PARAMETRIC_REPRESENTATION_CONTEXT() REPRESENTATION_CONTEXT('2D SPACE',''
  ) );
#6896 = ORIENTED_EDGE('',*,*,#6447,.T.);
#6897 = ORIENTED_EDGE('',*,*,#6804,.T.);
#6898 = ORIENTED_EDGE('',*,*,#6899,.F.);
#6899 = EDGE_CURVE('',#6900,#6805,#6902,.T.);
#6900 = VERTEX_POINT('',#6901);
#6901 = CARTESIAN_POINT('',(-2.45E-02,9.5E-03,-2.35E-02));
#6902 = SURFACE_CURVE('',#6903,(#6907,#6914),.PCURVE_S1.);
#6903 = LINE('',#6904,#6905);
#6904 = CARTESIAN_POINT('',(-2.45E-02,9.5E-03,-2.35E-02));
#6905 = VECTOR('',#6906,1.);
#6906 = DIRECTION('',(0.,0.,1.));
#6907 = PCURVE('',#6463,#6908);
#6908 = DEFINITIONAL_REPRESENTATION('',(#6909),#6913);
#6909 = LINE('',#6910,#6911);
#6910 = CARTESIAN_POINT('',(1.E-02,8.E-03));
#6911 = VECTOR('',#6912,1.);
#6912 = DIRECTION('',(1.,0.));
#6913 = ( GEOMETRIC_REPRESENTATION_CONTEXT(2) 
PARAMETRIC_REPRESENTATION_CONTEXT() REPRESENTATION_CONTEXT('2D SPACE',''
  ) );
#6914 = PCURVE('',#6595,#6915);
#6915 = DEFINITIONAL_REPRESENTATION('',(#6916),#6920);
#6916 = LINE('',#6917,#6918);
#6917 = CARTESIAN_POINT('',(0.,-1.9E-02));
#6918 = VECTOR('',#6919,1.);
#6919 = DIRECTION('',(1.,0.));
#6920 = ( GEOMETRIC_REPRESENTATION_CONTEXT(2) 
PARAMETRIC_REPRESENTATION_CONTEXT() REPRESENTATION_CONTEXT('2D SPACE',''
  ) );
#6921 = ORIENTED_EDGE('',*,*,#6922,.T.);
#6922 = EDGE_CURVE('',#6900,#6923,#6925,.T.);
#6923 = VERTEX_POINT('',#6924);
#6924 = CARTESIAN_POINT('',(-9.5E-03,9.5E-03,-2.35E-02));
#6925 = SURFACE_CURVE('',#6926,(#6930,#6937),.PCURVE_S1.);
#6926 = LINE('',#6927,#6928);
#6927 = CARTESIAN_POINT('',(-2.45E-02,9.5E-03,-2.35E-02));
#6928 = VECTOR('',#6929,1.);
#6929 = DIRECTION('',(1.,0.,-0.));
#6930 = PCURVE('',#6463,#6931);
#6931 = DEFINITIONAL_REPRESENTATION('',(#6932),#6936);
#6932 = LINE('',#6933,#6934);
#6933 = CARTESIAN_POINT('',(1.E-02,8.E-03));
#6934 = VECTOR('',#6935,1.);
#6935 = DIRECTION('',(0.,1.));
#6936 = ( GEOMETRIC_REPRESENTATION_CONTEXT(2) 
PARAMETRIC_REPRESENTATION_CONTEXT() REPRESENTATION_CONTEXT('2D SPACE',''
  ) );
#6937 = PCURVE('',#6623,#6938);
#6938 = DEFINITIONAL_REPRESENTATION('',(#6939),#6943);
#6939 = LINE('',#6940,#6941);
#6940 = CARTESIAN_POINT('',(0.,1.9E-02));
#6941 = VECTOR('',#6942,1.);
#6942 = DIRECTION('',(1.,0.));
#6943 = ( GEOMETRIC_REPRESENTATION_CONTEXT(2) 
PARAMETRIC_REPRESENTATION_CONTEXT() REPRESENTATION_CONTEXT('2D SPACE',''
  ) );
#6944 = ORIENTED_EDGE('',*,*,#6945,.T.);
#6945 = EDGE_CURVE('',#6923,#6946,#6948,.T.);
#6946 = VERTEX_POINT('',#6947);
#6947 = CARTESIAN_POINT('',(-9.5E-03,9.5E-03,-1.E-03));
#6948 = SURFACE_CURVE('',#6949,(#6953,#6960),.PCURVE_S1.);
#6949 = LINE('',#6950,#6951);
#6950 = CARTESIAN_POINT('',(-9.5E-03,9.5E-03,-2.35E-02));
#6951 = VECTOR('',#6952,1.);
#6952 = DIRECTION('',(0.,0.,1.));
#6953 = PCURVE('',#6463,#6954);
#6954 = DEFINITIONAL_REPRESENTATION('',(#6955),#6959);
#6955 = LINE('',#6956,#6957);
#6956 = CARTESIAN_POINT('',(1.E-02,2.3E-02));
#6957 = VECTOR('',#6958,1.);
#6958 = DIRECTION('',(1.,0.));
#6959 = ( GEOMETRIC_REPRESENTATION_CONTEXT(2) 
PARAMETRIC_REPRESENTATION_CONTEXT() REPRESENTATION_CONTEXT('2D SPACE',''
  ) );
#6960 = PCURVE('',#6651,#6961);
#6961 = DEFINITIONAL_REPRESENTATION('',(#6962),#6966);
#6962 = LINE('',#6963,#6964);
#6963 = CARTESIAN_POINT('',(0.,-1.9E-02));
#6964 = VECTOR('',#6965,1.);
#6965 = DIRECTION('',(1.,0.));
#6966 = ( GEOMETRIC_REPRESENTATION_CONTEXT(2) 
PARAMETRIC_REPRESENTATION_CONTEXT() REPRESENTATION_CONTEXT('2D SPACE',''
  ) );
#6967 = ORIENTED_EDGE('',*,*,#6968,.T.);
#6968 = EDGE_CURVE('',#6946,#6969,#6971,.T.);
#6969 = VERTEX_POINT('',#6970);
#6970 = CARTESIAN_POINT('',(9.5E-03,9.5E-03,-1.E-03));
#6971 = SURFACE_CURVE('',#6972,(#6976,#6983),.PCURVE_S1.);
#6972 = LINE('',#6973,#6974);
#6973 = CARTESIAN_POINT('',(-3.25E-02,9.5E-03,-1.E-03));
#6974 = VECTOR('',#6975,1.);
#6975 = DIRECTION('',(1.,0.,-0.));
#6976 = PCURVE('',#6463,#6977);
#6977 = DEFINITIONAL_REPRESENTATION('',(#6978),#6982);
#6978 = LINE('',#6979,#6980);
#6979 = CARTESIAN_POINT('',(3.25E-02,0.));
#6980 = VECTOR('',#6981,1.);
#6981 = DIRECTION('',(0.,1.));
#6982 = ( GEOMETRIC_REPRESENTATION_CONTEXT(2) 
PARAMETRIC_REPRESENTATION_CONTEXT() REPRESENTATION_CONTEXT('2D SPACE',''
  ) );
#6983 = PCURVE('',#6679,#6984);
#6984 = DEFINITIONAL_REPRESENTATION('',(#6985),#6989);
#6985 = LINE('',#6986,#6987);
#6986 = CARTESIAN_POINT('',(0.,1.9E-02));
#6987 = VECTOR('',#6988,1.);
#6988 = DIRECTION('',(1.,0.));
#6989 = ( GEOMETRIC_REPRESENTATION_CONTEXT(2) 
PARAMETRIC_REPRESENTATION_CONTEXT() REPRESENTATION_CONTEXT('2D SPACE',''
  ) );
#6990 = ORIENTED_EDGE('',*,*,#6991,.F.);
#6991 = EDGE_CURVE('',#6992,#6969,#6994,.T.);
#6992 = VERTEX_POINT('',#6993);
#6993 = CARTESIAN_POINT('',(9.5E-03,9.5E-03,-2.35E-02));
#6994 = SURFACE_CURVE('',#6995,(#6999,#7006),.PCURVE_S1.);
#6995 = LINE('',#6996,#6997);
#6996 = CARTESIAN_POINT('',(9.5E-03,9.5E-03,-2.35E-02));
#6997 = VECTOR('',#6998,1.);
#6998 = DIRECTION('',(0.,0.,1.));
#6999 = PCURVE('',#6463,#7000);
#7000 = DEFINITIONAL_REPRESENTATION('',(#7001),#7005);
#7001 = LINE('',#7002,#7003);
#7002 = CARTESIAN_POINT('',(1.E-02,4.2E-02));
#7003 = VECTOR('',#7004,1.);
#7004 = DIRECTION('',(1.,0.));
#7005 = ( GEOMETRIC_REPRESENTATION_CONTEXT(2) 
PARAMETRIC_REPRESENTATION_CONTEXT() REPRESENTATION_CONTEXT('2D SPACE',''
  ) );
#7006 = PCURVE('',#6707,#7007);
#7007 = DEFINITIONAL_REPRESENTATION('',(#7008),#7012);
#7008 = LINE('',#7009,#7010);
#7009 = CARTESIAN_POINT('',(0.,-1.9E-02));
#7010 = VECTOR('',#7011,1.);
#7011 = DIRECTION('',(1.,0.));
#7012 = ( GEOMETRIC_REPRESENTATION_CONTEXT(2) 
PARAMETRIC_REPRESENTATION_CONTEXT() REPRESENTATION_CONTEXT('2D SPACE',''
  ) );
#7013 = ORIENTED_EDGE('',*,*,#7014,.T.);
#7014 = EDGE_CURVE('',#6992,#7015,#7017,.T.);
#7015 = VERTEX_POINT('',#7016);
#7016 = CARTESIAN_POINT('',(2.45E-02,9.5E-03,-2.35E-02));
#7017 = SURFACE_CURVE('',#7018,(#7022,#7029),.PCURVE_S1.);
#7018 = LINE('',#7019,#7020);
#7019 = CARTESIAN_POINT('',(9.5E-03,9.5E-03,-2.35E-02));
#7020 = VECTOR('',#7021,1.);
#7021 = DIRECTION('',(1.,0.,-0.));
#7022 = PCURVE('',#6463,#7023);
#7023 = DEFINITIONAL_REPRESENTATION('',(#7024),#7028);
#7024 = LINE('',#7025,#7026);
#7025 = CARTESIAN_POINT('',(1.E-02,4.2E-02));
#7026 = VECTOR('',#7027,1.);
#7027 = DIRECTION('',(0.,1.));
#7028 = ( GEOMETRIC_REPRESENTATION_CONTEXT(2) 
PARAMETRIC_REPRESENTATION_CONTEXT() REPRESENTATION_CONTEXT('2D SPACE',''
  ) );
#7029 = PCURVE('',#6735,#7030);
#7030 = DEFINITIONAL_REPRESENTATION('',(#7031),#7035);
#7031 = LINE('',#7032,#7033);
#7032 = CARTESIAN_POINT('',(0.,1.9E-02));
#7033 = VECTOR('',#7034,1.);
#7034 = DIRECTION('',(1.,0.));
#7035 = ( GEOMETRIC_REPRESENTATION_CONTEXT(2) 
PARAMETRIC_REPRESENTATION_CONTEXT() REPRESENTATION_CONTEXT('2D SPACE',''
  ) );
#7036 = ORIENTED_EDGE('',*,*,#7037,.T.);
#7037 = EDGE_CURVE('',#7015,#7038,#7040,.T.);
#7038 = VERTEX_POINT('',#7039);
#7039 = CARTESIAN_POINT('',(2.45E-02,9.5E-03,-1.E-03));
#7040 = SURFACE_CURVE('',#7041,(#7045,#7052),.PCURVE_S1.);
#7041 = LINE('',#7042,#7043);
#7042 = CARTESIAN_POINT('',(2.45E-02,9.5E-03,-2.35E-02));
#7043 = VECTOR('',#7044,1.);
#7044 = DIRECTION('',(0.,0.,1.));
#7045 = PCURVE('',#6463,#7046);
#7046 = DEFINITIONAL_REPRESENTATION('',(#7047),#7051);
#7047 = LINE('',#7048,#7049);
#7048 = CARTESIAN_POINT('',(1.E-02,5.7E-02));
#7049 = VECTOR('',#7050,1.);
#7050 = DIRECTION('',(1.,0.));
#7051 = ( GEOMETRIC_REPRESENTATION_CONTEXT(2) 
PARAMETRIC_REPRESENTATION_CONTEXT() REPRESENTATION_CONTEXT('2D SPACE',''
  ) );
#7052 = PCURVE('',#6763,#7053);
#7053 = DEFINITIONAL_REPRESENTATION('',(#7054),#7058);
#7054 = LINE('',#7055,#7056);
#7055 = CARTESIAN_POINT('',(0.,-1.9E-02));
#7056 = VECTOR('',#7057,1.);
#7057 = DIRECTION('',(1.,0.));
#7058 = ( GEOMETRIC_REPRESENTATION_CONTEXT(2) 
PARAMETRIC_REPRESENTATION_CONTEXT() REPRESENTATION_CONTEXT('2D SPACE',''
  ) );
#7059 = ORIENTED_EDGE('',*,*,#7060,.T.);
#7060 = EDGE_CURVE('',#7038,#6854,#7061,.T.);
#7061 = SURFACE_CURVE('',#7062,(#7066,#7073),.PCURVE_S1.);
#7062 = LINE('',#7063,#7064);
#7063 = CARTESIAN_POINT('',(-3.25E-02,9.5E-03,-1.E-03));
#7064 = VECTOR('',#7065,1.);
#7065 = DIRECTION('',(1.,0.,-0.));
#7066 = PCURVE('',#6463,#7067);
#7067 = DEFINITIONAL_REPRESENTATION('',(#7068),#7072);
#7068 = LINE('',#7069,#7070);
#7069 = CARTESIAN_POINT('',(3.25E-02,0.));
#7070 = VECTOR('',#7071,1.);
#7071 = DIRECTION('',(0.,1.));
#7072 = ( GEOMETRIC_REPRESENTATION_CONTEXT(2) 
PARAMETRIC_REPRESENTATION_CONTEXT() REPRESENTATION_CONTEXT('2D SPACE',''
  ) );
#7073 = PCURVE('',#6789,#7074);
#7074 = DEFINITIONAL_REPRESENTATION('',(#7075),#7079);
#7075 = LINE('',#7076,#7077);
#7076 = CARTESIAN_POINT('',(0.,1.9E-02));
#7077 = VECTOR('',#7078,1.);
#7078 = DIRECTION('',(1.,0.));
#7079 = ( GEOMETRIC_REPRESENTATION_CONTEXT(2) 
PARAMETRIC_REPRESENTATION_CONTEXT() REPRESENTATION_CONTEXT('2D SPACE',''
  ) );
#7080 = ADVANCED_FACE('',(#7081),#6435,.F.);
#7081 = FACE_BOUND('',#7082,.F.);
#7082 = EDGE_LOOP('',(#7083,#7084,#7085,#7106));
#7083 = ORIENTED_EDGE('',*,*,#6419,.F.);
#7084 = ORIENTED_EDGE('',*,*,#6534,.T.);
#7085 = ORIENTED_EDGE('',*,*,#7086,.T.);
#7086 = EDGE_CURVE('',#6505,#6852,#7087,.T.);
#7087 = SURFACE_CURVE('',#7088,(#7092,#7099),.PCURVE_S1.);
#7088 = LINE('',#7089,#7090);
#7089 = CARTESIAN_POINT('',(3.25E-02,-9.5E-03,-3.35E-02));
#7090 = VECTOR('',#7091,1.);
#7091 = DIRECTION('',(-0.,1.,0.));
#7092 = PCURVE('',#6435,#7093);
#7093 = DEFINITIONAL_REPRESENTATION('',(#7094),#7098);
#7094 = LINE('',#7095,#7096);
#7095 = CARTESIAN_POINT('',(6.5E-02,0.));
#7096 = VECTOR('',#7097,1.);
#7097 = DIRECTION('',(0.,1.));
#7098 = ( GEOMETRIC_REPRESENTATION_CONTEXT(2) 
PARAMETRIC_REPRESENTATION_CONTEXT() REPRESENTATION_CONTEXT('2D SPACE',''
  ) );
#7099 = PCURVE('',#6522,#7100);
#7100 = DEFINITIONAL_REPRESENTATION('',(#7101),#7105);
#7101 = LINE('',#7102,#7103);
#7102 = CARTESIAN_POINT('',(0.,0.));
#7103 = VECTOR('',#7104,1.);
#7104 = DIRECTION('',(0.,-1.));
#7105 = ( GEOMETRIC_REPRESENTATION_CONTEXT(2) 
PARAMETRIC_REPRESENTATION_CONTEXT() REPRESENTATION_CONTEXT('2D SPACE',''
  ) );
#7106 = ORIENTED_EDGE('',*,*,#6876,.F.);
#7107 = ADVANCED_FACE('',(#7108),#6522,.T.);
#7108 = FACE_BOUND('',#7109,.T.);
#7109 = EDGE_LOOP('',(#7110,#7111,#7112,#7113));
#7110 = ORIENTED_EDGE('',*,*,#6504,.F.);
#7111 = ORIENTED_EDGE('',*,*,#7086,.T.);
#7112 = ORIENTED_EDGE('',*,*,#6851,.T.);
#7113 = ORIENTED_EDGE('',*,*,#7114,.F.);
#7114 = EDGE_CURVE('',#6507,#6854,#7115,.T.);
#7115 = SURFACE_CURVE('',#7116,(#7120,#7127),.PCURVE_S1.);
#7116 = LINE('',#7117,#7118);
#7117 = CARTESIAN_POINT('',(3.25E-02,-9.5E-03,-1.E-03));
#7118 = VECTOR('',#7119,1.);
#7119 = DIRECTION('',(-0.,1.,0.));
#7120 = PCURVE('',#6522,#7121);
#7121 = DEFINITIONAL_REPRESENTATION('',(#7122),#7126);
#7122 = LINE('',#7123,#7124);
#7123 = CARTESIAN_POINT('',(3.25E-02,0.));
#7124 = VECTOR('',#7125,1.);
#7125 = DIRECTION('',(0.,-1.));
#7126 = ( GEOMETRIC_REPRESENTATION_CONTEXT(2) 
PARAMETRIC_REPRESENTATION_CONTEXT() REPRESENTATION_CONTEXT('2D SPACE',''
  ) );
#7127 = PCURVE('',#6789,#7128);
#7128 = DEFINITIONAL_REPRESENTATION('',(#7129),#7133);
#7129 = LINE('',#7130,#7131);
#7130 = CARTESIAN_POINT('',(6.5E-02,0.));
#7131 = VECTOR('',#7132,1.);
#7132 = DIRECTION('',(0.,1.));
#7133 = ( GEOMETRIC_REPRESENTATION_CONTEXT(2) 
PARAMETRIC_REPRESENTATION_CONTEXT() REPRESENTATION_CONTEXT('2D SPACE',''
  ) );
#7134 = ADVANCED_FACE('',(#7135),#6789,.T.);
#7135 = FACE_BOUND('',#7136,.T.);
#7136 = EDGE_LOOP('',(#7137,#7138,#7157,#7158));
#7137 = ORIENTED_EDGE('',*,*,#7060,.F.);
#7138 = ORIENTED_EDGE('',*,*,#7139,.T.);
#7139 = EDGE_CURVE('',#7038,#6748,#7140,.T.);
#7140 = SURFACE_CURVE('',#7141,(#7145,#7151),.PCURVE_S1.);
#7141 = LINE('',#7142,#7143);
#7142 = CARTESIAN_POINT('',(2.45E-02,-9.5E-03,-1.E-03));
#7143 = VECTOR('',#7144,1.);
#7144 = DIRECTION('',(0.,-1.,0.));
#7145 = PCURVE('',#6789,#7146);
#7146 = DEFINITIONAL_REPRESENTATION('',(#7147),#7150);
#7147 = B_SPLINE_CURVE_WITH_KNOTS('',1,(#7148,#7149),.UNSPECIFIED.,.F.,
  .F.,(2,2),(-1.9E-02,0.),.PIECEWISE_BEZIER_KNOTS.);
#7148 = CARTESIAN_POINT('',(5.7E-02,1.9E-02));
#7149 = CARTESIAN_POINT('',(5.7E-02,0.));
#7150 = ( GEOMETRIC_REPRESENTATION_CONTEXT(2) 
PARAMETRIC_REPRESENTATION_CONTEXT() REPRESENTATION_CONTEXT('2D SPACE',''
  ) );
#7151 = PCURVE('',#6763,#7152);
#7152 = DEFINITIONAL_REPRESENTATION('',(#7153),#7156);
#7153 = B_SPLINE_CURVE_WITH_KNOTS('',1,(#7154,#7155),.UNSPECIFIED.,.F.,
  .F.,(2,2),(-1.9E-02,0.),.PIECEWISE_BEZIER_KNOTS.);
#7154 = CARTESIAN_POINT('',(2.25E-02,-1.9E-02));
#7155 = CARTESIAN_POINT('',(2.25E-02,0.));
#7156 = ( GEOMETRIC_REPRESENTATION_CONTEXT(2) 
PARAMETRIC_REPRESENTATION_CONTEXT() REPRESENTATION_CONTEXT('2D SPACE',''
  ) );
#7157 = ORIENTED_EDGE('',*,*,#6775,.T.);
#7158 = ORIENTED_EDGE('',*,*,#7114,.T.);
#7159 = ADVANCED_FACE('',(#7160),#6763,.F.);
#7160 = FACE_BOUND('',#7161,.F.);
#7161 = EDGE_LOOP('',(#7162,#7163,#7184,#7185));
#7162 = ORIENTED_EDGE('',*,*,#6747,.F.);
#7163 = ORIENTED_EDGE('',*,*,#7164,.T.);
#7164 = EDGE_CURVE('',#6720,#7015,#7165,.T.);
#7165 = SURFACE_CURVE('',#7166,(#7170,#7177),.PCURVE_S1.);
#7166 = LINE('',#7167,#7168);
#7167 = CARTESIAN_POINT('',(2.45E-02,-9.5E-03,-2.35E-02));
#7168 = VECTOR('',#7169,1.);
#7169 = DIRECTION('',(-0.,1.,0.));
#7170 = PCURVE('',#6763,#7171);
#7171 = DEFINITIONAL_REPRESENTATION('',(#7172),#7176);
#7172 = LINE('',#7173,#7174);
#7173 = CARTESIAN_POINT('',(0.,0.));
#7174 = VECTOR('',#7175,1.);
#7175 = DIRECTION('',(0.,-1.));
#7176 = ( GEOMETRIC_REPRESENTATION_CONTEXT(2) 
PARAMETRIC_REPRESENTATION_CONTEXT() REPRESENTATION_CONTEXT('2D SPACE',''
  ) );
#7177 = PCURVE('',#6735,#7178);
#7178 = DEFINITIONAL_REPRESENTATION('',(#7179),#7183);
#7179 = LINE('',#7180,#7181);
#7180 = CARTESIAN_POINT('',(1.5E-02,0.));
#7181 = VECTOR('',#7182,1.);
#7182 = DIRECTION('',(0.,1.));
#7183 = ( GEOMETRIC_REPRESENTATION_CONTEXT(2) 
PARAMETRIC_REPRESENTATION_CONTEXT() REPRESENTATION_CONTEXT('2D SPACE',''
  ) );
#7184 = ORIENTED_EDGE('',*,*,#7037,.T.);
#7185 = ORIENTED_EDGE('',*,*,#7139,.T.);
#7186 = ADVANCED_FACE('',(#7187),#6735,.T.);
#7187 = FACE_BOUND('',#7188,.T.);
#7188 = EDGE_LOOP('',(#7189,#7210,#7211,#7212));
#7189 = ORIENTED_EDGE('',*,*,#7190,.F.);
#7190 = EDGE_CURVE('',#6692,#6992,#7191,.T.);
#7191 = SURFACE_CURVE('',#7192,(#7196,#7203),.PCURVE_S1.);
#7192 = LINE('',#7193,#7194);
#7193 = CARTESIAN_POINT('',(9.5E-03,-9.5E-03,-2.35E-02));
#7194 = VECTOR('',#7195,1.);
#7195 = DIRECTION('',(-0.,1.,0.));
#7196 = PCURVE('',#6735,#7197);
#7197 = DEFINITIONAL_REPRESENTATION('',(#7198),#7202);
#7198 = LINE('',#7199,#7200);
#7199 = CARTESIAN_POINT('',(0.,0.));
#7200 = VECTOR('',#7201,1.);
#7201 = DIRECTION('',(0.,1.));
#7202 = ( GEOMETRIC_REPRESENTATION_CONTEXT(2) 
PARAMETRIC_REPRESENTATION_CONTEXT() REPRESENTATION_CONTEXT('2D SPACE',''
  ) );
#7203 = PCURVE('',#6707,#7204);
#7204 = DEFINITIONAL_REPRESENTATION('',(#7205),#7209);
#7205 = LINE('',#7206,#7207);
#7206 = CARTESIAN_POINT('',(0.,0.));
#7207 = VECTOR('',#7208,1.);
#7208 = DIRECTION('',(0.,-1.));
#7209 = ( GEOMETRIC_REPRESENTATION_CONTEXT(2) 
PARAMETRIC_REPRESENTATION_CONTEXT() REPRESENTATION_CONTEXT('2D SPACE',''
  ) );
#7210 = ORIENTED_EDGE('',*,*,#6719,.T.);
#7211 = ORIENTED_EDGE('',*,*,#7164,.T.);
#7212 = ORIENTED_EDGE('',*,*,#7014,.F.);
#7213 = ADVANCED_FACE('',(#7214),#6707,.T.);
#7214 = FACE_BOUND('',#7215,.T.);
#7215 = EDGE_LOOP('',(#7216,#7217,#7218,#7219));
#7216 = ORIENTED_EDGE('',*,*,#6691,.F.);
#7217 = ORIENTED_EDGE('',*,*,#7190,.T.);
#7218 = ORIENTED_EDGE('',*,*,#6991,.T.);
#7219 = ORIENTED_EDGE('',*,*,#7220,.T.);
#7220 = EDGE_CURVE('',#6969,#6664,#7221,.T.);
#7221 = SURFACE_CURVE('',#7222,(#7226,#7232),.PCURVE_S1.);
#7222 = LINE('',#7223,#7224);
#7223 = CARTESIAN_POINT('',(9.5E-03,-9.5E-03,-1.E-03));
#7224 = VECTOR('',#7225,1.);
#7225 = DIRECTION('',(0.,-1.,0.));
#7226 = PCURVE('',#6707,#7227);
#7227 = DEFINITIONAL_REPRESENTATION('',(#7228),#7231);
#7228 = B_SPLINE_CURVE_WITH_KNOTS('',1,(#7229,#7230),.UNSPECIFIED.,.F.,
  .F.,(2,2),(-1.9E-02,0.),.PIECEWISE_BEZIER_KNOTS.);
#7229 = CARTESIAN_POINT('',(2.25E-02,-1.9E-02));
#7230 = CARTESIAN_POINT('',(2.25E-02,0.));
#7231 = ( GEOMETRIC_REPRESENTATION_CONTEXT(2) 
PARAMETRIC_REPRESENTATION_CONTEXT() REPRESENTATION_CONTEXT('2D SPACE',''
  ) );
#7232 = PCURVE('',#6679,#7233);
#7233 = DEFINITIONAL_REPRESENTATION('',(#7234),#7237);
#7234 = B_SPLINE_CURVE_WITH_KNOTS('',1,(#7235,#7236),.UNSPECIFIED.,.F.,
  .F.,(2,2),(-1.9E-02,0.),.PIECEWISE_BEZIER_KNOTS.);
#7235 = CARTESIAN_POINT('',(4.2E-02,1.9E-02));
#7236 = CARTESIAN_POINT('',(4.2E-02,0.));
#7237 = ( GEOMETRIC_REPRESENTATION_CONTEXT(2) 
PARAMETRIC_REPRESENTATION_CONTEXT() REPRESENTATION_CONTEXT('2D SPACE',''
  ) );
#7238 = ADVANCED_FACE('',(#7239),#6679,.T.);
#7239 = FACE_BOUND('',#7240,.T.);
#7240 = EDGE_LOOP('',(#7241,#7242,#7261,#7262));
#7241 = ORIENTED_EDGE('',*,*,#6968,.F.);
#7242 = ORIENTED_EDGE('',*,*,#7243,.T.);
#7243 = EDGE_CURVE('',#6946,#6636,#7244,.T.);
#7244 = SURFACE_CURVE('',#7245,(#7249,#7255),.PCURVE_S1.);
#7245 = LINE('',#7246,#7247);
#7246 = CARTESIAN_POINT('',(-9.5E-03,-9.5E-03,-1.E-03));
#7247 = VECTOR('',#7248,1.);
#7248 = DIRECTION('',(0.,-1.,0.));
#7249 = PCURVE('',#6679,#7250);
#7250 = DEFINITIONAL_REPRESENTATION('',(#7251),#7254);
#7251 = B_SPLINE_CURVE_WITH_KNOTS('',1,(#7252,#7253),.UNSPECIFIED.,.F.,
  .F.,(2,2),(-1.9E-02,0.),.PIECEWISE_BEZIER_KNOTS.);
#7252 = CARTESIAN_POINT('',(2.3E-02,1.9E-02));
#7253 = CARTESIAN_POINT('',(2.3E-02,0.));
#7254 = ( GEOMETRIC_REPRESENTATION_CONTEXT(2) 
PARAMETRIC_REPRESENTATION_CONTEXT() REPRESENTATION_CONTEXT('2D SPACE',''
  ) );
#7255 = PCURVE('',#6651,#7256);
#7256 = DEFINITIONAL_REPRESENTATION('',(#7257),#7260);
#7257 = B_SPLINE_CURVE_WITH_KNOTS('',1,(#7258,#7259),.UNSPECIFIED.,.F.,
  .F.,(2,2),(-1.9E-02,0.),.PIECEWISE_BEZIER_KNOTS.);
#7258 = CARTESIAN_POINT('',(2.25E-02,-1.9E-02));
#7259 = CARTESIAN_POINT('',(2.25E-02,0.));
#7260 = ( GEOMETRIC_REPRESENTATION_CONTEXT(2) 
PARAMETRIC_REPRESENTATION_CONTEXT() REPRESENTATION_CONTEXT('2D SPACE',''
  ) );
#7261 = ORIENTED_EDGE('',*,*,#6663,.T.);
#7262 = ORIENTED_EDGE('',*,*,#7220,.F.);
#7263 = ADVANCED_FACE('',(#7264),#6651,.F.);
#7264 = FACE_BOUND('',#7265,.F.);
#7265 = EDGE_LOOP('',(#7266,#7267,#7288,#7289));
#7266 = ORIENTED_EDGE('',*,*,#6635,.F.);
#7267 = ORIENTED_EDGE('',*,*,#7268,.T.);
#7268 = EDGE_CURVE('',#6608,#6923,#7269,.T.);
#7269 = SURFACE_CURVE('',#7270,(#7274,#7281),.PCURVE_S1.);
#7270 = LINE('',#7271,#7272);
#7271 = CARTESIAN_POINT('',(-9.5E-03,-9.5E-03,-2.35E-02));
#7272 = VECTOR('',#7273,1.);
#7273 = DIRECTION('',(-0.,1.,0.));
#7274 = PCURVE('',#6651,#7275);
#7275 = DEFINITIONAL_REPRESENTATION('',(#7276),#7280);
#7276 = LINE('',#7277,#7278);
#7277 = CARTESIAN_POINT('',(0.,0.));
#7278 = VECTOR('',#7279,1.);
#7279 = DIRECTION('',(0.,-1.));
#7280 = ( GEOMETRIC_REPRESENTATION_CONTEXT(2) 
PARAMETRIC_REPRESENTATION_CONTEXT() REPRESENTATION_CONTEXT('2D SPACE',''
  ) );
#7281 = PCURVE('',#6623,#7282);
#7282 = DEFINITIONAL_REPRESENTATION('',(#7283),#7287);
#7283 = LINE('',#7284,#7285);
#7284 = CARTESIAN_POINT('',(1.5E-02,0.));
#7285 = VECTOR('',#7286,1.);
#7286 = DIRECTION('',(0.,1.));
#7287 = ( GEOMETRIC_REPRESENTATION_CONTEXT(2) 
PARAMETRIC_REPRESENTATION_CONTEXT() REPRESENTATION_CONTEXT('2D SPACE',''
  ) );
#7288 = ORIENTED_EDGE('',*,*,#6945,.T.);
#7289 = ORIENTED_EDGE('',*,*,#7243,.T.);
#7290 = ADVANCED_FACE('',(#7291),#6623,.T.);
#7291 = FACE_BOUND('',#7292,.T.);
#7292 = EDGE_LOOP('',(#7293,#7314,#7315,#7316));
#7293 = ORIENTED_EDGE('',*,*,#7294,.F.);
#7294 = EDGE_CURVE('',#6580,#6900,#7295,.T.);
#7295 = SURFACE_CURVE('',#7296,(#7300,#7307),.PCURVE_S1.);
#7296 = LINE('',#7297,#7298);
#7297 = CARTESIAN_POINT('',(-2.45E-02,-9.5E-03,-2.35E-02));
#7298 = VECTOR('',#7299,1.);
#7299 = DIRECTION('',(-0.,1.,0.));
#7300 = PCURVE('',#6623,#7301);
#7301 = DEFINITIONAL_REPRESENTATION('',(#7302),#7306);
#7302 = LINE('',#7303,#7304);
#7303 = CARTESIAN_POINT('',(0.,0.));
#7304 = VECTOR('',#7305,1.);
#7305 = DIRECTION('',(0.,1.));
#7306 = ( GEOMETRIC_REPRESENTATION_CONTEXT(2) 
PARAMETRIC_REPRESENTATION_CONTEXT() REPRESENTATION_CONTEXT('2D SPACE',''
  ) );
#7307 = PCURVE('',#6595,#7308);
#7308 = DEFINITIONAL_REPRESENTATION('',(#7309),#7313);
#7309 = LINE('',#7310,#7311);
#7310 = CARTESIAN_POINT('',(0.,0.));
#7311 = VECTOR('',#7312,1.);
#7312 = DIRECTION('',(0.,-1.));
#7313 = ( GEOMETRIC_REPRESENTATION_CONTEXT(2) 
PARAMETRIC_REPRESENTATION_CONTEXT() REPRESENTATION_CONTEXT('2D SPACE',''
  ) );
#7314 = ORIENTED_EDGE('',*,*,#6607,.T.);
#7315 = ORIENTED_EDGE('',*,*,#7268,.T.);
#7316 = ORIENTED_EDGE('',*,*,#6922,.F.);
#7317 = ADVANCED_FACE('',(#7318),#6595,.T.);
#7318 = FACE_BOUND('',#7319,.T.);
#7319 = EDGE_LOOP('',(#7320,#7321,#7322,#7323));
#7320 = ORIENTED_EDGE('',*,*,#6579,.F.);
#7321 = ORIENTED_EDGE('',*,*,#7294,.T.);
#7322 = ORIENTED_EDGE('',*,*,#6899,.T.);
#7323 = ORIENTED_EDGE('',*,*,#6829,.T.);
#7324 = ORIENTED_CLOSED_SHELL('',*,#7325,.F.);
#7325 = CLOSED_SHELL('',(#7326,#7446,#7746,#7795,#8028,#8053,#8080,#8107
    ,#8134,#8159,#8184,#8211,#8238,#8263));
#7326 = ADVANCED_FACE('',(#7327),#7341,.F.);
#7327 = FACE_BOUND('',#7328,.F.);
#7328 = EDGE_LOOP('',(#7329,#7364,#7392,#7420));
#7329 = ORIENTED_EDGE('',*,*,#7330,.F.);
#7330 = EDGE_CURVE('',#7331,#7333,#7335,.T.);
#7331 = VERTEX_POINT('',#7332);
#7332 = CARTESIAN_POINT('',(-3.25E-02,-9.5E-03,1.E-03));
#7333 = VERTEX_POINT('',#7334);
#7334 = CARTESIAN_POINT('',(-3.25E-02,-9.5E-03,3.35E-02));
#7335 = SURFACE_CURVE('',#7336,(#7340,#7352),.PCURVE_S1.);
#7336 = LINE('',#7337,#7338);
#7337 = CARTESIAN_POINT('',(-3.25E-02,-9.5E-03,-3.35E-02));
#7338 = VECTOR('',#7339,1.);
#7339 = DIRECTION('',(0.,0.,1.));
#7340 = PCURVE('',#7341,#7346);
#7341 = PLANE('',#7342);
#7342 = AXIS2_PLACEMENT_3D('',#7343,#7344,#7345);
#7343 = CARTESIAN_POINT('',(-3.25E-02,-9.5E-03,-3.35E-02));
#7344 = DIRECTION('',(1.,0.,-0.));
#7345 = DIRECTION('',(0.,0.,1.));
#7346 = DEFINITIONAL_REPRESENTATION('',(#7347),#7351);
#7347 = LINE('',#7348,#7349);
#7348 = CARTESIAN_POINT('',(0.,0.));
#7349 = VECTOR('',#7350,1.);
#7350 = DIRECTION('',(1.,0.));
#7351 = ( GEOMETRIC_REPRESENTATION_CONTEXT(2) 
PARAMETRIC_REPRESENTATION_CONTEXT() REPRESENTATION_CONTEXT('2D SPACE',''
  ) );
#7352 = PCURVE('',#7353,#7358);
#7353 = PLANE('',#7354);
#7354 = AXIS2_PLACEMENT_3D('',#7355,#7356,#7357);
#7355 = CARTESIAN_POINT('',(-3.25E-02,-9.5E-03,-3.35E-02));
#7356 = DIRECTION('',(-0.,1.,0.));
#7357 = DIRECTION('',(0.,0.,1.));
#7358 = DEFINITIONAL_REPRESENTATION('',(#7359),#7363);
#7359 = LINE('',#7360,#7361);
#7360 = CARTESIAN_POINT('',(0.,0.));
#7361 = VECTOR('',#7362,1.);
#7362 = DIRECTION('',(1.,0.));
#7363 = ( GEOMETRIC_REPRESENTATION_CONTEXT(2) 
PARAMETRIC_REPRESENTATION_CONTEXT() REPRESENTATION_CONTEXT('2D SPACE',''
  ) );
#7364 = ORIENTED_EDGE('',*,*,#7365,.T.);
#7365 = EDGE_CURVE('',#7331,#7366,#7368,.T.);
#7366 = VERTEX_POINT('',#7367);
#7367 = CARTESIAN_POINT('',(-3.25E-02,9.5E-03,1.E-03));
#7368 = SURFACE_CURVE('',#7369,(#7373,#7380),.PCURVE_S1.);
#7369 = LINE('',#7370,#7371);
#7370 = CARTESIAN_POINT('',(-3.25E-02,-9.5E-03,1.E-03));
#7371 = VECTOR('',#7372,1.);
#7372 = DIRECTION('',(-0.,1.,0.));
#7373 = PCURVE('',#7341,#7374);
#7374 = DEFINITIONAL_REPRESENTATION('',(#7375),#7379);
#7375 = LINE('',#7376,#7377);
#7376 = CARTESIAN_POINT('',(3.45E-02,0.));
#7377 = VECTOR('',#7378,1.);
#7378 = DIRECTION('',(0.,-1.));
#7379 = ( GEOMETRIC_REPRESENTATION_CONTEXT(2) 
PARAMETRIC_REPRESENTATION_CONTEXT() REPRESENTATION_CONTEXT('2D SPACE',''
  ) );
#7380 = PCURVE('',#7381,#7386);
#7381 = PLANE('',#7382);
#7382 = AXIS2_PLACEMENT_3D('',#7383,#7384,#7385);
#7383 = CARTESIAN_POINT('',(-3.25E-02,-9.5E-03,1.E-03));
#7384 = DIRECTION('',(0.,0.,1.));
#7385 = DIRECTION('',(1.,0.,-0.));
#7386 = DEFINITIONAL_REPRESENTATION('',(#7387),#7391);
#7387 = LINE('',#7388,#7389);
#7388 = CARTESIAN_POINT('',(0.,0.));
#7389 = VECTOR('',#7390,1.);
#7390 = DIRECTION('',(0.,1.));
#7391 = ( GEOMETRIC_REPRESENTATION_CONTEXT(2) 
PARAMETRIC_REPRESENTATION_CONTEXT() REPRESENTATION_CONTEXT('2D SPACE',''
  ) );
#7392 = ORIENTED_EDGE('',*,*,#7393,.T.);
#7393 = EDGE_CURVE('',#7366,#7394,#7396,.T.);
#7394 = VERTEX_POINT('',#7395);
#7395 = CARTESIAN_POINT('',(-3.25E-02,9.5E-03,3.35E-02));
#7396 = SURFACE_CURVE('',#7397,(#7401,#7408),.PCURVE_S1.);
#7397 = LINE('',#7398,#7399);
#7398 = CARTESIAN_POINT('',(-3.25E-02,9.5E-03,-3.35E-02));
#7399 = VECTOR('',#7400,1.);
#7400 = DIRECTION('',(0.,0.,1.));
#7401 = PCURVE('',#7341,#7402);
#7402 = DEFINITIONAL_REPRESENTATION('',(#7403),#7407);
#7403 = LINE('',#7404,#7405);
#7404 = CARTESIAN_POINT('',(0.,-1.9E-02));
#7405 = VECTOR('',#7406,1.);
#7406 = DIRECTION('',(1.,0.));
#7407 = ( GEOMETRIC_REPRESENTATION_CONTEXT(2) 
PARAMETRIC_REPRESENTATION_CONTEXT() REPRESENTATION_CONTEXT('2D SPACE',''
  ) );
#7408 = PCURVE('',#7409,#7414);
#7409 = PLANE('',#7410);
#7410 = AXIS2_PLACEMENT_3D('',#7411,#7412,#7413);
#7411 = CARTESIAN_POINT('',(-3.25E-02,9.5E-03,-3.35E-02));
#7412 = DIRECTION('',(-0.,1.,0.));
#7413 = DIRECTION('',(0.,0.,1.));
#7414 = DEFINITIONAL_REPRESENTATION('',(#7415),#7419);
#7415 = LINE('',#7416,#7417);
#7416 = CARTESIAN_POINT('',(0.,0.));
#7417 = VECTOR('',#7418,1.);
#7418 = DIRECTION('',(1.,0.));
#7419 = ( GEOMETRIC_REPRESENTATION_CONTEXT(2) 
PARAMETRIC_REPRESENTATION_CONTEXT() REPRESENTATION_CONTEXT('2D SPACE',''
  ) );
#7420 = ORIENTED_EDGE('',*,*,#7421,.F.);
#7421 = EDGE_CURVE('',#7333,#7394,#7422,.T.);
#7422 = SURFACE_CURVE('',#7423,(#7427,#7434),.PCURVE_S1.);
#7423 = LINE('',#7424,#7425);
#7424 = CARTESIAN_POINT('',(-3.25E-02,-9.5E-03,3.35E-02));
#7425 = VECTOR('',#7426,1.);
#7426 = DIRECTION('',(-0.,1.,0.));
#7427 = PCURVE('',#7341,#7428);
#7428 = DEFINITIONAL_REPRESENTATION('',(#7429),#7433);
#7429 = LINE('',#7430,#7431);
#7430 = CARTESIAN_POINT('',(6.7E-02,0.));
#7431 = VECTOR('',#7432,1.);
#7432 = DIRECTION('',(0.,-1.));
#7433 = ( GEOMETRIC_REPRESENTATION_CONTEXT(2) 
PARAMETRIC_REPRESENTATION_CONTEXT() REPRESENTATION_CONTEXT('2D SPACE',''
  ) );
#7434 = PCURVE('',#7435,#7440);
#7435 = PLANE('',#7436);
#7436 = AXIS2_PLACEMENT_3D('',#7437,#7438,#7439);
#7437 = CARTESIAN_POINT('',(-3.25E-02,-9.5E-03,3.35E-02));
#7438 = DIRECTION('',(0.,0.,1.));
#7439 = DIRECTION('',(1.,0.,-0.));
#7440 = DEFINITIONAL_REPRESENTATION('',(#7441),#7445);
#7441 = LINE('',#7442,#7443);
#7442 = CARTESIAN_POINT('',(0.,0.));
#7443 = VECTOR('',#7444,1.);
#7444 = DIRECTION('',(0.,1.));
#7445 = ( GEOMETRIC_REPRESENTATION_CONTEXT(2) 
PARAMETRIC_REPRESENTATION_CONTEXT() REPRESENTATION_CONTEXT('2D SPACE',''
  ) );
#7446 = ADVANCED_FACE('',(#7447),#7353,.F.);
#7447 = FACE_BOUND('',#7448,.F.);
#7448 = EDGE_LOOP('',(#7449,#7479,#7507,#7535,#7563,#7591,#7619,#7647,
    #7675,#7703,#7724,#7725));
#7449 = ORIENTED_EDGE('',*,*,#7450,.F.);
#7450 = EDGE_CURVE('',#7451,#7453,#7455,.T.);
#7451 = VERTEX_POINT('',#7452);
#7452 = CARTESIAN_POINT('',(3.25E-02,-9.5E-03,1.E-03));
#7453 = VERTEX_POINT('',#7454);
#7454 = CARTESIAN_POINT('',(3.25E-02,-9.5E-03,3.35E-02));
#7455 = SURFACE_CURVE('',#7456,(#7460,#7467),.PCURVE_S1.);
#7456 = LINE('',#7457,#7458);
#7457 = CARTESIAN_POINT('',(3.25E-02,-9.5E-03,-3.35E-02));
#7458 = VECTOR('',#7459,1.);
#7459 = DIRECTION('',(0.,0.,1.));
#7460 = PCURVE('',#7353,#7461);
#7461 = DEFINITIONAL_REPRESENTATION('',(#7462),#7466);
#7462 = LINE('',#7463,#7464);
#7463 = CARTESIAN_POINT('',(0.,6.5E-02));
#7464 = VECTOR('',#7465,1.);
#7465 = DIRECTION('',(1.,0.));
#7466 = ( GEOMETRIC_REPRESENTATION_CONTEXT(2) 
PARAMETRIC_REPRESENTATION_CONTEXT() REPRESENTATION_CONTEXT('2D SPACE',''
  ) );
#7467 = PCURVE('',#7468,#7473);
#7468 = PLANE('',#7469);
#7469 = AXIS2_PLACEMENT_3D('',#7470,#7471,#7472);
#7470 = CARTESIAN_POINT('',(3.25E-02,-9.5E-03,-3.35E-02));
#7471 = DIRECTION('',(1.,0.,-0.));
#7472 = DIRECTION('',(0.,0.,1.));
#7473 = DEFINITIONAL_REPRESENTATION('',(#7474),#7478);
#7474 = LINE('',#7475,#7476);
#7475 = CARTESIAN_POINT('',(0.,0.));
#7476 = VECTOR('',#7477,1.);
#7477 = DIRECTION('',(1.,0.));
#7478 = ( GEOMETRIC_REPRESENTATION_CONTEXT(2) 
PARAMETRIC_REPRESENTATION_CONTEXT() REPRESENTATION_CONTEXT('2D SPACE',''
  ) );
#7479 = ORIENTED_EDGE('',*,*,#7480,.F.);
#7480 = EDGE_CURVE('',#7481,#7451,#7483,.T.);
#7481 = VERTEX_POINT('',#7482);
#7482 = CARTESIAN_POINT('',(2.45E-02,-9.5E-03,1.E-03));
#7483 = SURFACE_CURVE('',#7484,(#7488,#7495),.PCURVE_S1.);
#7484 = LINE('',#7485,#7486);
#7485 = CARTESIAN_POINT('',(-3.25E-02,-9.5E-03,1.E-03));
#7486 = VECTOR('',#7487,1.);
#7487 = DIRECTION('',(1.,0.,-0.));
#7488 = PCURVE('',#7353,#7489);
#7489 = DEFINITIONAL_REPRESENTATION('',(#7490),#7494);
#7490 = LINE('',#7491,#7492);
#7491 = CARTESIAN_POINT('',(3.45E-02,0.));
#7492 = VECTOR('',#7493,1.);
#7493 = DIRECTION('',(0.,1.));
#7494 = ( GEOMETRIC_REPRESENTATION_CONTEXT(2) 
PARAMETRIC_REPRESENTATION_CONTEXT() REPRESENTATION_CONTEXT('2D SPACE',''
  ) );
#7495 = PCURVE('',#7496,#7501);
#7496 = PLANE('',#7497);
#7497 = AXIS2_PLACEMENT_3D('',#7498,#7499,#7500);
#7498 = CARTESIAN_POINT('',(-3.25E-02,-9.5E-03,1.E-03));
#7499 = DIRECTION('',(0.,0.,1.));
#7500 = DIRECTION('',(1.,0.,-0.));
#7501 = DEFINITIONAL_REPRESENTATION('',(#7502),#7506);
#7502 = LINE('',#7503,#7504);
#7503 = CARTESIAN_POINT('',(0.,0.));
#7504 = VECTOR('',#7505,1.);
#7505 = DIRECTION('',(1.,0.));
#7506 = ( GEOMETRIC_REPRESENTATION_CONTEXT(2) 
PARAMETRIC_REPRESENTATION_CONTEXT() REPRESENTATION_CONTEXT('2D SPACE',''
  ) );
#7507 = ORIENTED_EDGE('',*,*,#7508,.T.);
#7508 = EDGE_CURVE('',#7481,#7509,#7511,.T.);
#7509 = VERTEX_POINT('',#7510);
#7510 = CARTESIAN_POINT('',(2.45E-02,-9.5E-03,2.35E-02));
#7511 = SURFACE_CURVE('',#7512,(#7516,#7523),.PCURVE_S1.);
#7512 = LINE('',#7513,#7514);
#7513 = CARTESIAN_POINT('',(2.45E-02,-9.5E-03,-2.35E-02));
#7514 = VECTOR('',#7515,1.);
#7515 = DIRECTION('',(0.,0.,1.));
#7516 = PCURVE('',#7353,#7517);
#7517 = DEFINITIONAL_REPRESENTATION('',(#7518),#7522);
#7518 = LINE('',#7519,#7520);
#7519 = CARTESIAN_POINT('',(1.E-02,5.7E-02));
#7520 = VECTOR('',#7521,1.);
#7521 = DIRECTION('',(1.,0.));
#7522 = ( GEOMETRIC_REPRESENTATION_CONTEXT(2) 
PARAMETRIC_REPRESENTATION_CONTEXT() REPRESENTATION_CONTEXT('2D SPACE',''
  ) );
#7523 = PCURVE('',#7524,#7529);
#7524 = PLANE('',#7525);
#7525 = AXIS2_PLACEMENT_3D('',#7526,#7527,#7528);
#7526 = CARTESIAN_POINT('',(2.45E-02,-9.5E-03,-2.35E-02));
#7527 = DIRECTION('',(1.,0.,-0.));
#7528 = DIRECTION('',(0.,0.,1.));
#7529 = DEFINITIONAL_REPRESENTATION('',(#7530),#7534);
#7530 = LINE('',#7531,#7532);
#7531 = CARTESIAN_POINT('',(0.,0.));
#7532 = VECTOR('',#7533,1.);
#7533 = DIRECTION('',(1.,0.));
#7534 = ( GEOMETRIC_REPRESENTATION_CONTEXT(2) 
PARAMETRIC_REPRESENTATION_CONTEXT() REPRESENTATION_CONTEXT('2D SPACE',''
  ) );
#7535 = ORIENTED_EDGE('',*,*,#7536,.F.);
#7536 = EDGE_CURVE('',#7537,#7509,#7539,.T.);
#7537 = VERTEX_POINT('',#7538);
#7538 = CARTESIAN_POINT('',(9.5E-03,-9.5E-03,2.35E-02));
#7539 = SURFACE_CURVE('',#7540,(#7544,#7551),.PCURVE_S1.);
#7540 = LINE('',#7541,#7542);
#7541 = CARTESIAN_POINT('',(9.5E-03,-9.5E-03,2.35E-02));
#7542 = VECTOR('',#7543,1.);
#7543 = DIRECTION('',(1.,0.,-0.));
#7544 = PCURVE('',#7353,#7545);
#7545 = DEFINITIONAL_REPRESENTATION('',(#7546),#7550);
#7546 = LINE('',#7547,#7548);
#7547 = CARTESIAN_POINT('',(5.7E-02,4.2E-02));
#7548 = VECTOR('',#7549,1.);
#7549 = DIRECTION('',(0.,1.));
#7550 = ( GEOMETRIC_REPRESENTATION_CONTEXT(2) 
PARAMETRIC_REPRESENTATION_CONTEXT() REPRESENTATION_CONTEXT('2D SPACE',''
  ) );
#7551 = PCURVE('',#7552,#7557);
#7552 = PLANE('',#7553);
#7553 = AXIS2_PLACEMENT_3D('',#7554,#7555,#7556);
#7554 = CARTESIAN_POINT('',(9.5E-03,-9.5E-03,2.35E-02));
#7555 = DIRECTION('',(0.,0.,1.));
#7556 = DIRECTION('',(1.,0.,-0.));
#7557 = DEFINITIONAL_REPRESENTATION('',(#7558),#7562);
#7558 = LINE('',#7559,#7560);
#7559 = CARTESIAN_POINT('',(0.,0.));
#7560 = VECTOR('',#7561,1.);
#7561 = DIRECTION('',(1.,0.));
#7562 = ( GEOMETRIC_REPRESENTATION_CONTEXT(2) 
PARAMETRIC_REPRESENTATION_CONTEXT() REPRESENTATION_CONTEXT('2D SPACE',''
  ) );
#7563 = ORIENTED_EDGE('',*,*,#7564,.F.);
#7564 = EDGE_CURVE('',#7565,#7537,#7567,.T.);
#7565 = VERTEX_POINT('',#7566);
#7566 = CARTESIAN_POINT('',(9.5E-03,-9.5E-03,1.E-03));
#7567 = SURFACE_CURVE('',#7568,(#7572,#7579),.PCURVE_S1.);
#7568 = LINE('',#7569,#7570);
#7569 = CARTESIAN_POINT('',(9.5E-03,-9.5E-03,-2.35E-02));
#7570 = VECTOR('',#7571,1.);
#7571 = DIRECTION('',(0.,0.,1.));
#7572 = PCURVE('',#7353,#7573);
#7573 = DEFINITIONAL_REPRESENTATION('',(#7574),#7578);
#7574 = LINE('',#7575,#7576);
#7575 = CARTESIAN_POINT('',(1.E-02,4.2E-02));
#7576 = VECTOR('',#7577,1.);
#7577 = DIRECTION('',(1.,0.));
#7578 = ( GEOMETRIC_REPRESENTATION_CONTEXT(2) 
PARAMETRIC_REPRESENTATION_CONTEXT() REPRESENTATION_CONTEXT('2D SPACE',''
  ) );
#7579 = PCURVE('',#7580,#7585);
#7580 = PLANE('',#7581);
#7581 = AXIS2_PLACEMENT_3D('',#7582,#7583,#7584);
#7582 = CARTESIAN_POINT('',(9.5E-03,-9.5E-03,-2.35E-02));
#7583 = DIRECTION('',(1.,0.,-0.));
#7584 = DIRECTION('',(0.,0.,1.));
#7585 = DEFINITIONAL_REPRESENTATION('',(#7586),#7590);
#7586 = LINE('',#7587,#7588);
#7587 = CARTESIAN_POINT('',(0.,0.));
#7588 = VECTOR('',#7589,1.);
#7589 = DIRECTION('',(1.,0.));
#7590 = ( GEOMETRIC_REPRESENTATION_CONTEXT(2) 
PARAMETRIC_REPRESENTATION_CONTEXT() REPRESENTATION_CONTEXT('2D SPACE',''
  ) );
#7591 = ORIENTED_EDGE('',*,*,#7592,.F.);
#7592 = EDGE_CURVE('',#7593,#7565,#7595,.T.);
#7593 = VERTEX_POINT('',#7594);
#7594 = CARTESIAN_POINT('',(-9.5E-03,-9.5E-03,1.E-03));
#7595 = SURFACE_CURVE('',#7596,(#7600,#7607),.PCURVE_S1.);
#7596 = LINE('',#7597,#7598);
#7597 = CARTESIAN_POINT('',(-3.25E-02,-9.5E-03,1.E-03));
#7598 = VECTOR('',#7599,1.);
#7599 = DIRECTION('',(1.,0.,-0.));
#7600 = PCURVE('',#7353,#7601);
#7601 = DEFINITIONAL_REPRESENTATION('',(#7602),#7606);
#7602 = LINE('',#7603,#7604);
#7603 = CARTESIAN_POINT('',(3.45E-02,0.));
#7604 = VECTOR('',#7605,1.);
#7605 = DIRECTION('',(0.,1.));
#7606 = ( GEOMETRIC_REPRESENTATION_CONTEXT(2) 
PARAMETRIC_REPRESENTATION_CONTEXT() REPRESENTATION_CONTEXT('2D SPACE',''
  ) );
#7607 = PCURVE('',#7608,#7613);
#7608 = PLANE('',#7609);
#7609 = AXIS2_PLACEMENT_3D('',#7610,#7611,#7612);
#7610 = CARTESIAN_POINT('',(-3.25E-02,-9.5E-03,1.E-03));
#7611 = DIRECTION('',(0.,0.,1.));
#7612 = DIRECTION('',(1.,0.,-0.));
#7613 = DEFINITIONAL_REPRESENTATION('',(#7614),#7618);
#7614 = LINE('',#7615,#7616);
#7615 = CARTESIAN_POINT('',(0.,0.));
#7616 = VECTOR('',#7617,1.);
#7617 = DIRECTION('',(1.,0.));
#7618 = ( GEOMETRIC_REPRESENTATION_CONTEXT(2) 
PARAMETRIC_REPRESENTATION_CONTEXT() REPRESENTATION_CONTEXT('2D SPACE',''
  ) );
#7619 = ORIENTED_EDGE('',*,*,#7620,.T.);
#7620 = EDGE_CURVE('',#7593,#7621,#7623,.T.);
#7621 = VERTEX_POINT('',#7622);
#7622 = CARTESIAN_POINT('',(-9.5E-03,-9.5E-03,2.35E-02));
#7623 = SURFACE_CURVE('',#7624,(#7628,#7635),.PCURVE_S1.);
#7624 = LINE('',#7625,#7626);
#7625 = CARTESIAN_POINT('',(-9.5E-03,-9.5E-03,-2.35E-02));
#7626 = VECTOR('',#7627,1.);
#7627 = DIRECTION('',(0.,0.,1.));
#7628 = PCURVE('',#7353,#7629);
#7629 = DEFINITIONAL_REPRESENTATION('',(#7630),#7634);
#7630 = LINE('',#7631,#7632);
#7631 = CARTESIAN_POINT('',(1.E-02,2.3E-02));
#7632 = VECTOR('',#7633,1.);
#7633 = DIRECTION('',(1.,0.));
#7634 = ( GEOMETRIC_REPRESENTATION_CONTEXT(2) 
PARAMETRIC_REPRESENTATION_CONTEXT() REPRESENTATION_CONTEXT('2D SPACE',''
  ) );
#7635 = PCURVE('',#7636,#7641);
#7636 = PLANE('',#7637);
#7637 = AXIS2_PLACEMENT_3D('',#7638,#7639,#7640);
#7638 = CARTESIAN_POINT('',(-9.5E-03,-9.5E-03,-2.35E-02));
#7639 = DIRECTION('',(1.,0.,-0.));
#7640 = DIRECTION('',(0.,0.,1.));
#7641 = DEFINITIONAL_REPRESENTATION('',(#7642),#7646);
#7642 = LINE('',#7643,#7644);
#7643 = CARTESIAN_POINT('',(0.,0.));
#7644 = VECTOR('',#7645,1.);
#7645 = DIRECTION('',(1.,0.));
#7646 = ( GEOMETRIC_REPRESENTATION_CONTEXT(2) 
PARAMETRIC_REPRESENTATION_CONTEXT() REPRESENTATION_CONTEXT('2D SPACE',''
  ) );
#7647 = ORIENTED_EDGE('',*,*,#7648,.F.);
#7648 = EDGE_CURVE('',#7649,#7621,#7651,.T.);
#7649 = VERTEX_POINT('',#7650);
#7650 = CARTESIAN_POINT('',(-2.45E-02,-9.5E-03,2.35E-02));
#7651 = SURFACE_CURVE('',#7652,(#7656,#7663),.PCURVE_S1.);
#7652 = LINE('',#7653,#7654);
#7653 = CARTESIAN_POINT('',(-2.45E-02,-9.5E-03,2.35E-02));
#7654 = VECTOR('',#7655,1.);
#7655 = DIRECTION('',(1.,0.,-0.));
#7656 = PCURVE('',#7353,#7657);
#7657 = DEFINITIONAL_REPRESENTATION('',(#7658),#7662);
#7658 = LINE('',#7659,#7660);
#7659 = CARTESIAN_POINT('',(5.7E-02,8.E-03));
#7660 = VECTOR('',#7661,1.);
#7661 = DIRECTION('',(0.,1.));
#7662 = ( GEOMETRIC_REPRESENTATION_CONTEXT(2) 
PARAMETRIC_REPRESENTATION_CONTEXT() REPRESENTATION_CONTEXT('2D SPACE',''
  ) );
#7663 = PCURVE('',#7664,#7669);
#7664 = PLANE('',#7665);
#7665 = AXIS2_PLACEMENT_3D('',#7666,#7667,#7668);
#7666 = CARTESIAN_POINT('',(-2.45E-02,-9.5E-03,2.35E-02));
#7667 = DIRECTION('',(0.,0.,1.));
#7668 = DIRECTION('',(1.,0.,-0.));
#7669 = DEFINITIONAL_REPRESENTATION('',(#7670),#7674);
#7670 = LINE('',#7671,#7672);
#7671 = CARTESIAN_POINT('',(0.,0.));
#7672 = VECTOR('',#7673,1.);
#7673 = DIRECTION('',(1.,0.));
#7674 = ( GEOMETRIC_REPRESENTATION_CONTEXT(2) 
PARAMETRIC_REPRESENTATION_CONTEXT() REPRESENTATION_CONTEXT('2D SPACE',''
  ) );
#7675 = ORIENTED_EDGE('',*,*,#7676,.F.);
#7676 = EDGE_CURVE('',#7677,#7649,#7679,.T.);
#7677 = VERTEX_POINT('',#7678);
#7678 = CARTESIAN_POINT('',(-2.45E-02,-9.5E-03,1.E-03));
#7679 = SURFACE_CURVE('',#7680,(#7684,#7691),.PCURVE_S1.);
#7680 = LINE('',#7681,#7682);
#7681 = CARTESIAN_POINT('',(-2.45E-02,-9.5E-03,-2.35E-02));
#7682 = VECTOR('',#7683,1.);
#7683 = DIRECTION('',(0.,0.,1.));
#7684 = PCURVE('',#7353,#7685);
#7685 = DEFINITIONAL_REPRESENTATION('',(#7686),#7690);
#7686 = LINE('',#7687,#7688);
#7687 = CARTESIAN_POINT('',(1.E-02,8.E-03));
#7688 = VECTOR('',#7689,1.);
#7689 = DIRECTION('',(1.,0.));
#7690 = ( GEOMETRIC_REPRESENTATION_CONTEXT(2) 
PARAMETRIC_REPRESENTATION_CONTEXT() REPRESENTATION_CONTEXT('2D SPACE',''
  ) );
#7691 = PCURVE('',#7692,#7697);
#7692 = PLANE('',#7693);
#7693 = AXIS2_PLACEMENT_3D('',#7694,#7695,#7696);
#7694 = CARTESIAN_POINT('',(-2.45E-02,-9.5E-03,-2.35E-02));
#7695 = DIRECTION('',(1.,0.,-0.));
#7696 = DIRECTION('',(0.,0.,1.));
#7697 = DEFINITIONAL_REPRESENTATION('',(#7698),#7702);
#7698 = LINE('',#7699,#7700);
#7699 = CARTESIAN_POINT('',(0.,0.));
#7700 = VECTOR('',#7701,1.);
#7701 = DIRECTION('',(1.,0.));
#7702 = ( GEOMETRIC_REPRESENTATION_CONTEXT(2) 
PARAMETRIC_REPRESENTATION_CONTEXT() REPRESENTATION_CONTEXT('2D SPACE',''
  ) );
#7703 = ORIENTED_EDGE('',*,*,#7704,.F.);
#7704 = EDGE_CURVE('',#7331,#7677,#7705,.T.);
#7705 = SURFACE_CURVE('',#7706,(#7710,#7717),.PCURVE_S1.);
#7706 = LINE('',#7707,#7708);
#7707 = CARTESIAN_POINT('',(-3.25E-02,-9.5E-03,1.E-03));
#7708 = VECTOR('',#7709,1.);
#7709 = DIRECTION('',(1.,0.,-0.));
#7710 = PCURVE('',#7353,#7711);
#7711 = DEFINITIONAL_REPRESENTATION('',(#7712),#7716);
#7712 = LINE('',#7713,#7714);
#7713 = CARTESIAN_POINT('',(3.45E-02,0.));
#7714 = VECTOR('',#7715,1.);
#7715 = DIRECTION('',(0.,1.));
#7716 = ( GEOMETRIC_REPRESENTATION_CONTEXT(2) 
PARAMETRIC_REPRESENTATION_CONTEXT() REPRESENTATION_CONTEXT('2D SPACE',''
  ) );
#7717 = PCURVE('',#7381,#7718);
#7718 = DEFINITIONAL_REPRESENTATION('',(#7719),#7723);
#7719 = LINE('',#7720,#7721);
#7720 = CARTESIAN_POINT('',(0.,0.));
#7721 = VECTOR('',#7722,1.);
#7722 = DIRECTION('',(1.,0.));
#7723 = ( GEOMETRIC_REPRESENTATION_CONTEXT(2) 
PARAMETRIC_REPRESENTATION_CONTEXT() REPRESENTATION_CONTEXT('2D SPACE',''
  ) );
#7724 = ORIENTED_EDGE('',*,*,#7330,.T.);
#7725 = ORIENTED_EDGE('',*,*,#7726,.T.);
#7726 = EDGE_CURVE('',#7333,#7453,#7727,.T.);
#7727 = SURFACE_CURVE('',#7728,(#7732,#7739),.PCURVE_S1.);
#7728 = LINE('',#7729,#7730);
#7729 = CARTESIAN_POINT('',(-3.25E-02,-9.5E-03,3.35E-02));
#7730 = VECTOR('',#7731,1.);
#7731 = DIRECTION('',(1.,0.,-0.));
#7732 = PCURVE('',#7353,#7733);
#7733 = DEFINITIONAL_REPRESENTATION('',(#7734),#7738);
#7734 = LINE('',#7735,#7736);
#7735 = CARTESIAN_POINT('',(6.7E-02,0.));
#7736 = VECTOR('',#7737,1.);
#7737 = DIRECTION('',(0.,1.));
#7738 = ( GEOMETRIC_REPRESENTATION_CONTEXT(2) 
PARAMETRIC_REPRESENTATION_CONTEXT() REPRESENTATION_CONTEXT('2D SPACE',''
  ) );
#7739 = PCURVE('',#7435,#7740);
#7740 = DEFINITIONAL_REPRESENTATION('',(#7741),#7745);
#7741 = LINE('',#7742,#7743);
#7742 = CARTESIAN_POINT('',(0.,0.));
#7743 = VECTOR('',#7744,1.);
#7744 = DIRECTION('',(1.,0.));
#7745 = ( GEOMETRIC_REPRESENTATION_CONTEXT(2) 
PARAMETRIC_REPRESENTATION_CONTEXT() REPRESENTATION_CONTEXT('2D SPACE',''
  ) );
#7746 = ADVANCED_FACE('',(#7747),#7435,.T.);
#7747 = FACE_BOUND('',#7748,.T.);
#7748 = EDGE_LOOP('',(#7749,#7750,#7751,#7774));
#7749 = ORIENTED_EDGE('',*,*,#7421,.F.);
#7750 = ORIENTED_EDGE('',*,*,#7726,.T.);
#7751 = ORIENTED_EDGE('',*,*,#7752,.T.);
#7752 = EDGE_CURVE('',#7453,#7753,#7755,.T.);
#7753 = VERTEX_POINT('',#7754);
#7754 = CARTESIAN_POINT('',(3.25E-02,9.5E-03,3.35E-02));
#7755 = SURFACE_CURVE('',#7756,(#7760,#7767),.PCURVE_S1.);
#7756 = LINE('',#7757,#7758);
#7757 = CARTESIAN_POINT('',(3.25E-02,-9.5E-03,3.35E-02));
#7758 = VECTOR('',#7759,1.);
#7759 = DIRECTION('',(-0.,1.,0.));
#7760 = PCURVE('',#7435,#7761);
#7761 = DEFINITIONAL_REPRESENTATION('',(#7762),#7766);
#7762 = LINE('',#7763,#7764);
#7763 = CARTESIAN_POINT('',(6.5E-02,0.));
#7764 = VECTOR('',#7765,1.);
#7765 = DIRECTION('',(0.,1.));
#7766 = ( GEOMETRIC_REPRESENTATION_CONTEXT(2) 
PARAMETRIC_REPRESENTATION_CONTEXT() REPRESENTATION_CONTEXT('2D SPACE',''
  ) );
#7767 = PCURVE('',#7468,#7768);
#7768 = DEFINITIONAL_REPRESENTATION('',(#7769),#7773);
#7769 = LINE('',#7770,#7771);
#7770 = CARTESIAN_POINT('',(6.7E-02,0.));
#7771 = VECTOR('',#7772,1.);
#7772 = DIRECTION('',(0.,-1.));
#7773 = ( GEOMETRIC_REPRESENTATION_CONTEXT(2) 
PARAMETRIC_REPRESENTATION_CONTEXT() REPRESENTATION_CONTEXT('2D SPACE',''
  ) );
#7774 = ORIENTED_EDGE('',*,*,#7775,.F.);
#7775 = EDGE_CURVE('',#7394,#7753,#7776,.T.);
#7776 = SURFACE_CURVE('',#7777,(#7781,#7788),.PCURVE_S1.);
#7777 = LINE('',#7778,#7779);
#7778 = CARTESIAN_POINT('',(-3.25E-02,9.5E-03,3.35E-02));
#7779 = VECTOR('',#7780,1.);
#7780 = DIRECTION('',(1.,0.,-0.));
#7781 = PCURVE('',#7435,#7782);
#7782 = DEFINITIONAL_REPRESENTATION('',(#7783),#7787);
#7783 = LINE('',#7784,#7785);
#7784 = CARTESIAN_POINT('',(0.,1.9E-02));
#7785 = VECTOR('',#7786,1.);
#7786 = DIRECTION('',(1.,0.));
#7787 = ( GEOMETRIC_REPRESENTATION_CONTEXT(2) 
PARAMETRIC_REPRESENTATION_CONTEXT() REPRESENTATION_CONTEXT('2D SPACE',''
  ) );
#7788 = PCURVE('',#7409,#7789);
#7789 = DEFINITIONAL_REPRESENTATION('',(#7790),#7794);
#7790 = LINE('',#7791,#7792);
#7791 = CARTESIAN_POINT('',(6.7E-02,0.));
#7792 = VECTOR('',#7793,1.);
#7793 = DIRECTION('',(0.,1.));
#7794 = ( GEOMETRIC_REPRESENTATION_CONTEXT(2) 
PARAMETRIC_REPRESENTATION_CONTEXT() REPRESENTATION_CONTEXT('2D SPACE',''
  ) );
#7795 = ADVANCED_FACE('',(#7796),#7409,.T.);
#7796 = FACE_BOUND('',#7797,.T.);
#7797 = EDGE_LOOP('',(#7798,#7821,#7844,#7867,#7890,#7913,#7936,#7959,
    #7982,#8005,#8026,#8027));
#7798 = ORIENTED_EDGE('',*,*,#7799,.F.);
#7799 = EDGE_CURVE('',#7800,#7753,#7802,.T.);
#7800 = VERTEX_POINT('',#7801);
#7801 = CARTESIAN_POINT('',(3.25E-02,9.5E-03,1.E-03));
#7802 = SURFACE_CURVE('',#7803,(#7807,#7814),.PCURVE_S1.);
#7803 = LINE('',#7804,#7805);
#7804 = CARTESIAN_POINT('',(3.25E-02,9.5E-03,-3.35E-02));
#7805 = VECTOR('',#7806,1.);
#7806 = DIRECTION('',(0.,0.,1.));
#7807 = PCURVE('',#7409,#7808);
#7808 = DEFINITIONAL_REPRESENTATION('',(#7809),#7813);
#7809 = LINE('',#7810,#7811);
#7810 = CARTESIAN_POINT('',(0.,6.5E-02));
#7811 = VECTOR('',#7812,1.);
#7812 = DIRECTION('',(1.,0.));
#7813 = ( GEOMETRIC_REPRESENTATION_CONTEXT(2) 
PARAMETRIC_REPRESENTATION_CONTEXT() REPRESENTATION_CONTEXT('2D SPACE',''
  ) );
#7814 = PCURVE('',#7468,#7815);
#7815 = DEFINITIONAL_REPRESENTATION('',(#7816),#7820);
#7816 = LINE('',#7817,#7818);
#7817 = CARTESIAN_POINT('',(0.,-1.9E-02));
#7818 = VECTOR('',#7819,1.);
#7819 = DIRECTION('',(1.,0.));
#7820 = ( GEOMETRIC_REPRESENTATION_CONTEXT(2) 
PARAMETRIC_REPRESENTATION_CONTEXT() REPRESENTATION_CONTEXT('2D SPACE',''
  ) );
#7821 = ORIENTED_EDGE('',*,*,#7822,.F.);
#7822 = EDGE_CURVE('',#7823,#7800,#7825,.T.);
#7823 = VERTEX_POINT('',#7824);
#7824 = CARTESIAN_POINT('',(2.45E-02,9.5E-03,1.E-03));
#7825 = SURFACE_CURVE('',#7826,(#7830,#7837),.PCURVE_S1.);
#7826 = LINE('',#7827,#7828);
#7827 = CARTESIAN_POINT('',(-3.25E-02,9.5E-03,1.E-03));
#7828 = VECTOR('',#7829,1.);
#7829 = DIRECTION('',(1.,0.,-0.));
#7830 = PCURVE('',#7409,#7831);
#7831 = DEFINITIONAL_REPRESENTATION('',(#7832),#7836);
#7832 = LINE('',#7833,#7834);
#7833 = CARTESIAN_POINT('',(3.45E-02,0.));
#7834 = VECTOR('',#7835,1.);
#7835 = DIRECTION('',(0.,1.));
#7836 = ( GEOMETRIC_REPRESENTATION_CONTEXT(2) 
PARAMETRIC_REPRESENTATION_CONTEXT() REPRESENTATION_CONTEXT('2D SPACE',''
  ) );
#7837 = PCURVE('',#7496,#7838);
#7838 = DEFINITIONAL_REPRESENTATION('',(#7839),#7843);
#7839 = LINE('',#7840,#7841);
#7840 = CARTESIAN_POINT('',(0.,1.9E-02));
#7841 = VECTOR('',#7842,1.);
#7842 = DIRECTION('',(1.,0.));
#7843 = ( GEOMETRIC_REPRESENTATION_CONTEXT(2) 
PARAMETRIC_REPRESENTATION_CONTEXT() REPRESENTATION_CONTEXT('2D SPACE',''
  ) );
#7844 = ORIENTED_EDGE('',*,*,#7845,.T.);
#7845 = EDGE_CURVE('',#7823,#7846,#7848,.T.);
#7846 = VERTEX_POINT('',#7847);
#7847 = CARTESIAN_POINT('',(2.45E-02,9.5E-03,2.35E-02));
#7848 = SURFACE_CURVE('',#7849,(#7853,#7860),.PCURVE_S1.);
#7849 = LINE('',#7850,#7851);
#7850 = CARTESIAN_POINT('',(2.45E-02,9.5E-03,-2.35E-02));
#7851 = VECTOR('',#7852,1.);
#7852 = DIRECTION('',(0.,0.,1.));
#7853 = PCURVE('',#7409,#7854);
#7854 = DEFINITIONAL_REPRESENTATION('',(#7855),#7859);
#7855 = LINE('',#7856,#7857);
#7856 = CARTESIAN_POINT('',(1.E-02,5.7E-02));
#7857 = VECTOR('',#7858,1.);
#7858 = DIRECTION('',(1.,0.));
#7859 = ( GEOMETRIC_REPRESENTATION_CONTEXT(2) 
PARAMETRIC_REPRESENTATION_CONTEXT() REPRESENTATION_CONTEXT('2D SPACE',''
  ) );
#7860 = PCURVE('',#7524,#7861);
#7861 = DEFINITIONAL_REPRESENTATION('',(#7862),#7866);
#7862 = LINE('',#7863,#7864);
#7863 = CARTESIAN_POINT('',(0.,-1.9E-02));
#7864 = VECTOR('',#7865,1.);
#7865 = DIRECTION('',(1.,0.));
#7866 = ( GEOMETRIC_REPRESENTATION_CONTEXT(2) 
PARAMETRIC_REPRESENTATION_CONTEXT() REPRESENTATION_CONTEXT('2D SPACE',''
  ) );
#7867 = ORIENTED_EDGE('',*,*,#7868,.F.);
#7868 = EDGE_CURVE('',#7869,#7846,#7871,.T.);
#7869 = VERTEX_POINT('',#7870);
#7870 = CARTESIAN_POINT('',(9.5E-03,9.5E-03,2.35E-02));
#7871 = SURFACE_CURVE('',#7872,(#7876,#7883),.PCURVE_S1.);
#7872 = LINE('',#7873,#7874);
#7873 = CARTESIAN_POINT('',(9.5E-03,9.5E-03,2.35E-02));
#7874 = VECTOR('',#7875,1.);
#7875 = DIRECTION('',(1.,0.,-0.));
#7876 = PCURVE('',#7409,#7877);
#7877 = DEFINITIONAL_REPRESENTATION('',(#7878),#7882);
#7878 = LINE('',#7879,#7880);
#7879 = CARTESIAN_POINT('',(5.7E-02,4.2E-02));
#7880 = VECTOR('',#7881,1.);
#7881 = DIRECTION('',(0.,1.));
#7882 = ( GEOMETRIC_REPRESENTATION_CONTEXT(2) 
PARAMETRIC_REPRESENTATION_CONTEXT() REPRESENTATION_CONTEXT('2D SPACE',''
  ) );
#7883 = PCURVE('',#7552,#7884);
#7884 = DEFINITIONAL_REPRESENTATION('',(#7885),#7889);
#7885 = LINE('',#7886,#7887);
#7886 = CARTESIAN_POINT('',(0.,1.9E-02));
#7887 = VECTOR('',#7888,1.);
#7888 = DIRECTION('',(1.,0.));
#7889 = ( GEOMETRIC_REPRESENTATION_CONTEXT(2) 
PARAMETRIC_REPRESENTATION_CONTEXT() REPRESENTATION_CONTEXT('2D SPACE',''
  ) );
#7890 = ORIENTED_EDGE('',*,*,#7891,.F.);
#7891 = EDGE_CURVE('',#7892,#7869,#7894,.T.);
#7892 = VERTEX_POINT('',#7893);
#7893 = CARTESIAN_POINT('',(9.5E-03,9.5E-03,1.E-03));
#7894 = SURFACE_CURVE('',#7895,(#7899,#7906),.PCURVE_S1.);
#7895 = LINE('',#7896,#7897);
#7896 = CARTESIAN_POINT('',(9.5E-03,9.5E-03,-2.35E-02));
#7897 = VECTOR('',#7898,1.);
#7898 = DIRECTION('',(0.,0.,1.));
#7899 = PCURVE('',#7409,#7900);
#7900 = DEFINITIONAL_REPRESENTATION('',(#7901),#7905);
#7901 = LINE('',#7902,#7903);
#7902 = CARTESIAN_POINT('',(1.E-02,4.2E-02));
#7903 = VECTOR('',#7904,1.);
#7904 = DIRECTION('',(1.,0.));
#7905 = ( GEOMETRIC_REPRESENTATION_CONTEXT(2) 
PARAMETRIC_REPRESENTATION_CONTEXT() REPRESENTATION_CONTEXT('2D SPACE',''
  ) );
#7906 = PCURVE('',#7580,#7907);
#7907 = DEFINITIONAL_REPRESENTATION('',(#7908),#7912);
#7908 = LINE('',#7909,#7910);
#7909 = CARTESIAN_POINT('',(0.,-1.9E-02));
#7910 = VECTOR('',#7911,1.);
#7911 = DIRECTION('',(1.,0.));
#7912 = ( GEOMETRIC_REPRESENTATION_CONTEXT(2) 
PARAMETRIC_REPRESENTATION_CONTEXT() REPRESENTATION_CONTEXT('2D SPACE',''
  ) );
#7913 = ORIENTED_EDGE('',*,*,#7914,.F.);
#7914 = EDGE_CURVE('',#7915,#7892,#7917,.T.);
#7915 = VERTEX_POINT('',#7916);
#7916 = CARTESIAN_POINT('',(-9.5E-03,9.5E-03,1.E-03));
#7917 = SURFACE_CURVE('',#7918,(#7922,#7929),.PCURVE_S1.);
#7918 = LINE('',#7919,#7920);
#7919 = CARTESIAN_POINT('',(-3.25E-02,9.5E-03,1.E-03));
#7920 = VECTOR('',#7921,1.);
#7921 = DIRECTION('',(1.,0.,-0.));
#7922 = PCURVE('',#7409,#7923);
#7923 = DEFINITIONAL_REPRESENTATION('',(#7924),#7928);
#7924 = LINE('',#7925,#7926);
#7925 = CARTESIAN_POINT('',(3.45E-02,0.));
#7926 = VECTOR('',#7927,1.);
#7927 = DIRECTION('',(0.,1.));
#7928 = ( GEOMETRIC_REPRESENTATION_CONTEXT(2) 
PARAMETRIC_REPRESENTATION_CONTEXT() REPRESENTATION_CONTEXT('2D SPACE',''
  ) );
#7929 = PCURVE('',#7608,#7930);
#7930 = DEFINITIONAL_REPRESENTATION('',(#7931),#7935);
#7931 = LINE('',#7932,#7933);
#7932 = CARTESIAN_POINT('',(0.,1.9E-02));
#7933 = VECTOR('',#7934,1.);
#7934 = DIRECTION('',(1.,0.));
#7935 = ( GEOMETRIC_REPRESENTATION_CONTEXT(2) 
PARAMETRIC_REPRESENTATION_CONTEXT() REPRESENTATION_CONTEXT('2D SPACE',''
  ) );
#7936 = ORIENTED_EDGE('',*,*,#7937,.T.);
#7937 = EDGE_CURVE('',#7915,#7938,#7940,.T.);
#7938 = VERTEX_POINT('',#7939);
#7939 = CARTESIAN_POINT('',(-9.5E-03,9.5E-03,2.35E-02));
#7940 = SURFACE_CURVE('',#7941,(#7945,#7952),.PCURVE_S1.);
#7941 = LINE('',#7942,#7943);
#7942 = CARTESIAN_POINT('',(-9.5E-03,9.5E-03,-2.35E-02));
#7943 = VECTOR('',#7944,1.);
#7944 = DIRECTION('',(0.,0.,1.));
#7945 = PCURVE('',#7409,#7946);
#7946 = DEFINITIONAL_REPRESENTATION('',(#7947),#7951);
#7947 = LINE('',#7948,#7949);
#7948 = CARTESIAN_POINT('',(1.E-02,2.3E-02));
#7949 = VECTOR('',#7950,1.);
#7950 = DIRECTION('',(1.,0.));
#7951 = ( GEOMETRIC_REPRESENTATION_CONTEXT(2) 
PARAMETRIC_REPRESENTATION_CONTEXT() REPRESENTATION_CONTEXT('2D SPACE',''
  ) );
#7952 = PCURVE('',#7636,#7953);
#7953 = DEFINITIONAL_REPRESENTATION('',(#7954),#7958);
#7954 = LINE('',#7955,#7956);
#7955 = CARTESIAN_POINT('',(0.,-1.9E-02));
#7956 = VECTOR('',#7957,1.);
#7957 = DIRECTION('',(1.,0.));
#7958 = ( GEOMETRIC_REPRESENTATION_CONTEXT(2) 
PARAMETRIC_REPRESENTATION_CONTEXT() REPRESENTATION_CONTEXT('2D SPACE',''
  ) );
#7959 = ORIENTED_EDGE('',*,*,#7960,.F.);
#7960 = EDGE_CURVE('',#7961,#7938,#7963,.T.);
#7961 = VERTEX_POINT('',#7962);
#7962 = CARTESIAN_POINT('',(-2.45E-02,9.5E-03,2.35E-02));
#7963 = SURFACE_CURVE('',#7964,(#7968,#7975),.PCURVE_S1.);
#7964 = LINE('',#7965,#7966);
#7965 = CARTESIAN_POINT('',(-2.45E-02,9.5E-03,2.35E-02));
#7966 = VECTOR('',#7967,1.);
#7967 = DIRECTION('',(1.,0.,-0.));
#7968 = PCURVE('',#7409,#7969);
#7969 = DEFINITIONAL_REPRESENTATION('',(#7970),#7974);
#7970 = LINE('',#7971,#7972);
#7971 = CARTESIAN_POINT('',(5.7E-02,8.E-03));
#7972 = VECTOR('',#7973,1.);
#7973 = DIRECTION('',(0.,1.));
#7974 = ( GEOMETRIC_REPRESENTATION_CONTEXT(2) 
PARAMETRIC_REPRESENTATION_CONTEXT() REPRESENTATION_CONTEXT('2D SPACE',''
  ) );
#7975 = PCURVE('',#7664,#7976);
#7976 = DEFINITIONAL_REPRESENTATION('',(#7977),#7981);
#7977 = LINE('',#7978,#7979);
#7978 = CARTESIAN_POINT('',(0.,1.9E-02));
#7979 = VECTOR('',#7980,1.);
#7980 = DIRECTION('',(1.,0.));
#7981 = ( GEOMETRIC_REPRESENTATION_CONTEXT(2) 
PARAMETRIC_REPRESENTATION_CONTEXT() REPRESENTATION_CONTEXT('2D SPACE',''
  ) );
#7982 = ORIENTED_EDGE('',*,*,#7983,.F.);
#7983 = EDGE_CURVE('',#7984,#7961,#7986,.T.);
#7984 = VERTEX_POINT('',#7985);
#7985 = CARTESIAN_POINT('',(-2.45E-02,9.5E-03,1.E-03));
#7986 = SURFACE_CURVE('',#7987,(#7991,#7998),.PCURVE_S1.);
#7987 = LINE('',#7988,#7989);
#7988 = CARTESIAN_POINT('',(-2.45E-02,9.5E-03,-2.35E-02));
#7989 = VECTOR('',#7990,1.);
#7990 = DIRECTION('',(0.,0.,1.));
#7991 = PCURVE('',#7409,#7992);
#7992 = DEFINITIONAL_REPRESENTATION('',(#7993),#7997);
#7993 = LINE('',#7994,#7995);
#7994 = CARTESIAN_POINT('',(1.E-02,8.E-03));
#7995 = VECTOR('',#7996,1.);
#7996 = DIRECTION('',(1.,0.));
#7997 = ( GEOMETRIC_REPRESENTATION_CONTEXT(2) 
PARAMETRIC_REPRESENTATION_CONTEXT() REPRESENTATION_CONTEXT('2D SPACE',''
  ) );
#7998 = PCURVE('',#7692,#7999);
#7999 = DEFINITIONAL_REPRESENTATION('',(#8000),#8004);
#8000 = LINE('',#8001,#8002);
#8001 = CARTESIAN_POINT('',(0.,-1.9E-02));
#8002 = VECTOR('',#8003,1.);
#8003 = DIRECTION('',(1.,0.));
#8004 = ( GEOMETRIC_REPRESENTATION_CONTEXT(2) 
PARAMETRIC_REPRESENTATION_CONTEXT() REPRESENTATION_CONTEXT('2D SPACE',''
  ) );
#8005 = ORIENTED_EDGE('',*,*,#8006,.F.);
#8006 = EDGE_CURVE('',#7366,#7984,#8007,.T.);
#8007 = SURFACE_CURVE('',#8008,(#8012,#8019),.PCURVE_S1.);
#8008 = LINE('',#8009,#8010);
#8009 = CARTESIAN_POINT('',(-3.25E-02,9.5E-03,1.E-03));
#8010 = VECTOR('',#8011,1.);
#8011 = DIRECTION('',(1.,0.,-0.));
#8012 = PCURVE('',#7409,#8013);
#8013 = DEFINITIONAL_REPRESENTATION('',(#8014),#8018);
#8014 = LINE('',#8015,#8016);
#8015 = CARTESIAN_POINT('',(3.45E-02,0.));
#8016 = VECTOR('',#8017,1.);
#8017 = DIRECTION('',(0.,1.));
#8018 = ( GEOMETRIC_REPRESENTATION_CONTEXT(2) 
PARAMETRIC_REPRESENTATION_CONTEXT() REPRESENTATION_CONTEXT('2D SPACE',''
  ) );
#8019 = PCURVE('',#7381,#8020);
#8020 = DEFINITIONAL_REPRESENTATION('',(#8021),#8025);
#8021 = LINE('',#8022,#8023);
#8022 = CARTESIAN_POINT('',(0.,1.9E-02));
#8023 = VECTOR('',#8024,1.);
#8024 = DIRECTION('',(1.,0.));
#8025 = ( GEOMETRIC_REPRESENTATION_CONTEXT(2) 
PARAMETRIC_REPRESENTATION_CONTEXT() REPRESENTATION_CONTEXT('2D SPACE',''
  ) );
#8026 = ORIENTED_EDGE('',*,*,#7393,.T.);
#8027 = ORIENTED_EDGE('',*,*,#7775,.T.);
#8028 = ADVANCED_FACE('',(#8029),#7381,.F.);
#8029 = FACE_BOUND('',#8030,.F.);
#8030 = EDGE_LOOP('',(#8031,#8032,#8033,#8034));
#8031 = ORIENTED_EDGE('',*,*,#8006,.F.);
#8032 = ORIENTED_EDGE('',*,*,#7365,.F.);
#8033 = ORIENTED_EDGE('',*,*,#7704,.T.);
#8034 = ORIENTED_EDGE('',*,*,#8035,.F.);
#8035 = EDGE_CURVE('',#7984,#7677,#8036,.T.);
#8036 = SURFACE_CURVE('',#8037,(#8041,#8047),.PCURVE_S1.);
#8037 = LINE('',#8038,#8039);
#8038 = CARTESIAN_POINT('',(-2.45E-02,-9.5E-03,1.E-03));
#8039 = VECTOR('',#8040,1.);
#8040 = DIRECTION('',(0.,-1.,0.));
#8041 = PCURVE('',#7381,#8042);
#8042 = DEFINITIONAL_REPRESENTATION('',(#8043),#8046);
#8043 = B_SPLINE_CURVE_WITH_KNOTS('',1,(#8044,#8045),.UNSPECIFIED.,.F.,
  .F.,(2,2),(-1.9E-02,0.),.PIECEWISE_BEZIER_KNOTS.);
#8044 = CARTESIAN_POINT('',(8.E-03,1.9E-02));
#8045 = CARTESIAN_POINT('',(8.E-03,0.));
#8046 = ( GEOMETRIC_REPRESENTATION_CONTEXT(2) 
PARAMETRIC_REPRESENTATION_CONTEXT() REPRESENTATION_CONTEXT('2D SPACE',''
  ) );
#8047 = PCURVE('',#7692,#8048);
#8048 = DEFINITIONAL_REPRESENTATION('',(#8049),#8052);
#8049 = B_SPLINE_CURVE_WITH_KNOTS('',1,(#8050,#8051),.UNSPECIFIED.,.F.,
  .F.,(2,2),(-1.9E-02,0.),.PIECEWISE_BEZIER_KNOTS.);
#8050 = CARTESIAN_POINT('',(2.45E-02,-1.9E-02));
#8051 = CARTESIAN_POINT('',(2.45E-02,0.));
#8052 = ( GEOMETRIC_REPRESENTATION_CONTEXT(2) 
PARAMETRIC_REPRESENTATION_CONTEXT() REPRESENTATION_CONTEXT('2D SPACE',''
  ) );
#8053 = ADVANCED_FACE('',(#8054),#7468,.T.);
#8054 = FACE_BOUND('',#8055,.T.);
#8055 = EDGE_LOOP('',(#8056,#8057,#8078,#8079));
#8056 = ORIENTED_EDGE('',*,*,#7450,.F.);
#8057 = ORIENTED_EDGE('',*,*,#8058,.T.);
#8058 = EDGE_CURVE('',#7451,#7800,#8059,.T.);
#8059 = SURFACE_CURVE('',#8060,(#8064,#8071),.PCURVE_S1.);
#8060 = LINE('',#8061,#8062);
#8061 = CARTESIAN_POINT('',(3.25E-02,-9.5E-03,1.E-03));
#8062 = VECTOR('',#8063,1.);
#8063 = DIRECTION('',(-0.,1.,0.));
#8064 = PCURVE('',#7468,#8065);
#8065 = DEFINITIONAL_REPRESENTATION('',(#8066),#8070);
#8066 = LINE('',#8067,#8068);
#8067 = CARTESIAN_POINT('',(3.45E-02,0.));
#8068 = VECTOR('',#8069,1.);
#8069 = DIRECTION('',(0.,-1.));
#8070 = ( GEOMETRIC_REPRESENTATION_CONTEXT(2) 
PARAMETRIC_REPRESENTATION_CONTEXT() REPRESENTATION_CONTEXT('2D SPACE',''
  ) );
#8071 = PCURVE('',#7496,#8072);
#8072 = DEFINITIONAL_REPRESENTATION('',(#8073),#8077);
#8073 = LINE('',#8074,#8075);
#8074 = CARTESIAN_POINT('',(6.5E-02,0.));
#8075 = VECTOR('',#8076,1.);
#8076 = DIRECTION('',(0.,1.));
#8077 = ( GEOMETRIC_REPRESENTATION_CONTEXT(2) 
PARAMETRIC_REPRESENTATION_CONTEXT() REPRESENTATION_CONTEXT('2D SPACE',''
  ) );
#8078 = ORIENTED_EDGE('',*,*,#7799,.T.);
#8079 = ORIENTED_EDGE('',*,*,#7752,.F.);
#8080 = ADVANCED_FACE('',(#8081),#7692,.T.);
#8081 = FACE_BOUND('',#8082,.T.);
#8082 = EDGE_LOOP('',(#8083,#8084,#8085,#8086));
#8083 = ORIENTED_EDGE('',*,*,#7676,.F.);
#8084 = ORIENTED_EDGE('',*,*,#8035,.F.);
#8085 = ORIENTED_EDGE('',*,*,#7983,.T.);
#8086 = ORIENTED_EDGE('',*,*,#8087,.F.);
#8087 = EDGE_CURVE('',#7649,#7961,#8088,.T.);
#8088 = SURFACE_CURVE('',#8089,(#8093,#8100),.PCURVE_S1.);
#8089 = LINE('',#8090,#8091);
#8090 = CARTESIAN_POINT('',(-2.45E-02,-9.5E-03,2.35E-02));
#8091 = VECTOR('',#8092,1.);
#8092 = DIRECTION('',(-0.,1.,0.));
#8093 = PCURVE('',#7692,#8094);
#8094 = DEFINITIONAL_REPRESENTATION('',(#8095),#8099);
#8095 = LINE('',#8096,#8097);
#8096 = CARTESIAN_POINT('',(4.7E-02,0.));
#8097 = VECTOR('',#8098,1.);
#8098 = DIRECTION('',(0.,-1.));
#8099 = ( GEOMETRIC_REPRESENTATION_CONTEXT(2) 
PARAMETRIC_REPRESENTATION_CONTEXT() REPRESENTATION_CONTEXT('2D SPACE',''
  ) );
#8100 = PCURVE('',#7664,#8101);
#8101 = DEFINITIONAL_REPRESENTATION('',(#8102),#8106);
#8102 = LINE('',#8103,#8104);
#8103 = CARTESIAN_POINT('',(0.,0.));
#8104 = VECTOR('',#8105,1.);
#8105 = DIRECTION('',(0.,1.));
#8106 = ( GEOMETRIC_REPRESENTATION_CONTEXT(2) 
PARAMETRIC_REPRESENTATION_CONTEXT() REPRESENTATION_CONTEXT('2D SPACE',''
  ) );
#8107 = ADVANCED_FACE('',(#8108),#7664,.F.);
#8108 = FACE_BOUND('',#8109,.F.);
#8109 = EDGE_LOOP('',(#8110,#8111,#8112,#8133));
#8110 = ORIENTED_EDGE('',*,*,#8087,.F.);
#8111 = ORIENTED_EDGE('',*,*,#7648,.T.);
#8112 = ORIENTED_EDGE('',*,*,#8113,.T.);
#8113 = EDGE_CURVE('',#7621,#7938,#8114,.T.);
#8114 = SURFACE_CURVE('',#8115,(#8119,#8126),.PCURVE_S1.);
#8115 = LINE('',#8116,#8117);
#8116 = CARTESIAN_POINT('',(-9.5E-03,-9.5E-03,2.35E-02));
#8117 = VECTOR('',#8118,1.);
#8118 = DIRECTION('',(-0.,1.,0.));
#8119 = PCURVE('',#7664,#8120);
#8120 = DEFINITIONAL_REPRESENTATION('',(#8121),#8125);
#8121 = LINE('',#8122,#8123);
#8122 = CARTESIAN_POINT('',(1.5E-02,0.));
#8123 = VECTOR('',#8124,1.);
#8124 = DIRECTION('',(0.,1.));
#8125 = ( GEOMETRIC_REPRESENTATION_CONTEXT(2) 
PARAMETRIC_REPRESENTATION_CONTEXT() REPRESENTATION_CONTEXT('2D SPACE',''
  ) );
#8126 = PCURVE('',#7636,#8127);
#8127 = DEFINITIONAL_REPRESENTATION('',(#8128),#8132);
#8128 = LINE('',#8129,#8130);
#8129 = CARTESIAN_POINT('',(4.7E-02,0.));
#8130 = VECTOR('',#8131,1.);
#8131 = DIRECTION('',(0.,-1.));
#8132 = ( GEOMETRIC_REPRESENTATION_CONTEXT(2) 
PARAMETRIC_REPRESENTATION_CONTEXT() REPRESENTATION_CONTEXT('2D SPACE',''
  ) );
#8133 = ORIENTED_EDGE('',*,*,#7960,.F.);
#8134 = ADVANCED_FACE('',(#8135),#7636,.F.);
#8135 = FACE_BOUND('',#8136,.F.);
#8136 = EDGE_LOOP('',(#8137,#8138,#8157,#8158));
#8137 = ORIENTED_EDGE('',*,*,#7620,.F.);
#8138 = ORIENTED_EDGE('',*,*,#8139,.F.);
#8139 = EDGE_CURVE('',#7915,#7593,#8140,.T.);
#8140 = SURFACE_CURVE('',#8141,(#8145,#8151),.PCURVE_S1.);
#8141 = LINE('',#8142,#8143);
#8142 = CARTESIAN_POINT('',(-9.5E-03,-9.5E-03,1.E-03));
#8143 = VECTOR('',#8144,1.);
#8144 = DIRECTION('',(0.,-1.,0.));
#8145 = PCURVE('',#7636,#8146);
#8146 = DEFINITIONAL_REPRESENTATION('',(#8147),#8150);
#8147 = B_SPLINE_CURVE_WITH_KNOTS('',1,(#8148,#8149),.UNSPECIFIED.,.F.,
  .F.,(2,2),(-1.9E-02,0.),.PIECEWISE_BEZIER_KNOTS.);
#8148 = CARTESIAN_POINT('',(2.45E-02,-1.9E-02));
#8149 = CARTESIAN_POINT('',(2.45E-02,0.));
#8150 = ( GEOMETRIC_REPRESENTATION_CONTEXT(2) 
PARAMETRIC_REPRESENTATION_CONTEXT() REPRESENTATION_CONTEXT('2D SPACE',''
  ) );
#8151 = PCURVE('',#7608,#8152);
#8152 = DEFINITIONAL_REPRESENTATION('',(#8153),#8156);
#8153 = B_SPLINE_CURVE_WITH_KNOTS('',1,(#8154,#8155),.UNSPECIFIED.,.F.,
  .F.,(2,2),(-1.9E-02,0.),.PIECEWISE_BEZIER_KNOTS.);
#8154 = CARTESIAN_POINT('',(2.3E-02,1.9E-02));
#8155 = CARTESIAN_POINT('',(2.3E-02,0.));
#8156 = ( GEOMETRIC_REPRESENTATION_CONTEXT(2) 
PARAMETRIC_REPRESENTATION_CONTEXT() REPRESENTATION_CONTEXT('2D SPACE',''
  ) );
#8157 = ORIENTED_EDGE('',*,*,#7937,.T.);
#8158 = ORIENTED_EDGE('',*,*,#8113,.F.);
#8159 = ADVANCED_FACE('',(#8160),#7608,.F.);
#8160 = FACE_BOUND('',#8161,.F.);
#8161 = EDGE_LOOP('',(#8162,#8163,#8164,#8165));
#8162 = ORIENTED_EDGE('',*,*,#7914,.F.);
#8163 = ORIENTED_EDGE('',*,*,#8139,.T.);
#8164 = ORIENTED_EDGE('',*,*,#7592,.T.);
#8165 = ORIENTED_EDGE('',*,*,#8166,.F.);
#8166 = EDGE_CURVE('',#7892,#7565,#8167,.T.);
#8167 = SURFACE_CURVE('',#8168,(#8172,#8178),.PCURVE_S1.);
#8168 = LINE('',#8169,#8170);
#8169 = CARTESIAN_POINT('',(9.5E-03,-9.5E-03,1.E-03));
#8170 = VECTOR('',#8171,1.);
#8171 = DIRECTION('',(0.,-1.,0.));
#8172 = PCURVE('',#7608,#8173);
#8173 = DEFINITIONAL_REPRESENTATION('',(#8174),#8177);
#8174 = B_SPLINE_CURVE_WITH_KNOTS('',1,(#8175,#8176),.UNSPECIFIED.,.F.,
  .F.,(2,2),(-1.9E-02,0.),.PIECEWISE_BEZIER_KNOTS.);
#8175 = CARTESIAN_POINT('',(4.2E-02,1.9E-02));
#8176 = CARTESIAN_POINT('',(4.2E-02,0.));
#8177 = ( GEOMETRIC_REPRESENTATION_CONTEXT(2) 
PARAMETRIC_REPRESENTATION_CONTEXT() REPRESENTATION_CONTEXT('2D SPACE',''
  ) );
#8178 = PCURVE('',#7580,#8179);
#8179 = DEFINITIONAL_REPRESENTATION('',(#8180),#8183);
#8180 = B_SPLINE_CURVE_WITH_KNOTS('',1,(#8181,#8182),.UNSPECIFIED.,.F.,
  .F.,(2,2),(-1.9E-02,0.),.PIECEWISE_BEZIER_KNOTS.);
#8181 = CARTESIAN_POINT('',(2.45E-02,-1.9E-02));
#8182 = CARTESIAN_POINT('',(2.45E-02,0.));
#8183 = ( GEOMETRIC_REPRESENTATION_CONTEXT(2) 
PARAMETRIC_REPRESENTATION_CONTEXT() REPRESENTATION_CONTEXT('2D SPACE',''
  ) );
#8184 = ADVANCED_FACE('',(#8185),#7580,.T.);
#8185 = FACE_BOUND('',#8186,.T.);
#8186 = EDGE_LOOP('',(#8187,#8188,#8189,#8190));
#8187 = ORIENTED_EDGE('',*,*,#7564,.F.);
#8188 = ORIENTED_EDGE('',*,*,#8166,.F.);
#8189 = ORIENTED_EDGE('',*,*,#7891,.T.);
#8190 = ORIENTED_EDGE('',*,*,#8191,.F.);
#8191 = EDGE_CURVE('',#7537,#7869,#8192,.T.);
#8192 = SURFACE_CURVE('',#8193,(#8197,#8204),.PCURVE_S1.);
#8193 = LINE('',#8194,#8195);
#8194 = CARTESIAN_POINT('',(9.5E-03,-9.5E-03,2.35E-02));
#8195 = VECTOR('',#8196,1.);
#8196 = DIRECTION('',(-0.,1.,0.));
#8197 = PCURVE('',#7580,#8198);
#8198 = DEFINITIONAL_REPRESENTATION('',(#8199),#8203);
#8199 = LINE('',#8200,#8201);
#8200 = CARTESIAN_POINT('',(4.7E-02,0.));
#8201 = VECTOR('',#8202,1.);
#8202 = DIRECTION('',(0.,-1.));
#8203 = ( GEOMETRIC_REPRESENTATION_CONTEXT(2) 
PARAMETRIC_REPRESENTATION_CONTEXT() REPRESENTATION_CONTEXT('2D SPACE',''
  ) );
#8204 = PCURVE('',#7552,#8205);
#8205 = DEFINITIONAL_REPRESENTATION('',(#8206),#8210);
#8206 = LINE('',#8207,#8208);
#8207 = CARTESIAN_POINT('',(0.,0.));
#8208 = VECTOR('',#8209,1.);
#8209 = DIRECTION('',(0.,1.));
#8210 = ( GEOMETRIC_REPRESENTATION_CONTEXT(2) 
PARAMETRIC_REPRESENTATION_CONTEXT() REPRESENTATION_CONTEXT('2D SPACE',''
  ) );
#8211 = ADVANCED_FACE('',(#8212),#7552,.F.);
#8212 = FACE_BOUND('',#8213,.F.);
#8213 = EDGE_LOOP('',(#8214,#8215,#8216,#8237));
#8214 = ORIENTED_EDGE('',*,*,#8191,.F.);
#8215 = ORIENTED_EDGE('',*,*,#7536,.T.);
#8216 = ORIENTED_EDGE('',*,*,#8217,.T.);
#8217 = EDGE_CURVE('',#7509,#7846,#8218,.T.);
#8218 = SURFACE_CURVE('',#8219,(#8223,#8230),.PCURVE_S1.);
#8219 = LINE('',#8220,#8221);
#8220 = CARTESIAN_POINT('',(2.45E-02,-9.5E-03,2.35E-02));
#8221 = VECTOR('',#8222,1.);
#8222 = DIRECTION('',(-0.,1.,0.));
#8223 = PCURVE('',#7552,#8224);
#8224 = DEFINITIONAL_REPRESENTATION('',(#8225),#8229);
#8225 = LINE('',#8226,#8227);
#8226 = CARTESIAN_POINT('',(1.5E-02,0.));
#8227 = VECTOR('',#8228,1.);
#8228 = DIRECTION('',(0.,1.));
#8229 = ( GEOMETRIC_REPRESENTATION_CONTEXT(2) 
PARAMETRIC_REPRESENTATION_CONTEXT() REPRESENTATION_CONTEXT('2D SPACE',''
  ) );
#8230 = PCURVE('',#7524,#8231);
#8231 = DEFINITIONAL_REPRESENTATION('',(#8232),#8236);
#8232 = LINE('',#8233,#8234);
#8233 = CARTESIAN_POINT('',(4.7E-02,0.));
#8234 = VECTOR('',#8235,1.);
#8235 = DIRECTION('',(0.,-1.));
#8236 = ( GEOMETRIC_REPRESENTATION_CONTEXT(2) 
PARAMETRIC_REPRESENTATION_CONTEXT() REPRESENTATION_CONTEXT('2D SPACE',''
  ) );
#8237 = ORIENTED_EDGE('',*,*,#7868,.F.);
#8238 = ADVANCED_FACE('',(#8239),#7524,.F.);
#8239 = FACE_BOUND('',#8240,.F.);
#8240 = EDGE_LOOP('',(#8241,#8242,#8261,#8262));
#8241 = ORIENTED_EDGE('',*,*,#7508,.F.);
#8242 = ORIENTED_EDGE('',*,*,#8243,.F.);
#8243 = EDGE_CURVE('',#7823,#7481,#8244,.T.);
#8244 = SURFACE_CURVE('',#8245,(#8249,#8255),.PCURVE_S1.);
#8245 = LINE('',#8246,#8247);
#8246 = CARTESIAN_POINT('',(2.45E-02,-9.5E-03,1.E-03));
#8247 = VECTOR('',#8248,1.);
#8248 = DIRECTION('',(0.,-1.,0.));
#8249 = PCURVE('',#7524,#8250);
#8250 = DEFINITIONAL_REPRESENTATION('',(#8251),#8254);
#8251 = B_SPLINE_CURVE_WITH_KNOTS('',1,(#8252,#8253),.UNSPECIFIED.,.F.,
  .F.,(2,2),(-1.9E-02,0.),.PIECEWISE_BEZIER_KNOTS.);
#8252 = CARTESIAN_POINT('',(2.45E-02,-1.9E-02));
#8253 = CARTESIAN_POINT('',(2.45E-02,0.));
#8254 = ( GEOMETRIC_REPRESENTATION_CONTEXT(2) 
PARAMETRIC_REPRESENTATION_CONTEXT() REPRESENTATION_CONTEXT('2D SPACE',''
  ) );
#8255 = PCURVE('',#7496,#8256);
#8256 = DEFINITIONAL_REPRESENTATION('',(#8257),#8260);
#8257 = B_SPLINE_CURVE_WITH_KNOTS('',1,(#8258,#8259),.UNSPECIFIED.,.F.,
  .F.,(2,2),(-1.9E-02,0.),.PIECEWISE_BEZIER_KNOTS.);
#8258 = CARTESIAN_POINT('',(5.7E-02,1.9E-02));
#8259 = CARTESIAN_POINT('',(5.7E-02,0.));
#8260 = ( GEOMETRIC_REPRESENTATION_CONTEXT(2) 
PARAMETRIC_REPRESENTATION_CONTEXT() REPRESENTATION_CONTEXT('2D SPACE',''
  ) );
#8261 = ORIENTED_EDGE('',*,*,#7845,.T.);
#8262 = ORIENTED_EDGE('',*,*,#8217,.F.);
#8263 = ADVANCED_FACE('',(#8264),#7496,.F.);
#8264 = FACE_BOUND('',#8265,.F.);
#8265 = EDGE_LOOP('',(#8266,#8267,#8268,#8269));
#8266 = ORIENTED_EDGE('',*,*,#7822,.F.);
#8267 = ORIENTED_EDGE('',*,*,#8243,.T.);
#8268 = ORIENTED_EDGE('',*,*,#7480,.T.);
#8269 = ORIENTED_EDGE('',*,*,#8058,.T.);
#8270 = ( GEOMETRIC_REPRESENTATION_CONTEXT(3) 
GLOBAL_UNCERTAINTY_ASSIGNED_CONTEXT((#8274)) 
GLOBAL_UNIT_ASSIGNED_CONTEXT((#8271,#8272,#8273)) REPRESENTATION_CONTEXT
('Context #1','3D Context with UNIT and UNCERTAINTY') );
#8271 = ( LENGTH_UNIT() NAMED_UNIT(*) SI_UNIT(.MILLI.,.METRE.) );
#8272 = ( NAMED_UNIT(*) PLANE_ANGLE_UNIT() SI_UNIT($,.RADIAN.) );
#8273 = ( NAMED_UNIT(*) SI_UNIT($,.STERADIAN.) SOLID_ANGLE_UNIT() );
#8274 = UNCERTAINTY_MEASURE_WITH_UNIT(LENGTH_MEASURE(1.E-06),#8271,
  'distance_accuracy_value','confusion accuracy');
#8275 = CONTEXT_DEPENDENT_SHAPE_REPRESENTATION(#8276,#8278);
#8276 = ( REPRESENTATION_RELATIONSHIP('','',#4029,#10) 
REPRESENTATION_RELATIONSHIP_WITH_TRANSFORMATION(#8277) 
SHAPE_REPRESENTATION_RELATIONSHIP() );
#8277 = ITEM_DEFINED_TRANSFORMATION('','',#11,#27);
#8278 = PRODUCT_DEFINITION_SHAPE('Placement','Placement of an item',
  #8279);
#8279 = NEXT_ASSEMBLY_USAGE_OCCURRENCE('4','','',#5,#4024,$);
#8280 = PRODUCT_RELATED_PRODUCT_CATEGORY('part',$,(#4026));
#8281 = SHAPE_DEFINITION_REPRESENTATION(#8282,#8288);
#8282 = PRODUCT_DEFINITION_SHAPE('','',#8283);
#8283 = PRODUCT_DEFINITION('design','',#8284,#8287);
#8284 = PRODUCT_DEFINITION_FORMATION('','',#8285);
#8285 = PRODUCT('Open CASCADE STEP translator 7.6 1.5',
  'Open CASCADE STEP translator 7.6 1.5','',(#8286));
#8286 = PRODUCT_CONTEXT('',#2,'mechanical');
#8287 = PRODUCT_DEFINITION_CONTEXT('part definition',#2,'design');
#8288 = GEOMETRICALLY_BOUNDED_WIREFRAME_SHAPE_REPRESENTATION('',(#11,
    #8289),#8295);
#8289 = GEOMETRIC_CURVE_SET('',(#8290,#8291,#8292,#8293,#8294));
#8290 = CARTESIAN_POINT('',(1.656E-02,-8.864E-03,0.));
#8291 = CARTESIAN_POINT('',(1.656E-02,-3.650427178898E-17,3.528E-02));
#8292 = CARTESIAN_POINT('',(2.216E-02,-5.427634613821E-18,3.92E-02));
#8293 = CARTESIAN_POINT('',(-2.216E-02,-0.,1.96E-03));
#8294 = CARTESIAN_POINT('',(1.836E-02,-4.432E-02,0.));
#8295 = ( GEOMETRIC_REPRESENTATION_CONTEXT(3) 
GLOBAL_UNCERTAINTY_ASSIGNED_CONTEXT((#8299)) 
GLOBAL_UNIT_ASSIGNED_CONTEXT((#8296,#8297,#8298)) REPRESENTATION_CONTEXT
('Context #1','3D Context with UNIT and UNCERTAINTY') );
#8296 = ( LENGTH_UNIT() NAMED_UNIT(*) SI_UNIT(.MILLI.,.METRE.) );
#8297 = ( NAMED_UNIT(*) PLANE_ANGLE_UNIT() SI_UNIT($,.RADIAN.) );
#8298 = ( NAMED_UNIT(*) SI_UNIT($,.STERADIAN.) SOLID_ANGLE_UNIT() );
#8299 = UNCERTAINTY_MEASURE_WITH_UNIT(LENGTH_MEASURE(1.E-07),#8296,
  'distance_accuracy_value','confusion accuracy');
#8300 = CONTEXT_DEPENDENT_SHAPE_REPRESENTATION(#8301,#8303);
#8301 = ( REPRESENTATION_RELATIONSHIP('','',#8288,#10) 
REPRESENTATION_RELATIONSHIP_WITH_TRANSFORMATION(#8302) 
SHAPE_REPRESENTATION_RELATIONSHIP() );
#8302 = ITEM_DEFINED_TRANSFORMATION('','',#11,#31);
#8303 = PRODUCT_DEFINITION_SHAPE('Placement','Placement of an item',
  #8304);
#8304 = NEXT_ASSEMBLY_USAGE_OCCURRENCE('5','','',#5,#8283,$);
#8305 = PRODUCT_RELATED_PRODUCT_CATEGORY('part',$,(#8285));
ENDSEC;
END-ISO-10303-21;
